text,label,syndrome_category
"For the past few days I've had swollen eye, acne or pimples, abnormal appearing skin, skin moles and skin irritation. It got worse overnight.",contact dermatitis,Dermatological
"I came in because of vomiting, sharp abdominal pain, nausea, burning abdominal pain, diarrhea, regurgitation.1, fever and headache. This has lasted about a week.",gastritis,Gastrointestinal
"Complaining of lower body pain, blood in stool, changes in stool appearance, pain of the anus, itching of the anus, melena and constipation. It comes and goes.",hemorrhoids,Gastrointestinal
"Since yesterday I've noticed shortness of breath, palpitations and lower body pain.",pericarditis,Musculoskeletal/Other
"Lately I keep having anxiety and nervousness, excessive anger, temper problems, depression, delusions or hallucinations, drug abuse, depressive or psychotic symptoms and fears and phobias. This has lasted about a week.",marijuana abuse,Musculoskeletal/Other
"For the past few days I've had difficulty in swallowing, burning abdominal pain, chest tightness and cough. It comes and goes.",gastroesophageal reflux disease (gerd),Gastrointestinal
"I have skin moles, itching of skin, skin dryness, peeling, scaliness, or roughness, skin swelling, warts, irregular appearing scalp, skin rash and abnormal appearing skin.",skin pigmentation disorder,Dermatological
"Patient reports dizziness, upper abdominal pain, difficulty in swallowing, regurgitation and regurgitation.1. It got worse overnight.",hiatal hernia,Gastrointestinal
"Chief complaint: abusing alcohol, anxiety and nervousness, hostile behavior, antisocial behavior, smoking problems and depression. It got worse overnight.",drug abuse,Musculoskeletal/Other
"Patient reports insomnia, fatigue, shortness of breath, weight gain and abnormal breathing sounds. It comes and goes.",obstructive sleep apnea (osa),Respiratory
"Since yesterday I've noticed difficulty in swallowing, cough, nasal congestion, sore throat and apnea.",tonsillar hypertrophy,Respiratory
"I came in because of upper abdominal pain, back pain, regurgitation, regurgitation.1, sharp abdominal pain, sharp chest pain and dizziness. It got worse overnight.",hiatal hernia,Gastrointestinal
"Lately I keep having arm stiffness or tightness, shoulder pain, shoulder stiffness or tightness, elbow swelling, wrist swelling and wrist pain. It started two days ago.",fracture of the arm,Musculoskeletal/Other
"I feel unwell, with cough, hemoptysis, side pain, weakness, shortness of breath, leg pain and sweating.",pulmonary embolism,Respiratory
"Patient reports wheezing, shortness of breath, chills, chest tightness and depressive or psychotic symptoms.",acute respiratory distress syndrome (ards),Respiratory
"I have constipation, diarrhea, blood in stool, sharp abdominal pain, itching of the anus, cramps and spasms and rectal bleeding. It got worse overnight.",rectal disorder,Gastrointestinal
"I came in because of fluid retention, burning abdominal pain, nausea, fever, vomiting, diarrhea, flu-like syndrome and chills.",infectious gastroenteritis,Febrile/Systemic
"I have mass or swelling around the anus, lower body pain and rectal bleeding. It comes and goes.",hemorrhoids,Gastrointestinal
"Lately I keep having insomnia, upper abdominal pain, sharp abdominal pain, flatulence and burning abdominal pain. It comes and goes.",irritable bowel syndrome,Gastrointestinal
"Complaining of stomach bloating, regurgitation.1, side pain, upper abdominal pain, vomiting, symptoms of the kidneys and burning abdominal pain.",cholecystitis,Gastrointestinal
"I came in because of shortness of breath, fever and nasal congestion. It got worse overnight.",pulmonary congestion,Respiratory
"I have chills, rectal bleeding, fluid retention, nausea, sharp abdominal pain and decreased appetite. It got worse overnight.",noninfectious gastroenteritis,Febrile/Systemic
"For the past few days I've had weight gain, abnormal involuntary movements, mouth dryness and sleepiness.",obstructive sleep apnea (osa),Respiratory
"The symptoms are melena, itching of the anus, pain of the anus, lower body pain, rectal bleeding and constipation. It started two days ago.",hemorrhoids,Gastrointestinal
"My main problems are changes in stool appearance, mass or swelling around the anus, pain of the anus and constipation. It started two days ago.",hemorrhoids,Gastrointestinal
"Since yesterday I've noticed constipation, nausea, retention of urine, lower abdominal pain and sharp abdominal pain.",chronic constipation,Gastrointestinal
"Complaining of vomiting, diarrhea, headache and fever. It comes and goes.",gastritis,Gastrointestinal
"Chief complaint: nasal congestion, excessive anger, headache, cough, drug abuse, hemoptysis and shortness of breath.",smoking or tobacco addiction,Musculoskeletal/Other
"Complaining of decreased appetite, pulling at ears, coryza, nasal congestion and shortness of breath.",acute bronchiolitis,Respiratory
"Since yesterday I've noticed abnormal appearing skin, pain in eye, eyelid swelling, eyelid lesion or rash, eye redness, skin swelling, itchiness of eye and symptoms of eye. It began this morning.",stye,Musculoskeletal/Other
"Complaining of upper abdominal pain, burning abdominal pain, difficulty in swallowing and dizziness. It comes and goes.",hiatal hernia,Gastrointestinal
"Since yesterday I've noticed weakness, vomiting blood, nausea, changes in stool appearance, diarrhea, sharp abdominal pain and fainting. It got worse overnight.",gastrointestinal hemorrhage,Gastrointestinal
"My main problems are weakness, vomiting, chills, sore throat, sharp chest pain, coryza, shortness of breath and difficulty breathing. It began this morning.",pneumonia,Respiratory
"My main problems are chills, diarrhea, flu-like syndrome, sharp abdominal pain, blood in stool, nausea and headache. It got worse overnight.",infectious gastroenteritis,Febrile/Systemic
"I've been experiencing diminished hearing, bleeding from ear, redness in ear, fluid in ear and pus draining from ear and I'm worried. It started two days ago.",ear drum damage,Musculoskeletal/Other
"Patient reports nausea, cough, ache all over, sore throat and vomiting. This has lasted about a week.",flu,Respiratory
"I came in because of leg pain, shoulder pain, paresthesia, low back pain, leg weakness, back pain, irregular appearing nails and arm pain. This has lasted about a week.",herniated disk,Gastrointestinal
"Patient reports skin swelling, itching of skin, skin irritation, skin rash, abnormal appearing skin and irregular appearing scalp. It got worse overnight.",fungal infection of the hair,Dermatological
"Since yesterday I've noticed vomiting blood, sharp abdominal pain, melena, weakness, dizziness, fainting, diarrhea and changes in stool appearance.",gastrointestinal hemorrhage,Gastrointestinal
"Chief complaint: upper abdominal pain, sharp chest pain, sharp abdominal pain, burning abdominal pain, lower body pain, stomach bloating and side pain.",cholecystitis,Gastrointestinal
"I feel unwell, with pelvic pain, vaginal pain, suprapubic pain, vaginal discharge, frequent urination and sharp abdominal pain.",yeast infection,Musculoskeletal/Other
"Chief complaint: foot or toe pain, knee pain, hand or finger swelling, joint pain, hand or finger pain, ankle swelling and foot or toe swelling. It got worse overnight.",gout,Musculoskeletal/Other
"Lately I keep having diarrhea, back pain, blood in urine, ache all over and abusing alcohol. It started two days ago.",chronic pancreatitis,Gastrointestinal
"I have headache, fever, chills, sore throat, cough, coryza and flu-like syndrome.",common cold,Respiratory
"I feel unwell, with retention of urine, painful urination, involuntary urination, pelvic pain, side pain, back pain, lower abdominal pain and sharp abdominal pain. It comes and goes.",cystitis,Musculoskeletal/Other
"Complaining of headache, decreased appetite, sharp abdominal pain, nausea and chills. It started two days ago.",noninfectious gastroenteritis,Febrile/Systemic
"I've been experiencing burning abdominal pain, cough, sharp abdominal pain, shoulder pain and chest tightness and I'm worried. It started two days ago.",gastroesophageal reflux disease (gerd),Gastrointestinal
"The symptoms are vomiting blood, weakness, fainting, vomiting, dizziness, changes in stool appearance, rectal bleeding and melena. It got worse overnight.",gastrointestinal hemorrhage,Gastrointestinal
"My main problems are redness in ear, allergic reaction, dizziness, ear pain, abnormal breathing sounds and swollen or red tonsils.",eustachian tube dysfunction (ear disorder),Musculoskeletal/Other
"Lately I keep having chest tightness, fever, wheezing, coryza, congestion in chest and coughing up sputum.",chronic obstructive pulmonary disease (copd),Respiratory
"My main problems are side pain, sharp chest pain and chest tightness. It comes and goes.",pulmonary embolism,Respiratory
"Complaining of long menstrual periods, difficulty speaking, constipation, depressive or psychotic symptoms and antisocial behavior. It began this morning.",autism,Musculoskeletal/Other
"Patient reports fever, ear pain, facial pain and sore throat.",chronic sinusitis,Respiratory
"Lately I keep having sinus congestion, fever, sore throat, coryza and facial pain.",acute sinusitis,Respiratory
"Lately I keep having redness in ear, diminished hearing, lump in throat, swollen or red tonsils and throat redness. It started two days ago.",tonsillitis,Respiratory
"Chief complaint: rectal bleeding, fever, vomiting, nausea and burning abdominal pain. It comes and goes.",noninfectious gastroenteritis,Febrile/Systemic
"Chief complaint: diarrhea, fainting, weakness, dizziness, vomiting and changes in stool appearance.",gastrointestinal hemorrhage,Gastrointestinal
"Complaining of nausea, blood in stool, side pain, heartburn, weakness, jaundice, upper abdominal pain and shortness of breath. It began this morning.",liver disease,Gastrointestinal
"I feel unwell, with lower abdominal pain, upper abdominal pain, rectal bleeding and vomiting. This has lasted about a week.",diverticulosis,Gastrointestinal
"I came in because of lower abdominal pain, constipation, vomiting, headache, burning abdominal pain, irregular heartbeat and sharp abdominal pain.",ileus,Gastrointestinal
"Chief complaint: shortness of breath, mouth dryness, apnea, sleepiness, difficulty in swallowing, sweating, insomnia and abnormal involuntary movements.",obstructive sleep apnea (osa),Respiratory
"Chief complaint: irregular appearing scalp, swollen lymph nodes and itchy eyelid. This has lasted about a week.",melanoma,Dermatological
"Lately I keep having sore throat, sharp chest pain, nasal congestion, difficulty breathing, cough and shortness of breath. It began this morning.",pneumonia,Respiratory
"Lately I keep having wheezing, vomiting, cough, sore throat, flu-like syndrome, chills and ear pain.",common cold,Respiratory
"I came in because of chills, flu-like syndrome, headache, burning abdominal pain and fluid retention. It got worse overnight.",infectious gastroenteritis,Febrile/Systemic
"Patient reports vomiting, coryza, pulling at ears, nasal congestion, cough, sore throat, fever and wheezing.",croup,Respiratory
"My main problems are problems during pregnancy, pain during pregnancy, frequent urination, painful urination, vaginal redness, suprapubic pain, vaginal discharge and skin growth. This has lasted about a week.",benign vaginal discharge (leukorrhea),Musculoskeletal/Other
"Chief complaint: difficulty speaking, hoarse voice, cough, ear pain, fever and throat feels tight. It comes and goes.",laryngitis,Respiratory
"Lately I keep having increased heart rate, ache all over, diarrhea, sore throat, coryza and nausea. It got worse overnight.",flu,Respiratory
"Chief complaint: upper abdominal pain, blood in stool, lower abdominal pain, nausea and diarrhea. It comes and goes.",diverticulosis,Gastrointestinal
"I came in because of side pain, constipation, lower abdominal pain, blood in stool and cough. It started two days ago.",diverticulitis,Gastrointestinal
"The symptoms are nausea, vomiting, vaginal discharge and vaginal itching. It got worse overnight.",trichomonas infection,Musculoskeletal/Other
"Lately I keep having symptoms of the scrotum and testes, groin mass, regurgitation.1, regurgitation, ache all over, lower abdominal pain, swollen abdomen and upper abdominal pain.",abdominal hernia,Gastrointestinal
"I've been experiencing sinus congestion, coughing up sputum and ear pain and I'm worried. It started two days ago.",acute sinusitis,Respiratory
"I feel unwell, with irregular appearing scalp, lack of growth and skin moles. It began this morning.",dermatitis due to sun exposure,Dermatological
"For the past few days I've had palpitations, weakness, weight gain, chest tightness, dizziness and abnormal involuntary movements. It comes and goes.",heart block,Musculoskeletal/Other
"Lately I keep having nausea, unusual color or odor to urine, diarrhea, upper abdominal pain, heartburn and weakness. It began this morning.",liver disease,Gastrointestinal
"I came in because of sharp abdominal pain, fainting, regurgitation.1 and regurgitation. It started two days ago.",intestinal disease,Gastrointestinal
"For the past few days I've had lower body pain, arm pain, neck pain, hip pain, joint pain and loss of sensation.",degenerative disc disease,Musculoskeletal/Other
"I feel unwell, with headache, fever, ache all over and diarrhea. It started two days ago.",flu,Respiratory
"Complaining of fever, wheezing and decreased appetite.",acute bronchiolitis,Respiratory
"I have rectal bleeding, pain of the anus, melena, diarrhea, burning abdominal pain, heartburn and sharp abdominal pain.",rectal disorder,Gastrointestinal
"I have abnormal involuntary movements, leg pain, dizziness, arm weakness and problems with movement.",peripheral nerve disorder,Musculoskeletal/Other
"My main problems are skin swelling, skin lesion, skin dryness, peeling, scaliness, or roughness, acne or pimples, skin moles, abnormal appearing skin, irregular appearing scalp and skin irritation. It started two days ago.",skin disorder,Dermatological
"Complaining of back pain, knee pain, loss of sensation, arm pain, lower body pain and ache all over. It started two days ago.",spondylosis,Musculoskeletal/Other
"Complaining of ankle pain, muscle pain, joint pain, leg pain, knee pain and knee weakness.",osteoarthritis,Musculoskeletal/Other
"Chief complaint: abnormal breathing sounds, insomnia, weight gain, abnormal involuntary movements, sleepiness, shortness of breath and apnea.",obstructive sleep apnea (osa),Respiratory
"Complaining of sharp abdominal pain, rectal bleeding, vomiting, changes in stool appearance and dizziness. It comes and goes.",gastrointestinal hemorrhage,Gastrointestinal
"My main problems are melena, rectal bleeding and vomiting. This has lasted about a week.",diverticulosis,Gastrointestinal
"I came in because of stomach bloating, groin mass and sharp abdominal pain. This has lasted about a week.",liver cancer,Gastrointestinal
"The symptoms are depression, itching of skin, rectal bleeding, feeling ill and vomiting. It started two days ago.",hepatitis due to a toxin,Gastrointestinal
"For the past few days I've had drug abuse, hurts to breath, hemoptysis, abusing alcohol and smoking problems. It began this morning.",smoking or tobacco addiction,Musculoskeletal/Other
"Patient reports pain in gums, nausea, upper abdominal pain, unusual color or odor to urine, shortness of breath, blood in stool and weakness. It got worse overnight.",liver disease,Gastrointestinal
"For the past few days I've had shortness of breath, weakness, fever, difficulty breathing and wheezing.",pneumonia,Respiratory
"I came in because of swollen abdomen, ache all over, irregular belly button, lower abdominal pain, symptoms of the scrotum and testes and groin mass. It got worse overnight.",abdominal hernia,Gastrointestinal
"The symptoms are chills, coryza, headache, sore throat, wheezing and fever.",common cold,Respiratory
"Chief complaint: vomiting, fever, headache, sharp abdominal pain, diarrhea, sharp chest pain, nausea and regurgitation.1. It got worse overnight.",gastritis,Gastrointestinal
"My main problems are cramps and spasms, sharp abdominal pain, spotting or bleeding during pregnancy, uterine contractions, blood clots during menstrual periods, intermenstrual bleeding, problems during pregnancy and pelvic pain. It started two days ago.",spontaneous abortion,Musculoskeletal/Other
"Lately I keep having facial pain, abnormal breathing sounds, allergic reaction and painful sinuses. It started two days ago.",deviated nasal septum,Respiratory
"I have diarrhea, side pain, blood in stool, heartburn, jaundice, sharp abdominal pain, shortness of breath and weakness.",liver disease,Gastrointestinal
"Complaining of regurgitation.1, burning abdominal pain, vomiting blood, upper abdominal pain, difficulty in swallowing, dizziness, regurgitation and heartburn. This has lasted about a week.",hiatal hernia,Gastrointestinal
"The symptoms are coughing up sputum, frontal headache, sore throat and facial pain.",acute sinusitis,Respiratory
"I feel unwell, with diarrhea, chills, coryza, fever and headache.",flu,Respiratory
"I have abnormal appearing skin, skin moles, skin swelling, itching of skin, skin lesion, skin growth and skin dryness, peeling, scaliness, or roughness. It comes and goes.",skin disorder,Dermatological
"Patient reports rectal bleeding, changes in stool appearance, lower body pain, heartburn, constipation, itching of the anus, mass or swelling around the anus and melena. This has lasted about a week.",hemorrhoids,Gastrointestinal
"Chief complaint: side pain, sharp chest pain, diarrhea, lower body pain, burning abdominal pain and hemoptysis.",acute pancreatitis,Gastrointestinal
"I've been experiencing nausea, sharp abdominal pain, retention of urine, burning abdominal pain, constipation and blood in stool and I'm worried.",ischemia of the bowel,Gastrointestinal
"Chief complaint: decreased appetite, burning abdominal pain, side pain and lower abdominal pain. It started two days ago.",appendicitis,Gastrointestinal
"Chief complaint: frontal headache, painful sinuses, cough, nasal congestion and coryza.",acute sinusitis,Respiratory
"Complaining of symptoms of the scrotum and testes, lower abdominal pain, pain of the anus, swelling of scrotum and involuntary urination. It began this morning.",varicocele of the testicles,Musculoskeletal/Other
"Patient reports spots or clouds in vision, headache, ear pain, vomiting, sweating, loss of sensation and nausea.",labyrinthitis,Musculoskeletal/Other
"Lately I keep having stomach bloating, back pain, regurgitation.1, upper abdominal pain, sharp abdominal pain, side pain, nausea and hurts to breath. It got worse overnight.",cholecystitis,Gastrointestinal
"The symptoms are spots or clouds in vision, pain in eye, blindness, lacrimation and cloudy eye.",cataract,Musculoskeletal/Other
"I've been experiencing weakness, sharp chest pain, vomiting, coryza and shortness of breath and I'm worried.",pneumonia,Respiratory
"Complaining of burning abdominal pain, difficulty in swallowing and cough.",gastroesophageal reflux disease (gerd),Gastrointestinal
"Complaining of side pain, sharp chest pain, difficulty breathing, shortness of breath and hemoptysis. It began this morning.",pulmonary embolism,Respiratory
"Since yesterday I've noticed nasal congestion, pulling at ears, cough, abnormal breathing sounds and vomiting. It got worse overnight.",croup,Respiratory
"I came in because of headache, cough, wheezing, ear pain, chills, sore throat and flu-like syndrome.",common cold,Respiratory
I have skin lesion and irregular appearing scalp. It began this morning.,fungal infection of the skin,Dermatological
"My main problems are diarrhea, blood in stool, headache, vomiting, decreased appetite and fever.",infectious gastroenteritis,Febrile/Systemic
"I have burning abdominal pain, blood in stool, heartburn, sharp chest pain and nausea. It comes and goes.",gastroduodenal ulcer,Gastrointestinal
"Complaining of sharp abdominal pain, pain of the anus, constipation, rectal bleeding, itching of the anus, heartburn, burning abdominal pain and blood in stool. This has lasted about a week.",rectal disorder,Gastrointestinal
"Complaining of burning abdominal pain, diarrhea, fever, fluid retention, chills and headache. It started two days ago.",infectious gastroenteritis,Febrile/Systemic
"My main problems are allergic reaction, sharp chest pain, coughing up sputum, nasal congestion and wheezing. It got worse overnight.",asthma,Respiratory
"I have suprapubic pain, chills, decreased appetite, difficulty breathing, weakness, shortness of breath and cough. It started two days ago.",sepsis,Febrile/Systemic
"Complaining of unusual color or odor to urine, nausea, shortness of breath, heartburn, upper abdominal pain, jaundice and weakness. It began this morning.",liver disease,Gastrointestinal
"Chief complaint: blood in stool, upper abdominal pain, sharp abdominal pain, fever, burning abdominal pain and diarrhea. This has lasted about a week.",diverticulitis,Gastrointestinal
"Since yesterday I've noticed arm weakness, shoulder pain, neck pain, leg weakness, sharp abdominal pain and arm pain. It began this morning.",herniated disk,Gastrointestinal
"Complaining of nausea, seizures, problems with movement, fainting, abnormal involuntary movements and weakness. It started two days ago.",hypoglycemia,Musculoskeletal/Other
"Chief complaint: abusing alcohol, peripheral edema, diarrhea and stomach bloating.",alcoholic liver disease,Gastrointestinal
"Patient reports blood in stool, vomiting, chills, delusions or hallucinations, diarrhea and burning abdominal pain.",infectious gastroenteritis,Febrile/Systemic
"Since yesterday I've noticed sinus congestion, coughing up sputum, facial pain, ear pain, coryza and sore throat.",acute sinusitis,Respiratory
"I came in because of nasal congestion, sore throat and ear pain. This has lasted about a week.",acute sinusitis,Respiratory
"I feel unwell, with difficulty breathing, cough, apnea, fatigue, shortness of breath and feeling ill. It started two days ago.",pulmonary hypertension,Respiratory
"The symptoms are shoulder pain, arm pain, leg weakness, paresthesia and loss of sensation. This has lasted about a week.",herniated disk,Gastrointestinal
"For the past few days I've had upper abdominal pain, sharp chest pain, lower body pain, nausea and regurgitation.1. It got worse overnight.",cholecystitis,Gastrointestinal
"Patient reports difficulty breathing, chest tightness, shortness of breath and depressive or psychotic symptoms.",acute respiratory distress syndrome (ards),Respiratory
"Since yesterday I've noticed nasal congestion, hoarse voice, coryza, cough, wheezing and pulling at ears. It comes and goes.",croup,Respiratory
"I have flu-like syndrome, vomiting, fever, ear pain, nasal congestion and coryza.",common cold,Respiratory
"The symptoms are pain in eye, eye redness, peripheral edema, diminished hearing and swollen eye.",orbital cellulitis,Dermatological
"Chief complaint: sharp abdominal pain, vomiting, upper abdominal pain, back pain, sharp chest pain, heartburn, side pain and regurgitation.1.",gallstone,Gastrointestinal
"For the past few days I've had hot flashes, difficulty in swallowing, lump in throat and abnormal involuntary movements. It got worse overnight.",goiter,Musculoskeletal/Other
"Since yesterday I've noticed dizziness, throat feels tight, nasal congestion, diminished hearing, fainting and ear pain. It comes and goes.",sensorineural hearing loss,Musculoskeletal/Other
"Patient reports sharp chest pain, nausea, vomiting, burning abdominal pain, lower body pain, regurgitation.1, upper abdominal pain and back pain.",cholecystitis,Gastrointestinal
"My main problems are nasal congestion, cough, facial pain, frontal headache, painful sinuses and hoarse voice. It began this morning.",nasal polyp,Respiratory
"I've been experiencing abnormal breathing sounds, nosebleed, sore throat, difficulty breathing, headache and allergic reaction and I'm worried. It started two days ago.",deviated nasal septum,Respiratory
"I came in because of peripheral edema, dizziness, symptoms of the kidneys, kidney mass, sharp chest pain, shortness of breath, weakness and vomiting.",acute kidney injury,Musculoskeletal/Other
"I have lower abdominal pain, constipation, diarrhea, burning abdominal pain, side pain and nausea. It comes and goes.",diverticulitis,Gastrointestinal
"Patient reports nausea, pain of the anus, headache and lower abdominal pain. It started two days ago.",ileus,Gastrointestinal
"For the past few days I've had regurgitation.1, difficulty in swallowing, sharp chest pain, hoarse voice, regurgitation and sharp abdominal pain. It got worse overnight.",gastroesophageal reflux disease (gerd),Gastrointestinal
"Chief complaint: swollen abdomen, lower abdominal pain, symptoms of the scrotum and testes, pain in testicles, swelling of scrotum and groin mass. This has lasted about a week.",inguinal hernia,Gastrointestinal
"Lately I keep having allergic reaction, sharp chest pain, difficulty breathing, shortness of breath and nasal congestion. This has lasted about a week.",asthma,Respiratory
"I have back pain, cough, hurts to breath, sharp abdominal pain, rib pain, side pain, difficulty breathing and shortness of breath.",pleural effusion,Respiratory
"I came in because of nausea, headache, diarrhea, flu-like syndrome, chills, burning abdominal pain and fluid retention.",infectious gastroenteritis,Febrile/Systemic
"Chief complaint: sore throat, coryza, cough and congestion in chest. It got worse overnight.",acute sinusitis,Respiratory
"Lately I keep having constipation, chills, upper abdominal pain, nausea, sharp abdominal pain, blood in stool and burning abdominal pain. It started two days ago.",diverticulitis,Gastrointestinal
Since yesterday I've noticed infant feeding problem and blindness.,cerebral palsy,Musculoskeletal/Other
I've been experiencing depressive or psychotic symptoms and chills and I'm worried. It started two days ago.,acute respiratory distress syndrome (ards),Respiratory
"I have difficulty in swallowing, cough, nasal congestion, decreased appetite and vomiting. It comes and goes.",strep throat,Musculoskeletal/Other
"The symptoms are itching of skin, symptoms of the face, irregular appearing scalp, skin growth, acne or pimples, skin dryness, peeling, scaliness, or roughness and abnormal appearing skin.",seborrheic dermatitis,Dermatological
"I've been experiencing constipation, sore throat, skin rash, mouth ulcer, irritable infant, cough, mouth pain and nasal congestion and I'm worried. It got worse overnight.",oral thrush (yeast infection),Musculoskeletal/Other
"Chief complaint: blood in stool, diarrhea, changes in stool appearance, fainting and vomiting.",gastrointestinal hemorrhage,Gastrointestinal
"Patient reports rectal bleeding, nausea, vomiting, upper abdominal pain, lower abdominal pain and heartburn. It comes and goes.",diverticulosis,Gastrointestinal
"Complaining of headache, nausea, fever, blood in stool, vomiting, fluid retention and sharp abdominal pain.",noninfectious gastroenteritis,Febrile/Systemic
"Complaining of difficulty in swallowing, diarrhea, vomiting and sharp abdominal pain.",stomach cancer,Gastrointestinal
"The symptoms are blood in stool, melena, pain of the anus and changes in stool appearance. It began this morning.",hemorrhoids,Gastrointestinal
"Lately I keep having abnormal breathing sounds, mouth dryness, difficulty breathing and abnormal involuntary movements. It got worse overnight.",obstructive sleep apnea (osa),Respiratory
"I came in because of allergic reaction, difficulty breathing, painful sinuses, abnormal breathing sounds, apnea and facial pain.",deviated nasal septum,Respiratory
"Patient reports lower abdominal pain, burning abdominal pain, diarrhea, blood in stool and chills.",diverticulitis,Gastrointestinal
"Chief complaint: skin swelling, lymphedema, skin growth, symptoms of eye, skin dryness, peeling, scaliness, or roughness, acne or pimples and skin lesion. It started two days ago.",rosacea,Dermatological
"Since yesterday I've noticed ache all over, symptoms of the scrotum and testes, mass in scrotum, groin mass, swelling of scrotum, lower abdominal pain, sharp abdominal pain and groin pain.",inguinal hernia,Gastrointestinal
"For the past few days I've had headache, nausea, fluid retention, decreased appetite, burning abdominal pain, sharp abdominal pain, chills and low self-esteem. It comes and goes.",infectious gastroenteritis,Febrile/Systemic
"Since yesterday I've noticed vomiting blood, regurgitation.1, back pain, sharp abdominal pain, dizziness, regurgitation, difficulty in swallowing and burning abdominal pain.",hiatal hernia,Gastrointestinal
"Patient reports upper abdominal pain, sharp abdominal pain, diarrhea, burning abdominal pain, vomiting and nausea. This has lasted about a week.",appendicitis,Gastrointestinal
"Lately I keep having fever, nausea, burning abdominal pain, constipation, side pain and weakness. It began this morning.",diverticulitis,Gastrointestinal
"Patient reports skin rash, hand or finger pain, hostile behavior, peripheral edema, hand or finger swelling and foot or toe swelling.",pyogenic skin infection,Dermatological
"I have weakness, heartburn, regurgitation, weight gain, dizziness, regurgitation.1, rectal bleeding and fatigue. This has lasted about a week.",iron deficiency anemia,Musculoskeletal/Other
"I have abnormal appearing skin, skin swelling, foot or toe swelling, foot or toe pain, leg pain, leg swelling, skin lesion and hand or finger swelling. It comes and goes.",pyogenic skin infection,Dermatological
"My main problems are side pain, burning abdominal pain, blood in stool, lower abdominal pain, diarrhea, upper abdominal pain, vomiting and nausea. It got worse overnight.",diverticulitis,Gastrointestinal
"Lately I keep having uterine contractions, sharp abdominal pain, problems during pregnancy and pain during pregnancy. It started two days ago.",spontaneous abortion,Musculoskeletal/Other
"My main problems are neck pain, bones are painful, shoulder pain, lower body pain, rib pain, wrist pain, headache and symptoms of the scrotum and testes.",injury to the trunk,Musculoskeletal/Other
"I have elbow pain, hand or finger pain, arm pain, paresthesia and neck pain. It got worse overnight.",brachial neuritis,Musculoskeletal/Other
"I have vomiting, chills, sharp abdominal pain, suprapubic pain, cough and decreased appetite.",sepsis,Febrile/Systemic
"For the past few days I've had abusing alcohol, diarrhea, ache all over and vomiting.",chronic pancreatitis,Gastrointestinal
"Complaining of groin mass and skin dryness, peeling, scaliness, or roughness. It began this morning.",soft tissue sarcoma,Musculoskeletal/Other
"For the past few days I've had sweating, leg swelling, weakness, leg pain, hemoptysis and chest tightness. This has lasted about a week.",pulmonary embolism,Respiratory
"I feel unwell, with hip pain, knee pain, ache all over, low back pain, loss of sensation and shoulder pain. It started two days ago.",spondylosis,Musculoskeletal/Other
"I feel unwell, with nasal congestion, headache, wheezing, flu-like syndrome, sore throat, cough, ear pain and fever. It got worse overnight.",common cold,Respiratory
"I came in because of loss of sensation, hip pain, leg pain, back cramps or spasms, problems with movement and leg cramps or spasms. It comes and goes.",sciatica,Musculoskeletal/Other
"I have difficulty in swallowing, vomiting, upper abdominal pain, chest tightness, shortness of breath, cough and sharp abdominal pain. It comes and goes.",esophagitis,Gastrointestinal
"I have sharp chest pain, wheezing, difficulty breathing and weakness. It comes and goes.",pneumonia,Respiratory
"I came in because of chest tightness, difficulty in swallowing, cough, sharp abdominal pain, vomiting, sharp chest pain, upper abdominal pain and sore throat.",esophagitis,Gastrointestinal
"I came in because of sharp abdominal pain, heartburn, sore throat and cough. It got worse overnight.",esophagitis,Gastrointestinal
"The symptoms are shortness of breath, coryza, vomiting and sore throat.",acute bronchospasm,Respiratory
"Patient reports sharp chest pain, side pain, sharp abdominal pain and back pain. It started two days ago.",acute pancreatitis,Gastrointestinal
"Since yesterday I've noticed acne or pimples, lack of growth, skin rash and irregular appearing scalp. It started two days ago.",dermatitis due to sun exposure,Dermatological
"I feel unwell, with heartburn, weakness, nausea, blood in stool, diarrhea and shortness of breath. It started two days ago.",liver disease,Gastrointestinal
"Chief complaint: itchiness of eye, cough, eye burns or stings, eye redness, lacrimation, pain in eye, swollen eye and allergic reaction. It started two days ago.",conjunctivitis due to allergy,Musculoskeletal/Other
"Chief complaint: fever, irritable infant, nasal congestion, hurts to breath, decreased appetite, wheezing, pulling at ears and difficulty breathing. It started two days ago.",acute bronchiolitis,Respiratory
"My main problems are paresthesia, back pain, neck pain, arm weakness, hip pain and leg weakness.",herniated disk,Gastrointestinal
"I've been experiencing sore throat, cough, coryza, sharp chest pain and nasal congestion and I'm worried. It comes and goes.",acute bronchitis,Respiratory
"Chief complaint: fever, sharp abdominal pain, diarrhea, vomiting, side pain, blood in stool and lower abdominal pain. It started two days ago.",diverticulitis,Gastrointestinal
"I feel unwell, with excessive anger, abusing alcohol and lack of growth.",conduct disorder,Musculoskeletal/Other
"My main problems are fatigue, mouth dryness, abnormal breathing sounds, sweating and difficulty in swallowing. It started two days ago.",obstructive sleep apnea (osa),Respiratory
"For the past few days I've had ear pain, sinus congestion, painful sinuses, diarrhea, congestion in chest, headache, cough and frontal headache. It got worse overnight.",chronic sinusitis,Respiratory
"The symptoms are nausea, upper abdominal pain, abusing alcohol, lower body pain, hemoptysis, vomiting and burning abdominal pain. It got worse overnight.",acute pancreatitis,Gastrointestinal
"My main problems are shortness of breath, sleepiness, headache, fever and sore throat. It got worse overnight.",interstitial lung disease,Respiratory
"Patient reports sharp chest pain, low back pain, muscle cramps, contractures, or spasms, headache, back pain and leg pain.",muscle spasm,Musculoskeletal/Other
"I have lower abdominal pain, vomiting, pain of the anus, sharp abdominal pain, changes in stool appearance and burning abdominal pain. It began this morning.",chronic constipation,Gastrointestinal
"I have constipation, nausea, diarrhea, sharp abdominal pain, vomiting, blood in stool, lower abdominal pain and side pain.",diverticulitis,Gastrointestinal
"My main problems are shortness of breath, paresthesia and cough. It got worse overnight.",pulmonary eosinophilia,Respiratory
"Lately I keep having fluid retention, vomiting, sharp abdominal pain, fever, chills and diarrhea. It began this morning.",noninfectious gastroenteritis,Febrile/Systemic
"I have skin moles, acne or pimples, skin irritation, warts, skin swelling, skin lesion and skin growth. It got worse overnight.",skin polyp,Dermatological
"My main problems are diarrhea, nausea, vomiting, sharp chest pain, abusing alcohol, burning abdominal pain, lower body pain and hemoptysis.",acute pancreatitis,Gastrointestinal
"I have leg pain, lymphedema and arm swelling.",thrombophlebitis,Musculoskeletal/Other
"I came in because of regurgitation.1, throat feels tight, vomiting, back pain, sharp abdominal pain, side pain and lower body pain.",gallstone,Gastrointestinal
"The symptoms are ear pain, nasal congestion, blood in urine, fever, headache, chills, vomiting and sore throat. It started two days ago.",common cold,Respiratory
"Chief complaint: wheezing, vomiting, chest tightness, sharp chest pain, sore throat and shortness of breath. This has lasted about a week.",acute bronchospasm,Respiratory
"Complaining of hoarse voice, shortness of breath, wheezing and fever. It started two days ago.",croup,Respiratory
"Since yesterday I've noticed nasal congestion, wheezing, chest tightness, vomiting and fever.",acute bronchospasm,Respiratory
"Complaining of itchiness of eye, double vision, white discharge from eye, eye redness and foreign body sensation in eye.",corneal disorder,Musculoskeletal/Other
"I have frequent urination, involuntary urination and symptoms of bladder. It got worse overnight.",benign prostatic hyperplasia (bph),Musculoskeletal/Other
"I've been experiencing lower body pain, constipation, heartburn, itching of the anus, melena, pelvic pain and pain of the anus and I'm worried.",hemorrhoids,Gastrointestinal
"The symptoms are pelvic pain, pain during pregnancy, back pain, nausea and problems during pregnancy. It started two days ago.",problem during pregnancy,Musculoskeletal/Other
"My main problems are lip swelling, acne or pimples, abnormal appearing skin, wrinkles on skin, weakness, skin growth and skin lesion. It comes and goes.",atrophic skin condition,Dermatological
"Complaining of chest tightness, burning abdominal pain, sharp chest pain, heartburn, shortness of breath, vomiting and upper abdominal pain. It comes and goes.",esophagitis,Gastrointestinal
"I feel unwell, with decreased appetite, nasal congestion, vomiting, hurts to breath, shortness of breath, coryza, difficulty breathing and cough.",acute bronchiolitis,Respiratory
"I have vomiting, mouth ulcer, insomnia and fever. It comes and goes.",herpangina,Musculoskeletal/Other
"Patient reports sharp abdominal pain, nausea, lower body pain, upper abdominal pain and back pain.",cholecystitis,Gastrointestinal
"For the past few days I've had coryza, decreased appetite and fever.",acute bronchiolitis,Respiratory
"Patient reports headache, dizziness, leg pain and decreased appetite.",autonomic nervous system disorder,Musculoskeletal/Other
"My main problems are congestion in chest, headache, frontal headache, fever, facial pain and cough. It comes and goes.",chronic sinusitis,Respiratory
"I've been experiencing vomiting, cough, coryza and sore throat and I'm worried. It comes and goes.",otitis media,Musculoskeletal/Other
"Complaining of constipation, retention of urine, vomiting, nausea, rectal bleeding, lower abdominal pain, sharp abdominal pain and pain of the anus.",chronic constipation,Gastrointestinal
"The symptoms are pelvic pain, infertility, sharp abdominal pain, lower abdominal pain, intermenstrual bleeding, unpredictable menstruation, heavy menstrual flow and cramps and spasms.",idiopathic irregular menstrual cycle,Musculoskeletal/Other
"The symptoms are sharp abdominal pain, nausea, diarrhea, lower abdominal pain, rectal bleeding and swollen lymph nodes. It started two days ago.",ulcerative colitis,Gastrointestinal
"I have vomiting, burning abdominal pain, abusing alcohol, side pain, upper abdominal pain, lower body pain and hemoptysis.",acute pancreatitis,Gastrointestinal
"Complaining of cough, difficulty speaking, coryza, sore throat and throat feels tight. It began this morning.",laryngitis,Respiratory
"I feel unwell, with blood in stool, vomiting, sharp abdominal pain, fever, chills and fluid retention. It comes and goes.",noninfectious gastroenteritis,Febrile/Systemic
"Chief complaint: weakness, feeling ill, sharp abdominal pain, cough, fever and chills. It comes and goes.",sepsis,Febrile/Systemic
"Lately I keep having sore throat, fever, difficulty breathing, nasal congestion, coughing up sputum and cough.",acute bronchitis,Respiratory
"I have leg pain, joint pain, knee swelling, hand or finger pain, ankle pain, pain during pregnancy and back pain.",osteoarthritis,Musculoskeletal/Other
"Lately I keep having weight gain, difficulty breathing, apnea, insomnia, shortness of breath and fatigue. It got worse overnight.",obstructive sleep apnea (osa),Respiratory
"Complaining of cough, infant feeding problem, shortness of breath, hurts to breath, fever, wheezing, irritable infant, nasal congestion and vomiting.",acute bronchiolitis,Respiratory
"My main problems are skin rash, skin swelling, abnormal appearing skin, irregular appearing scalp, itchy scalp, pelvic pain and skin growth.",fungal infection of the hair,Dermatological
"Patient reports nasal congestion, vomiting, wheezing, pulling at ears, shortness of breath, hoarse voice and sore throat.",croup,Respiratory
"I have sharp chest pain, coryza and wheezing. It got worse overnight.",chronic obstructive pulmonary disease (copd),Respiratory
"Since yesterday I've noticed cough, sore throat, ear pain, fever and coryza. It started two days ago.",acute sinusitis,Respiratory
"The symptoms are cough, coryza, headache, sore throat, difficulty breathing, wheezing, sharp chest pain and coughing up sputum.",acute bronchitis,Respiratory
"For the past few days I've had side pain, upper abdominal pain, sharp abdominal pain and back pain.",cholecystitis,Gastrointestinal
"Since yesterday I've noticed cough, difficulty breathing, vomiting, coryza, nasal congestion and shortness of breath. It began this morning.",pneumonia,Respiratory
"The symptoms are hurts to breath, eye redness, pulling at ears, cough, fever, decreased appetite and coryza. It began this morning.",acute bronchiolitis,Respiratory
"Patient reports allergic reaction, coryza, ear pain, headache, frontal headache, sore throat and lacrimation. It got worse overnight.",seasonal allergies (hay fever),Febrile/Systemic
"Patient reports shortness of breath, difficulty breathing, fever, chest tightness, allergic reaction, cough and nasal congestion.",asthma,Respiratory
"I came in because of heartburn, itching of the anus, constipation, mass or swelling around the anus, rectal bleeding and sharp abdominal pain. It got worse overnight.",hemorrhoids,Gastrointestinal
"Complaining of ear pain, gum pain, mouth ulcer, peripheral edema, fever, jaw swelling, lip swelling and facial pain. This has lasted about a week.",gum disease,Musculoskeletal/Other
"I have vomiting, sore throat, cough, pulling at ears, fever, coryza, wheezing and abnormal breathing sounds. It got worse overnight.",croup,Respiratory
"Lately I keep having changes in stool appearance, burning abdominal pain, sharp abdominal pain, vomiting blood, nausea and sharp chest pain. It got worse overnight.",gastroduodenal ulcer,Gastrointestinal
"Since yesterday I've noticed leg cramps or spasms, low back pain, paresthesia, neck pain and problems with movement. This has lasted about a week.",spondylolisthesis,Musculoskeletal/Other
"I came in because of coughing up sputum, sore throat, wheezing, congestion in chest, sharp chest pain and shortness of breath.",chronic obstructive pulmonary disease (copd),Respiratory
"I came in because of diarrhea, blood in stool, sharp abdominal pain, fainting, vomiting, dizziness, weakness, rectal bleeding and leg swelling. It got worse overnight.",gastrointestinal hemorrhage,Gastrointestinal
"My main problems are hip pain, leg cramps or spasms, problems with movement, paresthesia and neck pain. It started two days ago.",spondylolisthesis,Musculoskeletal/Other
"I came in because of problems with movement, seizures, disturbance of memory and focal weakness. It began this morning.",stroke,Musculoskeletal/Other
"Complaining of cough, fever, sore throat, sinus congestion, headache, congestion in chest and painful sinuses. It began this morning.",chronic sinusitis,Respiratory
"Patient reports shortness of breath, decreased appetite and weakness. This has lasted about a week.",sepsis,Febrile/Systemic
"I came in because of shortness of breath, vomiting, cough, chills and decreased appetite.",sepsis,Febrile/Systemic
"Lately I keep having sore throat, coughing up sputum, fever, headache, sharp chest pain, coryza and shortness of breath. It began this morning.",acute bronchitis,Respiratory
"For the past few days I've had chills, difficulty breathing, chest tightness, cough and sharp chest pain. It began this morning.",acute respiratory distress syndrome (ards),Respiratory
"I feel unwell, with symptoms of the scrotum and testes, ache all over, sharp abdominal pain, irregular belly button, upper abdominal pain and swollen abdomen. It got worse overnight.",abdominal hernia,Gastrointestinal
"Chief complaint: back pain, sharp chest pain, hurts to breath, shortness of breath, difficulty breathing and rib pain. It comes and goes.",pleural effusion,Respiratory
"For the past few days I've had sore throat, vomiting, headache and ache all over. This has lasted about a week.",flu,Respiratory
"My main problems are sharp abdominal pain, heavy menstrual flow, frequent menstruation, lower abdominal pain and painful menstruation.",idiopathic irregular menstrual cycle,Musculoskeletal/Other
"Since yesterday I've noticed hurts to breath, difficulty breathing, wheezing, decreased appetite, nasal congestion, fever, coryza and cough. This has lasted about a week.",acute bronchiolitis,Respiratory
"Since yesterday I've noticed sharp chest pain, difficulty breathing, depressive or psychotic symptoms, shortness of breath, chest tightness, chills and wheezing. It got worse overnight.",acute respiratory distress syndrome (ards),Respiratory
"Lately I keep having foot or toe swelling, leg stiffness or tightness, skin lesion, lymphedema, skin rash and headache.",vasculitis,Musculoskeletal/Other
"Chief complaint: itching of skin, skin irritation, irregular appearing scalp, acne or pimples, skin lesion, skin dryness, peeling, scaliness, or roughness and abnormal appearing skin.",skin disorder,Dermatological
"I've been experiencing cough, nasal congestion, coryza, congestion in chest, sharp chest pain, fever and arm stiffness or tightness and I'm worried. It started two days ago.",chronic obstructive pulmonary disease (copd),Respiratory
"Complaining of coughing up sputum, coryza, headache, shortness of breath, fever and sharp chest pain.",acute bronchitis,Respiratory
"Patient reports weakness, sharp chest pain, nasal congestion, vomiting, cough, shortness of breath, coryza and wheezing.",pneumonia,Respiratory
"Lately I keep having coryza, cough, difficulty breathing, wheezing, fever, pulling at ears and nasal congestion.",acute bronchiolitis,Respiratory
"The symptoms are coughing up sputum, cough and coryza.",chronic obstructive pulmonary disease (copd),Respiratory
"Since yesterday I've noticed constipation, sharp abdominal pain, lower body pain, mass or swelling around the anus and pain of the anus.",hemorrhoids,Gastrointestinal
"Since yesterday I've noticed vomiting, cough, weakness, nasal congestion, difficulty breathing, chills and sore throat. It started two days ago.",pneumonia,Respiratory
"Complaining of shortness of breath, sore throat, sharp chest pain, shoulder pain, difficulty in swallowing, upper abdominal pain and nausea. It comes and goes.",esophagitis,Gastrointestinal
"I came in because of abnormal breathing sounds, difficulty breathing, shortness of breath, sweating, weight gain and difficulty in swallowing. It started two days ago.",obstructive sleep apnea (osa),Respiratory
"My main problems are pain in eye, blindness, eye deviation and foreign body sensation in eye. It comes and goes.",myopia,Musculoskeletal/Other
"My main problems are fluid in ear, hoarse voice, difficulty speaking and ear pain. It comes and goes.",conductive hearing loss,Musculoskeletal/Other
"Lately I keep having upper abdominal pain, side pain, lower body pain and regurgitation.1. It started two days ago.",gallstone,Gastrointestinal
"My main problems are headache, sharp abdominal pain, fever, chills, blood in stool, burning abdominal pain, vomiting and fluid retention.",noninfectious gastroenteritis,Febrile/Systemic
"Since yesterday I've noticed depressive or psychotic symptoms, facial pain, mouth pain and toothache. This has lasted about a week.",dental caries,Musculoskeletal/Other
"I came in because of sharp chest pain, elbow swelling, shoulder pain, symptoms of the scrotum and testes, back pain and neck pain. This has lasted about a week.",injury to the trunk,Musculoskeletal/Other
"I have skin rash, abnormal appearing skin, warts, skin irritation, cough, skin dryness, peeling, scaliness, or roughness, irregular appearing scalp and allergic reaction. It comes and goes.",eczema,Dermatological
"Chief complaint: low back pain, burning abdominal pain, side pain, decreased appetite, vomiting, stomach bloating, sharp abdominal pain, diarrhea and upper abdominal pain. It got worse overnight.",appendicitis,Gastrointestinal
"Patient reports difficulty breathing, allergic reaction, fever, nasal congestion, coryza and wheezing. It got worse overnight.",asthma,Respiratory
"I have vomiting blood, regurgitation.1, burning abdominal pain, sharp abdominal pain, diarrhea, headache and vomiting. This has lasted about a week.",gastritis,Gastrointestinal
"I have frontal headache, sinus congestion, ear pain, coughing up sputum, fever, nasal congestion and facial pain.",acute sinusitis,Respiratory
"I feel unwell, with palpitations, sharp chest pain, fatigue, leg swelling and heartburn.",hypertensive heart disease,Musculoskeletal/Other
"Chief complaint: sharp chest pain, coryza, vomiting and weakness.",pneumonia,Respiratory
"My main problems are diarrhea, nausea, sharp chest pain and headache. It comes and goes.",gastritis,Gastrointestinal
"For the past few days I've had fever, difficulty breathing, pulling at ears, irritable infant, coryza and nasal congestion. It began this morning.",acute bronchiolitis,Respiratory
"Complaining of diarrhea, headache, sharp abdominal pain, vomiting and weakness. It started two days ago.",hyperemesis gravidarum,Musculoskeletal/Other
"Patient reports lower abdominal pain, constipation, fever, chills, nausea and upper abdominal pain.",diverticulitis,Gastrointestinal
"Chief complaint: back pain, lower abdominal pain, retention of urine, symptoms of bladder, involuntary urination, suprapubic pain, side pain and sharp abdominal pain. It comes and goes.",cystitis,Musculoskeletal/Other
"I've been experiencing nasal congestion, fever, sore throat, coryza, wheezing, chills, flu-like syndrome and ear pain and I'm worried. It comes and goes.",common cold,Respiratory
"Since yesterday I've noticed involuntary urination, impotence, excessive urination at night, hesitancy, symptoms of bladder, blood in urine and symptoms of prostate.",benign prostatic hyperplasia (bph),Musculoskeletal/Other
"Since yesterday I've noticed skin lesion, skin swelling, abnormal appearing skin, skin dryness, peeling, scaliness, or roughness, acne or pimples, irregular appearing scalp, itching of skin and skin irritation.",eczema,Dermatological
"Since yesterday I've noticed itchiness of eye, pain in eye, eyelid swelling, eye burns or stings and white discharge from eye. It started two days ago.",blepharitis,Musculoskeletal/Other
"I've been experiencing upper abdominal pain, diarrhea, sharp abdominal pain, back pain and vomiting and I'm worried. It got worse overnight.",acute pancreatitis,Gastrointestinal
"I came in because of fever, cough, coryza, chest tightness, sore throat, sharp chest pain, shortness of breath and coughing up sputum.",chronic obstructive pulmonary disease (copd),Respiratory
"For the past few days I've had arm pain, arm weakness, leg pain, shoulder pain, neck pain, back pain, low back pain and leg weakness. It started two days ago.",herniated disk,Gastrointestinal
"Chief complaint: itching of the anus, sharp abdominal pain, pain of the anus, heartburn and cramps and spasms.",rectal disorder,Gastrointestinal
"The symptoms are hemoptysis, shortness of breath, difficulty breathing, palpitations and apnea.",pulmonary hypertension,Respiratory
"My main problems are fever, ache all over, coryza, cough, chills, nausea and sore throat.",flu,Respiratory
"Chief complaint: leg pain, chest tightness, sharp chest pain and difficulty breathing. It comes and goes.",pulmonary embolism,Respiratory
"The symptoms are vomiting blood, weakness, rectal bleeding and vomiting. It got worse overnight.",gastrointestinal hemorrhage,Gastrointestinal
"Patient reports melena, diarrhea, cramps and spasms, blood in stool, burning abdominal pain, pain of the anus and itching of the anus.",rectal disorder,Gastrointestinal
"I have wheezing, vomiting, fever, coryza, irritable infant, hurts to breath, decreased appetite, cough and neck pain. It started two days ago.",acute bronchiolitis,Respiratory
"Patient reports sharp abdominal pain, shortness of breath, difficulty breathing and feeling ill.",sepsis,Febrile/Systemic
"Chief complaint: diarrhea, sharp abdominal pain, upper abdominal pain, nausea, anxiety and nervousness and feeling ill. It comes and goes.",irritable bowel syndrome,Gastrointestinal
"Lately I keep having nausea, back pain, vomiting blood, heartburn and difficulty in swallowing. It got worse overnight.",hiatal hernia,Gastrointestinal
"Patient reports melena, dizziness, sharp abdominal pain, vomiting, rectal bleeding and painful urination. It got worse overnight.",gastrointestinal hemorrhage,Gastrointestinal
"I've been experiencing sharp abdominal pain, diarrhea, burning abdominal pain, side pain, hemoptysis and sharp chest pain and I'm worried. It got worse overnight.",acute pancreatitis,Gastrointestinal
"I came in because of pain of the anus, melena, rectal bleeding, sharp abdominal pain and heartburn. It got worse overnight.",hemorrhoids,Gastrointestinal
"Chief complaint: regurgitation.1, sharp chest pain, nausea, heartburn, sharp abdominal pain, difficulty in swallowing and regurgitation.",hiatal hernia,Gastrointestinal
"The symptoms are facial pain, allergic reaction, headache, sore throat and difficulty breathing. This has lasted about a week.",deviated nasal septum,Respiratory
"Since yesterday I've noticed lacrimation, eye redness, swollen eye, sore throat, cough and white discharge from eye. It got worse overnight.",conjunctivitis,Musculoskeletal/Other
"I've been experiencing sharp chest pain, delusions or hallucinations, leg swelling, leg pain, sweating, weakness, hemoptysis and shortness of breath and I'm worried. This has lasted about a week.",pulmonary embolism,Respiratory
"Lately I keep having vomiting blood, nausea, sharp chest pain and difficulty in swallowing. This has lasted about a week.",hiatal hernia,Gastrointestinal
"Patient reports insomnia, apnea, sleepiness and weight gain. It comes and goes.",obstructive sleep apnea (osa),Respiratory
"Lately I keep having fever, chest tightness, chills, difficulty breathing, cough and wheezing.",acute respiratory distress syndrome (ards),Respiratory
"Lately I keep having symptoms of the scrotum and testes, bones are painful, headache, back pain, neck pain and diminished hearing. It began this morning.",injury to the trunk,Musculoskeletal/Other
"Since yesterday I've noticed insomnia, burning abdominal pain and diarrhea.",irritable bowel syndrome,Gastrointestinal
"I have upper abdominal pain, nausea, diarrhea, jaundice, weakness and sharp abdominal pain.",liver disease,Gastrointestinal
"The symptoms are nausea, diarrhea, chills, coryza, sore throat, ache all over and vomiting.",flu,Respiratory
"I came in because of chills, fever, coryza, nasal congestion, wheezing, flu-like syndrome, vomiting and ear pain.",common cold,Respiratory
"Lately I keep having chest tightness, difficulty breathing, nasal congestion, sharp chest pain, coughing up sputum and coryza. It comes and goes.",asthma,Respiratory
"Chief complaint: sleepiness, abnormal breathing sounds, difficulty in swallowing, weight gain, insomnia, abnormal involuntary movements and mouth dryness.",obstructive sleep apnea (osa),Respiratory
"My main problems are coryza, sharp chest pain, fever, cough, nasal congestion, wheezing, shortness of breath and difficulty breathing.",acute bronchospasm,Respiratory
"Lately I keep having nausea, vomiting, pain in gums, fever, neck stiffness or tightness and neck pain. It got worse overnight.",meningitis,Febrile/Systemic
"Lately I keep having back pain, leg weakness, arm pain, problems with movement and loss of sensation. This has lasted about a week.",peripheral nerve disorder,Musculoskeletal/Other
"For the past few days I've had burning abdominal pain, vomiting, pain of the anus, constipation and changes in stool appearance. It got worse overnight.",chronic constipation,Gastrointestinal
"Complaining of nasal congestion, weakness, fever, chest tightness and sharp chest pain.",pulmonary congestion,Respiratory
"Complaining of allergic reaction, vomiting, chills, cough, headache, sore throat, nasal congestion and ear pain. It got worse overnight.",common cold,Respiratory
"Patient reports pain of the anus, rectal bleeding, lower abdominal pain, constipation, nausea and retention of urine.",chronic constipation,Gastrointestinal
"I feel unwell, with side pain, fever, chills, lower abdominal pain, constipation, burning abdominal pain, vomiting and sharp abdominal pain.",diverticulitis,Gastrointestinal
"Since yesterday I've noticed vomiting, rectal bleeding, chills, nausea, diarrhea, fever, burning abdominal pain and blood in stool. It comes and goes.",noninfectious gastroenteritis,Febrile/Systemic
"I have leg pain, shoulder pain, leg weakness, low back pain and arm pain.",herniated disk,Gastrointestinal
"My main problems are burning abdominal pain, diarrhea, flatulence, nausea and lower abdominal pain. It got worse overnight.",irritable bowel syndrome,Gastrointestinal
"Lately I keep having wheezing, congestion in chest, cough, coryza, chest tightness, coughing up sputum, nasal congestion and sharp chest pain. It started two days ago.",chronic obstructive pulmonary disease (copd),Respiratory
"I feel unwell, with allergic reaction, fluid retention, arm swelling, hand or finger swelling and itching of skin. It got worse overnight.",envenomation from spider or animal bite,Musculoskeletal/Other
"For the past few days I've had cough, allergic reaction, headache, lacrimation, ear pain and frontal headache.",seasonal allergies (hay fever),Febrile/Systemic
"Lately I keep having fever, chills, feeling ill, shortness of breath and sharp abdominal pain. It started two days ago.",sepsis,Febrile/Systemic
"I came in because of shortness of breath, heartburn, sharp chest pain, difficulty in swallowing, cough, sore throat, vomiting and nausea. It started two days ago.",esophagitis,Gastrointestinal
"Since yesterday I've noticed vomiting, fever, diarrhea, burning abdominal pain, side pain, decreased appetite and lower abdominal pain. It got worse overnight.",appendicitis,Gastrointestinal
"Lately I keep having muscle cramps, contractures, or spasms, leg pain, neck pain, arm pain and low back pain. It got worse overnight.",muscle spasm,Musculoskeletal/Other
"I feel unwell, with shortness of breath, coryza, pulling at ears, hurts to breath, fever, difficulty breathing and wheezing. It comes and goes.",acute bronchiolitis,Respiratory
"I've been experiencing difficulty breathing, fatigue, insomnia, apnea, sweating, weight gain, sleepiness and abnormal breathing sounds and I'm worried.",obstructive sleep apnea (osa),Respiratory
"I came in because of ear pain, fever, congestion in chest, cough, headache, facial pain, painful sinuses and sore throat.",chronic sinusitis,Respiratory
"Complaining of sore throat, coryza, shortness of breath, sharp chest pain, wrist pain and cough. It got worse overnight.",pneumonia,Respiratory
"I feel unwell, with skin dryness, peeling, scaliness, or roughness, skin lesion, abnormal appearing skin, cough and acne or pimples.",eczema,Dermatological
"Since yesterday I've noticed back pain, low back pain, leg pain, headache and abnormal involuntary movements.",muscle spasm,Musculoskeletal/Other
"The symptoms are coryza, coughing up sputum, difficulty breathing, allergic reaction, shortness of breath and wheezing.",asthma,Respiratory
"For the past few days I've had chills, headache, ear pain, sore throat, cough and fever.",common cold,Respiratory
"Lately I keep having swollen eye, cough, symptoms of eye, allergic reaction, eye redness and nasal congestion. It began this morning.",conjunctivitis due to allergy,Musculoskeletal/Other
"For the past few days I've had abnormal breathing sounds, facial pain, headache, difficulty breathing, sore throat, nosebleed and apnea. It started two days ago.",deviated nasal septum,Respiratory
"My main problems are nasal congestion, wheezing, pulling at ears, vomiting and difficulty breathing. It started two days ago.",acute bronchiolitis,Respiratory
"My main problems are decreased appetite, diarrhea, headache, fever and chills. It started two days ago.",noninfectious gastroenteritis,Febrile/Systemic
"Complaining of sharp abdominal pain, pain during pregnancy, vaginal itching and pain during intercourse.",vaginitis,Musculoskeletal/Other
"I've been experiencing symptoms of the scrotum and testes, sharp abdominal pain, groin pain, lower abdominal pain and groin mass and I'm worried. It got worse overnight.",inguinal hernia,Gastrointestinal
"I've been experiencing burning abdominal pain, sharp chest pain, lower body pain, side pain, upper abdominal pain and regurgitation.1 and I'm worried. This has lasted about a week.",cholecystitis,Gastrointestinal
"I came in because of spots or clouds in vision, swollen eye, itchiness of eye, eye burns or stings, foreign body sensation in eye, lacrimation and diminished vision.",cornea infection,Musculoskeletal/Other
"For the past few days I've had allergic reaction, nasal congestion, fever, difficulty breathing, coughing up sputum and cough.",asthma,Respiratory
"I feel unwell, with vomiting, weakness, fainting, sharp abdominal pain, diarrhea and dizziness.",gastrointestinal hemorrhage,Gastrointestinal
"I came in because of sharp abdominal pain, weight gain and nausea. This has lasted about a week.",nonalcoholic liver disease (nash),Gastrointestinal
"Lately I keep having constipation, burning abdominal pain, sharp abdominal pain, lower abdominal pain and headache.",ileus,Gastrointestinal
"For the past few days I've had eye redness, lacrimation, foreign body sensation in eye, diminished vision, itchiness of eye, spots or clouds in vision and white discharge from eye. It started two days ago.",corneal disorder,Musculoskeletal/Other
"Patient reports sore throat, cough, nasal congestion and shortness of breath.",chronic obstructive pulmonary disease (copd),Respiratory
"Patient reports pain of the anus, itching of the anus, blood in stool, lower body pain and rib pain. It got worse overnight.",hemorrhoids,Gastrointestinal
"I have nausea, sore throat, diarrhea, coryza, vomiting and cough. It began this morning.",flu,Respiratory
"I have wheezing, sore throat, nasal congestion, fever, difficulty breathing, headache, sharp chest pain and sharp abdominal pain. It got worse overnight.",acute bronchitis,Respiratory
"I have sharp chest pain, depression, problems with movement, abnormal involuntary movements, anxiety and nervousness and abusing alcohol. It comes and goes.",alcohol intoxication,Musculoskeletal/Other
"I've been experiencing retention of urine, pain of the anus, blood in stool, sharp abdominal pain, lower abdominal pain and vomiting and I'm worried.",chronic constipation,Gastrointestinal
"I came in because of nausea, blood in stool, fever, burning abdominal pain, chills, sharp abdominal pain, vomiting and lower abdominal pain.",diverticulitis,Gastrointestinal
"The symptoms are congestion in chest, coryza, fever, wheezing, chest tightness, shoulder pain, shortness of breath and coughing up sputum.",chronic obstructive pulmonary disease (copd),Respiratory
"I came in because of paresthesia, fluid retention, skin swelling and arm swelling.",envenomation from spider or animal bite,Musculoskeletal/Other
"My main problems are upper abdominal pain, diarrhea, lower abdominal pain, sharp abdominal pain, burning abdominal pain, flatulence and insomnia. It comes and goes.",irritable bowel syndrome,Gastrointestinal
"The symptoms are nausea, weakness, feeling ill, sleepiness, abnormal involuntary movements, decreased appetite and dizziness. It started two days ago.",hypoglycemia,Musculoskeletal/Other
"Since yesterday I've noticed sharp abdominal pain, diarrhea, melena, rectal bleeding and vomiting blood. It started two days ago.",gastrointestinal hemorrhage,Gastrointestinal
"I've been experiencing sharp chest pain, headache, skin lesion, back pain and skin rash and I'm worried. It started two days ago.",shingles (herpes zoster),Dermatological
"Complaining of knee pain, groin pain and difficulty speaking. It got worse overnight.",fracture of the pelvis,Musculoskeletal/Other
"For the past few days I've had blood in stool, heartburn, changes in stool appearance, nausea, sharp abdominal pain and vomiting blood.",gastroduodenal ulcer,Gastrointestinal
"I have headache, coryza, sharp chest pain, wheezing, cough, coughing up sputum, fever and nasal congestion.",acute bronchitis,Respiratory
"My main problems are eyelid swelling, lacrimation, white discharge from eye and diminished vision. It comes and goes.",corneal abrasion,Musculoskeletal/Other
"Chief complaint: dizziness, rectal bleeding, vomiting and fainting. It started two days ago.",gastrointestinal hemorrhage,Gastrointestinal
"Patient reports weakness, jaundice, side pain, upper abdominal pain, unusual color or odor to urine, sharp abdominal pain, heartburn and diarrhea. It comes and goes.",liver disease,Gastrointestinal
"The symptoms are sharp abdominal pain, stomach bloating, nausea, vaginal itching, pain of the anus and vomiting. It started two days ago.",intestinal obstruction,Gastrointestinal
"For the past few days I've had vomiting, sore throat, upper abdominal pain, heartburn and sharp abdominal pain. It got worse overnight.",esophagitis,Gastrointestinal
"I have fainting, chest tightness, dizziness, sharp chest pain, peripheral edema, weakness and irregular heartbeat. This has lasted about a week.",heart block,Musculoskeletal/Other
"The symptoms are swollen eye, skin irritation, skin lesion and skin dryness, peeling, scaliness, or roughness. It started two days ago.",contact dermatitis,Dermatological
"Complaining of regurgitation.1, sharp abdominal pain, fever, vomiting, diarrhea, nausea and headache. This has lasted about a week.",gastritis,Gastrointestinal
"My main problems are hurts to breath, shortness of breath, wheezing, cough and decreased appetite.",acute bronchiolitis,Respiratory
"Since yesterday I've noticed sharp abdominal pain, upper abdominal pain, sharp chest pain, back pain, burning abdominal pain and abusing alcohol. It comes and goes.",acute pancreatitis,Gastrointestinal
"Complaining of vomiting, cough, chills, diarrhea, sore throat, fever, ache all over and headache. It got worse overnight.",flu,Respiratory
"The symptoms are side pain, coryza, chest tightness, wheezing and coughing up sputum.",chronic obstructive pulmonary disease (copd),Respiratory
"Complaining of difficulty breathing, wheezing, allergic reaction, sharp chest pain, coryza, chest tightness and cough. This has lasted about a week.",asthma,Respiratory
"Complaining of vomiting blood, regurgitation.1, headache and vomiting.",gastritis,Gastrointestinal
"The symptoms are melena, changes in stool appearance, fainting, vomiting, rectal bleeding and dizziness. It started two days ago.",gastrointestinal hemorrhage,Gastrointestinal
"I feel unwell, with groin pain, groin mass, lower abdominal pain, swollen abdomen and ache all over.",inguinal hernia,Gastrointestinal
"The symptoms are shortness of breath, pulling at ears, abnormal breathing sounds, cough and nasal congestion. It comes and goes.",croup,Respiratory
"My main problems are jaw swelling, peripheral edema, mouth ulcer, pain in gums and toothache.",tooth disorder,Musculoskeletal/Other
"I have regurgitation, rectal bleeding, fatigue, intermenstrual bleeding, regurgitation.1, dizziness and weight gain.",iron deficiency anemia,Musculoskeletal/Other
"For the past few days I've had lower abdominal pain, swollen abdomen, ache all over, sharp abdominal pain, irregular belly button and symptoms of the scrotum and testes. It comes and goes.",abdominal hernia,Gastrointestinal
"I have acne or pimples, skin lesion, skin rash, skin swelling, skin growth and foot or toe pain. It began this morning.",callus,Dermatological
"I came in because of nasal congestion, irritable infant, decreased appetite, vomiting, cough, wheezing, shortness of breath and difficulty breathing. It comes and goes.",acute bronchiolitis,Respiratory
"For the past few days I've had sleepiness, stiffness all over, headache, nasal congestion, shortness of breath, cough and wheezing. It began this morning.",interstitial lung disease,Respiratory
"I feel unwell, with cough, nasal congestion, hurts to breath, coryza, vomiting, irritable infant, fever and shortness of breath. It got worse overnight.",acute bronchiolitis,Respiratory
"My main problems are dry or flaky scalp, too little hair, symptoms of the face, skin growth and skin lesion. It started two days ago.",seborrheic dermatitis,Dermatological
"I feel unwell, with blood in stool, changes in stool appearance, vomiting blood, nausea, melena, vomiting, suprapubic pain, rectal bleeding and fainting.",gastrointestinal hemorrhage,Gastrointestinal
"I've been experiencing lower body pain, stomach bloating, nausea, side pain, abnormal appearing skin, upper abdominal pain, sharp chest pain and symptoms of the kidneys and I'm worried. It started two days ago.",cholecystitis,Gastrointestinal
"My main problems are blood clots during menstrual periods, sharp abdominal pain, lower abdominal pain, blood in stool, cramps and spasms and intermenstrual bleeding. It began this morning.",missed abortion,Musculoskeletal/Other
"I have headache, vaginal itching, vomiting and burning abdominal pain. It began this morning.",intestinal obstruction,Gastrointestinal
"I have nausea, upper abdominal pain, regurgitation, sharp abdominal pain, heartburn, vomiting blood, regurgitation.1 and difficulty in swallowing. It got worse overnight.",hiatal hernia,Gastrointestinal
"Patient reports upper abdominal pain, sharp abdominal pain, burning abdominal pain, flatulence, diarrhea and lower abdominal pain. This has lasted about a week.",irritable bowel syndrome,Gastrointestinal
"Patient reports peripheral edema, nausea, upper abdominal pain, diarrhea, heartburn, jaundice and blood in stool. It got worse overnight.",liver disease,Gastrointestinal
"I've been experiencing irritable infant, coryza, hurts to breath, wheezing and difficulty breathing and I'm worried.",acute bronchiolitis,Respiratory
"For the past few days I've had nausea, side pain, heartburn, sharp abdominal pain, sharp chest pain and lower body pain. It started two days ago.",gallstone,Gastrointestinal
"The symptoms are diarrhea, throat feels tight, melena, vomiting blood, fainting, sharp abdominal pain and dizziness. It began this morning.",gastrointestinal hemorrhage,Gastrointestinal
"Since yesterday I've noticed nausea, sharp abdominal pain, sore throat and sharp chest pain. It started two days ago.",esophagitis,Gastrointestinal
"For the past few days I've had unusual color or odor to urine, weakness, blood in stool, side pain and jaundice.",liver disease,Gastrointestinal
"Patient reports abnormal breathing sounds, cough, nasal congestion, redness in ear, sore throat and difficulty in swallowing. It started two days ago.",tonsillar hypertrophy,Respiratory
"Complaining of diminished vision, eye redness, spots or clouds in vision and foreign body sensation in eye. It comes and goes.",glaucoma,Musculoskeletal/Other
"Patient reports cough, allergic reaction, coryza, coughing up sputum, difficulty breathing, nasal congestion and sharp chest pain. This has lasted about a week.",asthma,Respiratory
"Since yesterday I've noticed heartburn, palpitations, weakness and leg pain. It began this morning.",hypertensive heart disease,Musculoskeletal/Other
"Chief complaint: cough, sharp abdominal pain, shortness of breath, fever, sharp chest pain and vomiting.",esophagitis,Gastrointestinal
"I feel unwell, with hurts to breath, decreased appetite, fever, vomiting, wheezing and irritable infant.",acute bronchiolitis,Respiratory
"Since yesterday I've noticed nasal congestion, fever, hoarse voice, throat feels tight, difficulty in swallowing and sore throat. It began this morning.",laryngitis,Respiratory
"Since yesterday I've noticed jaundice, diarrhea, shortness of breath, weakness and nausea.",liver disease,Gastrointestinal
"My main problems are lower body pain, low back pain, neck pain, headache, bones are painful, symptoms of the scrotum and testes, wrist pain and sharp chest pain.",injury to the trunk,Musculoskeletal/Other
"Patient reports weakness, vaginal discharge, shortness of breath, cough, hurts to breath, difficulty breathing, side pain, back pain and sharp abdominal pain.",pleural effusion,Respiratory
"Patient reports diarrhea, coryza, nausea, headache, sore throat and fever. This has lasted about a week.",flu,Respiratory
"Lately I keep having diarrhea, ache all over, coryza, vomiting, headache and sore throat. It started two days ago.",flu,Respiratory
"I've been experiencing weakness, vomiting and vomiting blood and I'm worried. It started two days ago.",gastrointestinal hemorrhage,Gastrointestinal
"Complaining of stomach bloating, nausea, ache all over, sharp abdominal pain and diarrhea.",pancreatic cancer,Gastrointestinal
"I came in because of sore throat, chest tightness, shortness of breath, sharp abdominal pain, burning abdominal pain, heartburn and nausea.",esophagitis,Gastrointestinal
"Lately I keep having back pain, nausea, lower body pain, leg swelling, upper abdominal pain and vomiting. It got worse overnight.",acute pancreatitis,Gastrointestinal
"My main problems are regurgitation.1, nausea, stomach bloating, upper abdominal pain, sharp chest pain, side pain and symptoms of the kidneys. It got worse overnight.",cholecystitis,Gastrointestinal
"Patient reports leg pain, side pain, difficulty breathing, chest tightness, weakness, sharp chest pain, hemoptysis and leg swelling. This has lasted about a week.",pulmonary embolism,Respiratory
"I've been experiencing swollen lymph nodes, feeling ill, cough and fever and I'm worried. It comes and goes.",mononucleosis,Febrile/Systemic
"Since yesterday I've noticed coughing up sputum, nasal congestion, wheezing and coryza. It got worse overnight.",asthma,Respiratory
"Lately I keep having wrist swelling, arm swelling, hand or finger swelling, arm pain, elbow swelling and arm stiffness or tightness. This has lasted about a week.",injury to the arm,Musculoskeletal/Other
"I have diarrhea, sharp abdominal pain, headache, regurgitation.1 and nausea. It began this morning.",gastritis,Gastrointestinal
"I've been experiencing apnea, difficulty breathing, sleepiness, sweating, abnormal involuntary movements, mouth dryness and shortness of breath and I'm worried. It began this morning.",obstructive sleep apnea (osa),Respiratory
"Since yesterday I've noticed burning abdominal pain, lower abdominal pain, swollen lymph nodes and blood in stool. It started two days ago.",ulcerative colitis,Gastrointestinal
"Lately I keep having unusual color or odor to urine, diarrhea, upper abdominal pain, heartburn, nausea, jaundice and weakness. It got worse overnight.",liver disease,Gastrointestinal
"I've been experiencing blood in stool, sharp abdominal pain, pain of the anus, constipation, vomiting, nausea, retention of urine and blood clots during menstrual periods and I'm worried.",chronic constipation,Gastrointestinal
"Patient reports nausea, lower abdominal pain, burning abdominal pain and sharp abdominal pain.",irritable bowel syndrome,Gastrointestinal
"For the past few days I've had itchiness of eye, symptoms of the face, lip swelling and skin rash. It started two days ago.",allergy,Musculoskeletal/Other
"For the past few days I've had nausea, dizziness, vomiting blood, sharp abdominal pain and difficulty in swallowing.",hiatal hernia,Gastrointestinal
"I have abnormal involuntary movements, weakness, headache and diminished vision. It began this morning.",bell palsy,Musculoskeletal/Other
"I've been experiencing chest tightness, weakness, hemoptysis, leg pain, sharp chest pain, leg swelling and shortness of breath and I'm worried. It began this morning.",pulmonary embolism,Respiratory
"Complaining of blood in stool, burning abdominal pain, flu-like syndrome, decreased appetite, fever, sneezing, fluid retention and nausea. It started two days ago.",infectious gastroenteritis,Febrile/Systemic
"For the past few days I've had cough, swollen lymph nodes, fever, nasal congestion, headache and sore throat.",mononucleosis,Febrile/Systemic
"Since yesterday I've noticed regurgitation.1, upper abdominal pain, nausea and vomiting.",gallstone,Gastrointestinal
"Chief complaint: hoarse voice, vomiting, nasal congestion, sore throat, cough and fever. It began this morning.",croup,Respiratory
"The symptoms are blood in stool, fluid retention, chills, flu-like syndrome, diarrhea, decreased appetite, sharp abdominal pain and fever. It started two days ago.",infectious gastroenteritis,Febrile/Systemic
"The symptoms are neck pain, back cramps or spasms, difficulty breathing, hip pain and side pain. This has lasted about a week.",chronic back pain,Musculoskeletal/Other
"Complaining of lower abdominal pain, sharp abdominal pain, vomiting, retention of urine and suprapubic pain. It began this morning.",kidney stone,Musculoskeletal/Other
"The symptoms are vomiting, diarrhea, regurgitation.1, blood in stool, nausea, regurgitation and burning abdominal pain. It started two days ago.",crohn disease,Gastrointestinal
"Chief complaint: fever, nasal congestion, sharp chest pain, sore throat, vomiting and cough. It started two days ago.",acute bronchospasm,Respiratory
"I feel unwell, with cough, headache, difficulty breathing and sharp chest pain.",acute bronchitis,Respiratory
"Since yesterday I've noticed difficulty breathing, shortness of breath, vomiting, cough, chest tightness and sore throat. It started two days ago.",acute bronchospasm,Respiratory
"The symptoms are nausea, back pain, regurgitation.1, upper abdominal pain, lower body pain and burning abdominal pain.",gallstone,Gastrointestinal
"For the past few days I've had suprapubic pain, low back pain, vomiting and back pain. It got worse overnight.",kidney stone,Musculoskeletal/Other
"Chief complaint: abnormal breathing sounds, painful sinuses, nosebleed, difficulty breathing and nasal congestion. It got worse overnight.",deviated nasal septum,Respiratory
"I came in because of symptoms of eye, swollen eye, itchiness of eye, eye burns or stings, pain in eye, diminished vision, foreign body sensation in eye and eye redness.",cornea infection,Musculoskeletal/Other
"Complaining of cough, coryza, sore throat, coughing up sputum, painful sinuses and headache.",acute sinusitis,Respiratory
"Since yesterday I've noticed vomiting, upper abdominal pain, heartburn and lower body pain.",gallstone,Gastrointestinal
"I've been experiencing diarrhea, heartburn, rectal bleeding, lower abdominal pain and vomiting and I'm worried.",diverticulosis,Gastrointestinal
"Complaining of toothache, fever, sore throat and mouth ulcer. This has lasted about a week.",aphthous ulcer,Gastrointestinal
"Chief complaint: dizziness, focal weakness, breathing fast, irregular heartbeat, palpitations, depression, insomnia, shortness of breath and anxiety and nervousness.",panic disorder,Musculoskeletal/Other
"I came in because of leg pain, difficulty breathing, sharp chest pain, side pain, chest tightness and hemoptysis. It started two days ago.",pulmonary embolism,Respiratory
"Complaining of sore throat, burning abdominal pain, sharp chest pain, sharp abdominal pain, nausea and heartburn.",esophagitis,Gastrointestinal
"Patient reports shortness of breath, apnea, feeling ill, palpitations, constipation, fatigue and hemoptysis. It got worse overnight.",pulmonary hypertension,Respiratory
"My main problems are shoulder pain, loss of sensation, back pain and elbow pain. This has lasted about a week.",brachial neuritis,Musculoskeletal/Other
Patient reports sharp chest pain and hand or finger stiffness or tightness. It started two days ago.,systemic lupus erythematosis (sle),Musculoskeletal/Other
"Since yesterday I've noticed leg pain, neck pain, hand or finger pain, paresthesia, low back pain and loss of sensation. It comes and goes.",complex regional pain syndrome,Musculoskeletal/Other
"My main problems are vomiting blood, hand or finger pain, sharp abdominal pain, diarrhea and headache.",gastritis,Gastrointestinal
"Chief complaint: blood in stool, burning abdominal pain, sharp abdominal pain, melena, heartburn, constipation and pain of the anus. It began this morning.",rectal disorder,Gastrointestinal
"My main problems are back pain, wrist pain, headache, shoulder pain, leg pain, foot or toe pain and hand or finger pain. It comes and goes.",sprain or strain,Musculoskeletal/Other
"Patient reports chest tightness, shortness of breath, fatigue, sweating, nightmares, sharp chest pain, irregular heartbeat and dizziness. It got worse overnight.",mitral valve disease,Musculoskeletal/Other
"Patient reports irritable infant, pulling at ears, diaper rash, fever and nasal congestion.",diaper rash,Dermatological
"I have cough, coryza, lacrimation, allergic reaction, ear pain, sore throat and frontal headache. It started two days ago.",seasonal allergies (hay fever),Febrile/Systemic
"My main problems are back pain, dizziness, nausea, upper abdominal pain, burning abdominal pain, difficulty in swallowing, sharp chest pain and sharp abdominal pain. This has lasted about a week.",hiatal hernia,Gastrointestinal
"For the past few days I've had hemoptysis, smoking problems and shortness of breath. It began this morning.",lung cancer,Respiratory
"I feel unwell, with sharp abdominal pain, melena, blood in stool, upper abdominal pain and nausea. It began this morning.",diverticulosis,Gastrointestinal
"Patient reports swollen abdomen, groin pain, ache all over, symptoms of the scrotum and testes and groin mass. It comes and goes.",inguinal hernia,Gastrointestinal
"I have sore throat, sharp abdominal pain, sharp chest pain and heartburn. It got worse overnight.",esophagitis,Gastrointestinal
"The symptoms are chills, vomiting, suprapubic pain, sharp abdominal pain and difficulty breathing.",sepsis,Febrile/Systemic
"Patient reports sweating, side pain, leg swelling, chest tightness, shortness of breath and hemoptysis.",pulmonary embolism,Respiratory
"Lately I keep having allergic reaction, cough, diarrhea, painful urination, vomiting and flatulence.",intestinal malabsorption,Gastrointestinal
"I've been experiencing sore throat, hoarse voice, throat feels tight, coryza and difficulty in swallowing and I'm worried. It comes and goes.",laryngitis,Respiratory
"Since yesterday I've noticed difficulty breathing, nasal congestion, cough, sore throat, wheezing, coryza and fever.",acute bronchitis,Respiratory
"My main problems are fever, sore throat, vomiting, nasal congestion and coryza. It comes and goes.",acute bronchospasm,Respiratory
"Lately I keep having chills, chest tightness, fever, wheezing, sharp chest pain, coryza, shortness of breath, nasal congestion and cough.",asthma,Respiratory
"I feel unwell, with facial pain, sharp chest pain, abnormal appearing skin, headache, skin lesion, skin rash and pain in eye.",shingles (herpes zoster),Dermatological
"Since yesterday I've noticed temper problems, depression, delusions or hallucinations, fears and phobias, anxiety and nervousness and drug abuse. This has lasted about a week.",personality disorder,Musculoskeletal/Other
"I have chills, burning abdominal pain, diarrhea and upper abdominal pain. It got worse overnight.",diverticulitis,Gastrointestinal
"Lately I keep having intermenstrual bleeding, vomiting, painful menstruation, burning abdominal pain, lower abdominal pain, vaginal discharge and nausea.",ovarian cyst,Musculoskeletal/Other
"The symptoms are diarrhea, vomiting, rectal bleeding, upper abdominal pain, nausea and sharp abdominal pain. This has lasted about a week.",diverticulosis,Gastrointestinal
"I came in because of itching of skin, sharp abdominal pain, nausea, feeling ill and vomiting. It started two days ago.",hepatitis due to a toxin,Gastrointestinal
"For the past few days I've had regurgitation.1, diarrhea and headache.",gastritis,Gastrointestinal
"I came in because of burning abdominal pain, constipation, blood in stool, lower abdominal pain, side pain, fever and vomiting. It began this morning.",diverticulitis,Gastrointestinal
"I feel unwell, with pain in eye, itchiness of eye, white discharge from eye, eye redness, sore throat, coryza and lacrimation.",conjunctivitis,Musculoskeletal/Other
"My main problems are sharp abdominal pain, jaundice, vomiting, feeling ill, itching of skin and depression. It got worse overnight.",hepatitis due to a toxin,Gastrointestinal
"Patient reports pelvic pain, lower abdominal pain, vaginal discharge, vaginal pain, vaginal redness, sharp abdominal pain and pain during intercourse.",vaginitis,Musculoskeletal/Other
"Patient reports diarrhea, blood in stool, peripheral edema, jaundice, unusual color or odor to urine and upper abdominal pain.",liver disease,Gastrointestinal
"My main problems are cough, difficulty breathing, back pain, sharp abdominal pain and headache. It got worse overnight.",pleural effusion,Respiratory
"Since yesterday I've noticed allergic reaction, apnea, painful sinuses, facial pain, nosebleed and headache.",deviated nasal septum,Respiratory
"I came in because of insomnia, shortness of breath, mouth dryness, apnea, weight gain, abnormal breathing sounds, difficulty breathing and sweating. It began this morning.",obstructive sleep apnea (osa),Respiratory
"Complaining of coryza, shortness of breath, sharp chest pain, difficulty breathing and nasal congestion. It began this morning.",pneumonia,Respiratory
"I feel unwell, with groin mass, swollen abdomen, ache all over, swelling of scrotum, mass in scrotum and symptoms of the scrotum and testes. This has lasted about a week.",inguinal hernia,Gastrointestinal
"Complaining of hip pain, loss of sensation, back pain, neck pain, shoulder pain, paresthesia, wheezing and arm weakness.",herniated disk,Gastrointestinal
"I came in because of irregular belly button, regurgitation, sharp abdominal pain, upper abdominal pain, regurgitation.1, ache all over and lower abdominal pain. It comes and goes.",abdominal hernia,Gastrointestinal
"Lately I keep having skin irritation, skin rash, itching of skin, skin swelling, acne or pimples, skin lesion and warts.",seborrheic keratosis,Dermatological
"I have nasal congestion, fever, abnormal breathing sounds, cough and shortness of breath.",croup,Respiratory
"The symptoms are difficulty in swallowing, chest tightness, sharp abdominal pain, sore throat and vomiting. It began this morning.",esophagitis,Gastrointestinal
"I've been experiencing fever, nasal congestion, coryza, sore throat, shortness of breath, abnormal breathing sounds, hoarse voice and vomiting and I'm worried.",croup,Respiratory
"I have pulling at ears, fever, wheezing and cough.",acute bronchiolitis,Respiratory
"Since yesterday I've noticed vomiting, retention of urine, pain of the anus, nausea, burning abdominal pain and sharp abdominal pain. It got worse overnight.",chronic constipation,Gastrointestinal
"I feel unwell, with sharp chest pain, back pain, stomach bloating, sharp abdominal pain, neck swelling, upper abdominal pain, regurgitation.1, side pain and burning abdominal pain. It comes and goes.",cholecystitis,Gastrointestinal
"Chief complaint: knee swelling, hand or finger lump or mass, skin growth, foot or toe pain and wrist swelling. This has lasted about a week.",ganglion cyst,Musculoskeletal/Other
"I have sore throat, difficulty in swallowing, chest tightness and heartburn. It began this morning.",esophagitis,Gastrointestinal
"My main problems are skin irritation, irregular appearing scalp, skin dryness, peeling, scaliness, or roughness, skin lesion, pelvic pain, skin swelling and skin growth. This has lasted about a week.",fungal infection of the hair,Dermatological
"Patient reports nausea, skin rash, vomiting blood, vomiting, sharp abdominal pain and changes in stool appearance. It comes and goes.",gastrointestinal hemorrhage,Gastrointestinal
"My main problems are coryza, sinus congestion, irritable infant and sore throat. It comes and goes.",abscess of nose,Dermatological
"My main problems are decreased appetite, side pain, fever, upper abdominal pain and vomiting.",appendicitis,Gastrointestinal
"For the past few days I've had painful sinuses, facial pain, headache, abnormal breathing sounds, allergic reaction and difficulty breathing. It got worse overnight.",deviated nasal septum,Respiratory
"Since yesterday I've noticed chills, wheezing and difficulty breathing. It started two days ago.",pneumonia,Respiratory
"I've been experiencing throat redness, facial pain, nasal congestion, swollen or red tonsils, sore throat, redness in ear and abnormal breathing sounds and I'm worried. It comes and goes.",tonsillitis,Respiratory
"Chief complaint: difficulty in swallowing, shortness of breath, apnea, sweating, mouth dryness and fatigue.",obstructive sleep apnea (osa),Respiratory
"Lately I keep having chills, burning abdominal pain, headache, vomiting, fluid retention and decreased appetite.",noninfectious gastroenteritis,Febrile/Systemic
"I've been experiencing shortness of breath, nausea, cough, upper abdominal pain, difficulty in swallowing and sharp chest pain and I'm worried.",esophagitis,Gastrointestinal
"The symptoms are elbow pain, skin swelling, wrist pain, leg pain, arm pain, loss of sensation and hand or finger pain. It started two days ago.",mononeuritis,Musculoskeletal/Other
"Since yesterday I've noticed cough, fever and neck stiffness or tightness. This has lasted about a week.",meningitis,Febrile/Systemic
"My main problems are peripheral edema, pain in eye, swollen eye and eye redness. It got worse overnight.",orbital cellulitis,Dermatological
"Since yesterday I've noticed sore throat, fever, vomiting, ache all over, diarrhea and cough.",flu,Respiratory
"The symptoms are painful sinuses, coryza, sore throat, frontal headache, palpitations, nasal congestion and facial pain.",acute sinusitis,Respiratory
"Since yesterday I've noticed sharp abdominal pain, burning abdominal pain, nausea, stomach bloating and retention of urine.",intestinal obstruction,Gastrointestinal
"Chief complaint: upper abdominal pain, vomiting, nausea, sharp abdominal pain, blood in stool, lower abdominal pain and melena. It began this morning.",diverticulosis,Gastrointestinal
"Lately I keep having sore throat, weakness, coryza, cough, difficulty breathing, fever and wheezing. It got worse overnight.",pneumonia,Respiratory
"Chief complaint: elbow swelling, arm stiffness or tightness, knee pain, elbow pain and arm pain. It began this morning.",bursitis,Musculoskeletal/Other
"I've been experiencing heartburn, sharp abdominal pain, side pain, nausea, blood in stool and diarrhea and I'm worried. It comes and goes.",liver disease,Gastrointestinal
"Complaining of symptoms of the kidneys, regurgitation.1, burning abdominal pain, back pain, lower body pain, sharp chest pain and vomiting. It got worse overnight.",cholecystitis,Gastrointestinal
"I've been experiencing flu-like syndrome, vomiting, decreased appetite, sharp abdominal pain, burning abdominal pain, diarrhea and chills and I'm worried.",infectious gastroenteritis,Febrile/Systemic
"I have upper abdominal pain, diarrhea, vomiting, fever, lower abdominal pain and burning abdominal pain.",appendicitis,Gastrointestinal
"Patient reports dizziness, difficulty speaking, focal weakness, weakness, problems with movement and leg stiffness or tightness. It comes and goes.",parkinson disease,Musculoskeletal/Other
"The symptoms are rectal bleeding, blood in stool, changes in stool appearance and mass or swelling around the anus. This has lasted about a week.",hemorrhoids,Gastrointestinal
"For the past few days I've had pain in testicles, symptoms of prostate, loss of sex drive, excessive urination at night and impotence.",erectile dysfunction,Musculoskeletal/Other
"My main problems are dizziness, vomiting blood, sharp abdominal pain, vomiting, weakness, apnea, burning abdominal pain, nausea and headache.",hyperemesis gravidarum,Musculoskeletal/Other
"I have problems with movement, neck pain, back pain, arm pain and paresthesia.",complex regional pain syndrome,Musculoskeletal/Other
"Chief complaint: wheezing, sharp chest pain, cough, chest tightness, difficulty breathing and shortness of breath. It started two days ago.",acute respiratory distress syndrome (ards),Respiratory
"Patient reports coughing up sputum, facial pain, sore throat, fever, nasal congestion, painful sinuses and coryza.",acute sinusitis,Respiratory
"My main problems are fever, coryza and sore throat. It got worse overnight.",acute sinusitis,Respiratory
"Since yesterday I've noticed weakness, cough and shortness of breath. It comes and goes.",pulmonary congestion,Respiratory
"I came in because of weakness, heartburn, jaundice and sharp abdominal pain. It comes and goes.",liver disease,Gastrointestinal
"For the past few days I've had plugged feeling in ear, abnormal breathing sounds, ringing in ear, nasal congestion, diminished hearing and sore throat.",eustachian tube dysfunction (ear disorder),Musculoskeletal/Other
"I have diarrhea, abusing alcohol, vomiting, lower body pain, back pain, sharp abdominal pain, upper abdominal pain and nausea. It started two days ago.",acute pancreatitis,Gastrointestinal
"I've been experiencing cough, abnormal breathing sounds, shortness of breath, wheezing, sore throat and fever and I'm worried. It began this morning.",interstitial lung disease,Respiratory
"Lately I keep having skin dryness, peeling, scaliness, or roughness, skin irritation, itching of skin, skin swelling, symptoms of the face and skin growth.",actinic keratosis,Dermatological
"I have sharp abdominal pain, suprapubic pain, difficulty breathing, shortness of breath, cough, vomiting and chills. It began this morning.",sepsis,Febrile/Systemic
"I feel unwell, with weakness, fever, nasal congestion, sharp chest pain and cough. This has lasted about a week.",pulmonary congestion,Respiratory
"Patient reports sore throat, vomiting, shortness of breath, fever, difficulty breathing and chest tightness. It started two days ago.",acute bronchospasm,Respiratory
"Since yesterday I've noticed burning abdominal pain, sharp abdominal pain, stomach bloating, nausea and back pain. It began this morning.",cholecystitis,Gastrointestinal
"Patient reports weakness, sharp chest pain, cough, fever, leg swelling and chest tightness. This has lasted about a week.",pulmonary congestion,Respiratory
"Since yesterday I've noticed vomiting, wheezing, chest tightness, sharp chest pain, difficulty breathing, fever and shortness of breath.",acute bronchospasm,Respiratory
"For the past few days I've had burning abdominal pain, fever, sharp abdominal pain and lower abdominal pain.",diverticulitis,Gastrointestinal
"Since yesterday I've noticed side pain, upper abdominal pain, abusing alcohol, vomiting, diarrhea, sharp abdominal pain and back pain. It started two days ago.",acute pancreatitis,Gastrointestinal
"I've been experiencing burning abdominal pain, low back pain, vomiting and sharp abdominal pain and I'm worried. It got worse overnight.",sickle cell crisis,Musculoskeletal/Other
"I've been experiencing difficulty breathing, decreased appetite, wheezing, fever, irritable infant and coryza and I'm worried.",acute bronchiolitis,Respiratory
"Complaining of sharp abdominal pain, weakness, blood in stool, shortness of breath, diarrhea, unusual color or odor to urine, jaundice and side pain.",liver disease,Gastrointestinal
"For the past few days I've had nasal congestion, fluid in ear, cough and diminished hearing. This has lasted about a week.",acute otitis media,Musculoskeletal/Other
"Since yesterday I've noticed ear pain, coryza, frontal headache, sore throat, fever and sinus congestion.",acute sinusitis,Respiratory
"Complaining of back pain, bones are painful, low back pain and sharp chest pain. It got worse overnight.",injury to the trunk,Musculoskeletal/Other
"I have toothache, wrist pain, headache, fever and mouth ulcer. It got worse overnight.",aphthous ulcer,Gastrointestinal
"Chief complaint: wheezing, irritable infant and fever.",acute bronchiolitis,Respiratory
"Patient reports fever, burning abdominal pain, decreased appetite and headache. It began this morning.",noninfectious gastroenteritis,Febrile/Systemic
"For the past few days I've had ear pain, fever, coryza, headache, wheezing, sore throat, cough and flu-like syndrome.",common cold,Respiratory
"I've been experiencing apnea, headache, fatigue and sleepiness and I'm worried. It began this morning.",narcolepsy,Musculoskeletal/Other
"Lately I keep having irritable infant, pulling at ears, difficulty breathing, wheezing, nasal congestion and coryza. It began this morning.",acute bronchiolitis,Respiratory
"Complaining of fever, hoarse voice, sore throat, nasal congestion, pulling at ears, vomiting and coryza. It started two days ago.",croup,Respiratory
"I have groin mass, eye deviation, groin pain, symptoms of the scrotum and testes, lower abdominal pain, pain in testicles and swollen abdomen.",inguinal hernia,Gastrointestinal
"For the past few days I've had groin pain, sharp abdominal pain, lower abdominal pain, swelling of scrotum and groin mass.",inguinal hernia,Gastrointestinal
"My main problems are fatigue, apnea, difficulty breathing, feeling ill, sharp chest pain, palpitations and cough. It got worse overnight.",pulmonary hypertension,Respiratory
"My main problems are lacrimation, headache, ear pain, cough, sore throat and nasal congestion.",seasonal allergies (hay fever),Febrile/Systemic
"I have vomiting, sharp abdominal pain, diarrhea, nausea, swollen lymph nodes and blood in stool. It got worse overnight.",ulcerative colitis,Gastrointestinal
"I came in because of coughing up sputum, chest tightness, difficulty breathing, cough, nasal congestion and shortness of breath.",asthma,Respiratory
"I've been experiencing wheezing, coryza, headache, fever and flu-like syndrome and I'm worried. It comes and goes.",common cold,Respiratory
"I've been experiencing fever, abnormal appearing skin, mouth ulcer, sore in nose and skin lesion and I'm worried. It began this morning.",impetigo,Dermatological
"Complaining of diminished hearing, pulling at ears, ear pain and plugged feeling in ear. This has lasted about a week.",ear drum damage,Musculoskeletal/Other
"Since yesterday I've noticed symptoms of eye, sneezing, pain in eye, nasal congestion, diminished vision, lacrimation and swollen eye.",conjunctivitis due to allergy,Musculoskeletal/Other
"I've been experiencing weakness, fever, difficulty breathing and vomiting and I'm worried.",pneumonia,Respiratory
"Complaining of heartburn, pain of the anus, constipation, itching of the anus, lower body pain and sharp abdominal pain. It began this morning.",hemorrhoids,Gastrointestinal
"Patient reports cough, itchy ear(s), diminished hearing, fever, ear pain, sore throat, facial pain and plugged feeling in ear.",otitis externa (swimmer's ear),Musculoskeletal/Other
"I feel unwell, with coughing up sputum, fever, difficulty breathing, congestion in chest and shortness of breath.",acute bronchitis,Respiratory
"Chief complaint: foreign body sensation in eye, headache, symptoms of eye, cloudy eye and eye burns or stings. It began this morning.",iridocyclitis,Musculoskeletal/Other
"Since yesterday I've noticed impotence, suprapubic pain, symptoms of bladder and retention of urine. It got worse overnight.",overflow incontinence,Musculoskeletal/Other
"For the past few days I've had regurgitation.1, sharp abdominal pain, regurgitation, burning abdominal pain and difficulty in swallowing. It began this morning.",gastroesophageal reflux disease (gerd),Gastrointestinal
"Patient reports cough, difficulty breathing, sore throat, congestion in chest, sharp chest pain, wheezing and fever. It started two days ago.",acute bronchitis,Respiratory
"Since yesterday I've noticed sharp abdominal pain, nausea, sharp chest pain, stomach bloating, vomiting, symptoms of the kidneys, lower body pain and upper abdominal pain.",cholecystitis,Gastrointestinal
"For the past few days I've had vomiting blood, back pain, nausea, difficulty in swallowing, dizziness and heartburn. It started two days ago.",hiatal hernia,Gastrointestinal
"I have side pain, upper abdominal pain, nausea, sharp abdominal pain, burning abdominal pain, back pain, stomach bloating and lower body pain. This has lasted about a week.",cholecystitis,Gastrointestinal
"My main problems are nasal congestion, coryza, itchiness of eye, sneezing, headache, cough and lacrimation. This has lasted about a week.",seasonal allergies (hay fever),Febrile/Systemic
"I feel unwell, with anxiety and nervousness, excessive anger, abusing alcohol, hostile behavior, insomnia and delusions or hallucinations.",post-traumatic stress disorder (ptsd),Musculoskeletal/Other
I have cough and feeling ill.,mononucleosis,Febrile/Systemic
"I have nasal congestion, vomiting, difficulty breathing, coryza and sore throat.",acute bronchospasm,Respiratory
"Chief complaint: cramps and spasms, sharp chest pain, sore throat, weakness, shortness of breath and nasal congestion. It comes and goes.",pneumonia,Respiratory
"I've been experiencing itching of skin, skin growth, lip swelling, skin irritation, acne or pimples, wrinkles on skin and abnormal appearing skin and I'm worried.",atrophic skin condition,Dermatological
"My main problems are coryza, wheezing, vomiting, cough, abnormal breathing sounds, hoarse voice, sore throat and shortness of breath.",croup,Respiratory
"Chief complaint: feeling ill, depressive or psychotic symptoms, drug abuse and shortness of breath. This has lasted about a week.",drug abuse (methamphetamine),Musculoskeletal/Other
"I came in because of sore throat, upper abdominal pain, burning abdominal pain, sharp abdominal pain, heartburn, difficulty in swallowing and vomiting. It began this morning.",esophagitis,Gastrointestinal
"Patient reports sleepiness, shortness of breath, abnormal breathing sounds, apnea and weight gain.",obstructive sleep apnea (osa),Respiratory
"I've been experiencing side pain, nausea, heartburn, shortness of breath, jaundice and blood in stool and I'm worried. It comes and goes.",liver disease,Gastrointestinal
"Chief complaint: irregular heartbeat, depression and depressive or psychotic symptoms.",anxiety,Musculoskeletal/Other
"My main problems are burning abdominal pain, chest tightness, cough and hoarse voice.",gastroesophageal reflux disease (gerd),Gastrointestinal
"Patient reports sharp chest pain, fever, nausea, loss of sensation, fainting and shortness of breath. It comes and goes.",hypokalemia,Musculoskeletal/Other
"Patient reports fever, wheezing, difficulty breathing, cough, headache, leg pain, nasal congestion and sharp chest pain. This has lasted about a week.",acute bronchitis,Respiratory
"I've been experiencing back pain, hip pain, side pain and shortness of breath and I'm worried. It got worse overnight.",fracture of the rib,Musculoskeletal/Other
"The symptoms are pain of the anus, lower abdominal pain and diarrhea.",ileus,Gastrointestinal
"I have stiffness all over, back pain, back mass or lump, low back pain, hip pain, neck pain and side pain. It comes and goes.",spondylitis,Musculoskeletal/Other
"Complaining of peripheral edema, abnormal involuntary movements, diarrhea, stomach bloating, weight gain and sharp abdominal pain.",alcoholic liver disease,Gastrointestinal
"Patient reports sharp abdominal pain, rectal bleeding, retention of urine and hip pain.",chronic constipation,Gastrointestinal
"Chief complaint: fatigue, sweating, irregular heartbeat and increased heart rate. It comes and goes.",mitral valve disease,Musculoskeletal/Other
"Chief complaint: decreased appetite, suprapubic pain, shortness of breath, vomiting, sharp abdominal pain, paresthesia and chills.",sepsis,Febrile/Systemic
"Chief complaint: temper problems, depressive or psychotic symptoms, hostile behavior, obsessions and compulsions, depression, feeling ill, lack of growth and low self-esteem. It began this morning.",obsessive compulsive disorder (ocd),Musculoskeletal/Other
"I came in because of side pain, retention of urine, frequent urination, blood in urine and symptoms of prostate. It comes and goes.",urinary tract obstruction,Musculoskeletal/Other
"Patient reports burning abdominal pain, sharp abdominal pain, rectal bleeding, chills, vomiting, decreased appetite, blood in stool and fever. It got worse overnight.",noninfectious gastroenteritis,Febrile/Systemic
"I came in because of sharp abdominal pain, stomach bloating and retention of urine.",intestinal obstruction,Gastrointestinal
"Complaining of congestion in chest, ear pain, cough, frontal headache and painful sinuses. It comes and goes.",chronic sinusitis,Respiratory
"I have coughing up sputum, difficulty breathing, wheezing, shortness of breath and nasal congestion.",asthma,Respiratory
"My main problems are coryza, fever, sore throat, ear pain, facial pain, painful sinuses, frontal headache and coughing up sputum. This has lasted about a week.",acute sinusitis,Respiratory
"Patient reports upper abdominal pain, regurgitation.1, stomach bloating and back pain.",cholecystitis,Gastrointestinal
"I feel unwell, with fever, suprapubic pain, blood in urine, vomiting and back pain.",urinary tract infection,Musculoskeletal/Other
"For the past few days I've had throat feels tight, coryza, ear pain, difficulty in swallowing, cough and fever.",laryngitis,Respiratory
"Complaining of coryza, sharp chest pain, difficulty breathing, cough, headache and sore throat.",acute bronchitis,Respiratory
"My main problems are abusing alcohol, sharp abdominal pain, diarrhea, vomiting, lower body pain, burning abdominal pain and nausea.",acute pancreatitis,Gastrointestinal
"I came in because of blood in stool, nausea, lower abdominal pain, swollen lymph nodes, diarrhea, burning abdominal pain and rectal bleeding. This has lasted about a week.",ulcerative colitis,Gastrointestinal
"My main problems are ache all over, mass in scrotum, sharp abdominal pain and symptoms of the scrotum and testes.",inguinal hernia,Gastrointestinal
"The symptoms are vomiting, difficulty breathing, nasal congestion and cough. It began this morning.",acute bronchospasm,Respiratory
"Patient reports cramps and spasms, painful menstruation, intermenstrual bleeding, problems with movement, sharp abdominal pain and frequent menstruation.",idiopathic excessive menstruation,Musculoskeletal/Other
"My main problems are coryza, sharp chest pain, wheezing, fever and nasal congestion. It comes and goes.",acute bronchitis,Respiratory
"I came in because of throat feels tight, nasal congestion, diminished hearing, throat redness, redness in ear, abnormal breathing sounds and swollen or red tonsils. It comes and goes.",tonsillitis,Respiratory
"My main problems are changes in stool appearance, upper abdominal pain, sharp abdominal pain and nausea.",gastroduodenal ulcer,Gastrointestinal
"Lately I keep having side pain, vomiting, regurgitation.1, lower body pain, back pain, burning abdominal pain, sharp abdominal pain and sharp chest pain.",gallstone,Gastrointestinal
"Complaining of ear pain, dizziness, nasal congestion, swollen or red tonsils, ringing in ear and abnormal breathing sounds. It comes and goes.",eustachian tube dysfunction (ear disorder),Musculoskeletal/Other
"Patient reports throat redness, swollen or red tonsils, throat feels tight, lump in throat, redness in ear and diminished hearing.",tonsillitis,Respiratory
"Complaining of rectal bleeding, diarrhea, low self-esteem, nausea, swollen lymph nodes, blood in stool and sharp abdominal pain.",ulcerative colitis,Gastrointestinal
"The symptoms are wheezing, sore throat, fever, shortness of breath, difficulty breathing and sharp chest pain. It got worse overnight.",acute bronchospasm,Respiratory
"My main problems are skin swelling, leg pain, leg swelling, foot or toe pain and skin on leg or foot looks infected. It began this morning.",thrombophlebitis,Musculoskeletal/Other
"I feel unwell, with itching of skin, skin swelling, skin lesion, acne or pimples, skin moles, skin rash and skin growth. It started two days ago.",seborrheic keratosis,Dermatological
"Chief complaint: coryza, nasal congestion, fever and cough. It began this morning.",acute sinusitis,Respiratory
"Since yesterday I've noticed knee pain, paresthesia, arm pain, back pain and apnea. This has lasted about a week.",spondylosis,Musculoskeletal/Other
"I've been experiencing difficulty breathing, sweating, chest tightness, leg swelling and leg pain and I'm worried. It comes and goes.",pulmonary embolism,Respiratory
"Chief complaint: sharp abdominal pain, diarrhea, nausea and side pain.",diverticulitis,Gastrointestinal
"I feel unwell, with diarrhea, sharp abdominal pain, anxiety and nervousness, flatulence, burning abdominal pain and insomnia.",irritable bowel syndrome,Gastrointestinal
"The symptoms are cough, upper abdominal pain, sharp abdominal pain, nausea, difficulty in swallowing, shortness of breath, sharp chest pain and burning abdominal pain.",esophagitis,Gastrointestinal
"I feel unwell, with blood in stool, flu-like syndrome, fever, sharp abdominal pain, decreased appetite and headache. This has lasted about a week.",infectious gastroenteritis,Febrile/Systemic
"Lately I keep having pain of the anus, blood in stool, rectal bleeding, sharp abdominal pain and vomiting.",crohn disease,Gastrointestinal
"Since yesterday I've noticed nasal congestion, coughing up sputum, fever, wheezing and allergic reaction. It got worse overnight.",asthma,Respiratory
"Lately I keep having headache, vomiting, coryza and ache all over. It started two days ago.",flu,Respiratory
"For the past few days I've had paresthesia, hip pain, arm pain and back pain. It comes and goes.",herniated disk,Gastrointestinal
"For the past few days I've had lower abdominal pain, decreased appetite, vomiting, side pain, nausea, diarrhea, burning abdominal pain and fever.",appendicitis,Gastrointestinal
"I have headache, disturbance of memory, low back pain, neck stiffness or tightness, insomnia and dizziness. It comes and goes.",pain disorder affecting the neck,Musculoskeletal/Other
"The symptoms are wheezing, fever, nasal congestion, chest tightness, difficulty breathing and coryza. It started two days ago.",asthma,Respiratory
"I have back pain, blood in urine, retention of urine, lower abdominal pain, suprapubic pain and vomiting. This has lasted about a week.",kidney stone,Musculoskeletal/Other
"Patient reports loss of sensation, elbow pain, wrist pain, shoulder pain and arm pain. This has lasted about a week.",mononeuritis,Musculoskeletal/Other
"Patient reports chest tightness, cough, intermenstrual bleeding, sharp chest pain, hemoptysis and sweating. It began this morning.",pulmonary embolism,Respiratory
"I have decreased appetite, nausea, vomiting, sharp abdominal pain and fever. It got worse overnight.",infectious gastroenteritis,Febrile/Systemic
"I have skin rash, skin lesion, leg pain, peripheral edema, hand or finger pain and hand or finger swelling. It comes and goes.",pyogenic skin infection,Dermatological
"My main problems are neck pain, throat swelling, neck cramps or spasms, shoulder pain, neck stiffness or tightness and abnormal involuntary movements. It began this morning.",torticollis,Musculoskeletal/Other
"For the past few days I've had weakness, difficulty breathing, sharp chest pain, shortness of breath, coryza and chills. It started two days ago.",pneumonia,Respiratory
"Chief complaint: itchiness of eye, diminished vision, lacrimation, eyelid swelling, symptoms of eye and eye redness.",corneal abrasion,Musculoskeletal/Other
"Complaining of sore throat, nausea, headache, coryza and ache all over.",flu,Respiratory
"I feel unwell, with depression and sharp abdominal pain.",hepatitis due to a toxin,Gastrointestinal
"I have chest tightness, nasal congestion, coughing up sputum, shortness of breath, coryza and wheezing. It started two days ago.",asthma,Respiratory
"The symptoms are nasal congestion, shortness of breath, decreased heart rate, chest tightness and fever.",pulmonary congestion,Respiratory
"I came in because of jaw swelling, neck mass, facial pain, peripheral edema and toothache. It began this morning.",jaw disorder,Musculoskeletal/Other
"My main problems are cough, headache, allergic reaction, lacrimation, coryza and frontal headache.",seasonal allergies (hay fever),Febrile/Systemic
"Patient reports side pain, nausea, fever, lower abdominal pain and suprapubic pain.",urinary tract infection,Musculoskeletal/Other
"Since yesterday I've noticed long menstrual periods, heavy menstrual flow, unpredictable menstruation, vaginal discharge, sharp abdominal pain, intermenstrual bleeding and blood clots during menstrual periods. It got worse overnight.",idiopathic excessive menstruation,Musculoskeletal/Other
"Lately I keep having hemoptysis, vomiting, diarrhea, upper abdominal pain, sharp abdominal pain and back pain. It comes and goes.",acute pancreatitis,Gastrointestinal
"I've been experiencing sore throat, hip pain, sharp chest pain, cough, coryza, fever and wheezing and I'm worried.",pneumonia,Respiratory
"Since yesterday I've noticed vomiting, abusing alcohol, sharp abdominal pain, nausea, sharp chest pain and lower body pain. It comes and goes.",acute pancreatitis,Gastrointestinal
"My main problems are ear pain, fever, allergic reaction, frontal headache, sinus congestion, headache and facial pain. It began this morning.",chronic sinusitis,Respiratory
"Since yesterday I've noticed cough, difficulty breathing, wheezing, coryza and sore throat. It began this morning.",pneumonia,Respiratory
"I've been experiencing fever, coryza, coughing up sputum and shortness of breath and I'm worried. This has lasted about a week.",asthma,Respiratory
"Chief complaint: melena, cramps and spasms, constipation, rectal bleeding, diarrhea and heartburn. It comes and goes.",rectal disorder,Gastrointestinal
"Complaining of fever, headache and nausea.",flu,Respiratory
"Patient reports nasal congestion, shortness of breath, sharp chest pain, headache, difficulty breathing, wheezing and coryza.",acute bronchitis,Respiratory
"I've been experiencing pelvic pain, lower abdominal pain, pain during pregnancy, problems during pregnancy and vaginal discharge and I'm worried. It began this morning.",vaginal cyst,Musculoskeletal/Other
"Complaining of rectal bleeding, burning abdominal pain, headache, blood in stool, fluid retention and diarrhea. This has lasted about a week.",noninfectious gastroenteritis,Febrile/Systemic
"I've been experiencing low back pain, neck pain, back pain, hip pain, shoulder pain, leg weakness and leg pain and I'm worried.",herniated disk,Gastrointestinal
"Chief complaint: headache, facial pain, nasal congestion, apnea, abnormal breathing sounds, sore throat and painful sinuses. It began this morning.",deviated nasal septum,Respiratory
"I came in because of fever, headache, coryza, congestion in chest, coughing up sputum and wheezing.",acute bronchitis,Respiratory
"I've been experiencing symptoms of eye, problems with movement, diminished vision, double vision, spots or clouds in vision, eye redness and foreign body sensation in eye and I'm worried. It got worse overnight.",acute glaucoma,Musculoskeletal/Other
"For the past few days I've had nausea, sore throat, ache all over, cough, vomiting, coryza, chills and diarrhea. This has lasted about a week.",flu,Respiratory
"Complaining of rectal bleeding, sharp abdominal pain, fever, chills and burning abdominal pain.",noninfectious gastroenteritis,Febrile/Systemic
"For the past few days I've had side pain, frequent urination, upper abdominal pain and heartburn. It comes and goes.",liver disease,Gastrointestinal
"Patient reports slurring words, sore throat, redness in ear, apnea and cough. It comes and goes.",tonsillar hypertrophy,Respiratory
"Since yesterday I've noticed heartburn, nausea, side pain, regurgitation.1, vomiting and sharp abdominal pain.",gallstone,Gastrointestinal
"Lately I keep having sharp chest pain, back pain, lower body pain, side pain, vomiting, burning abdominal pain and regurgitation.1.",gallstone,Gastrointestinal
"Patient reports vomiting, nausea, decreased appetite and flu-like syndrome.",infectious gastroenteritis,Febrile/Systemic
"For the past few days I've had itching of skin, vaginal itching, vaginal redness and vaginal discharge. This has lasted about a week.",vaginal yeast infection,Musculoskeletal/Other
"Since yesterday I've noticed vomiting, difficulty in swallowing, nausea and burning abdominal pain. It began this morning.",stomach cancer,Gastrointestinal
"My main problems are ache all over, vomiting, chills, ear pain, headache, sore throat and difficulty in swallowing.",strep throat,Musculoskeletal/Other
"Complaining of changes in stool appearance, blood in stool, dizziness, nausea and sharp abdominal pain. It began this morning.",gastrointestinal hemorrhage,Gastrointestinal
"Since yesterday I've noticed blood in stool, nausea, cross-eyed, vomiting, sharp abdominal pain, rectal bleeding and changes in stool appearance. It got worse overnight.",chronic constipation,Gastrointestinal
"I came in because of feeling ill, sharp chest pain, cough, shortness of breath and apnea. It began this morning.",pulmonary hypertension,Respiratory
"Since yesterday I've noticed ankle pain, problems with movement, muscle pain, ankle swelling, bones are painful and foot or toe pain. This has lasted about a week.",plantar fasciitis,Musculoskeletal/Other
"I feel unwell, with sore throat, difficulty breathing, congestion in chest, shortness of breath, sharp chest pain, cough and coughing up sputum. It comes and goes.",acute bronchitis,Respiratory
"For the past few days I've had nausea, upper abdominal pain, lower body pain, vomiting, side pain and sharp chest pain. It got worse overnight.",gallstone,Gastrointestinal
"Patient reports itchy eyelid, spots or clouds in vision and foreign body sensation in eye. It started two days ago.",glaucoma,Musculoskeletal/Other
"My main problems are sleepiness, fatigue, shortness of breath, insomnia, nasal congestion, abnormal involuntary movements, mouth dryness, sweating and abnormal breathing sounds. It began this morning.",obstructive sleep apnea (osa),Respiratory
"Complaining of ear pain, fever, cough, nasal congestion, skin irritation, throat feels tight, hoarse voice and difficulty in swallowing.",laryngitis,Respiratory
"Chief complaint: lower abdominal pain, groin pain, swelling of scrotum and skin growth. It started two days ago.",varicocele of the testicles,Musculoskeletal/Other
"Patient reports cough, chest tightness, coryza, shortness of breath, coughing up sputum and sharp chest pain.",asthma,Respiratory
"Since yesterday I've noticed feeling ill, weakness, chills, difficulty breathing, shortness of breath, sharp abdominal pain, vomiting and suprapubic pain.",sepsis,Febrile/Systemic
"I have nasal congestion, coughing up sputum and fever.",acute sinusitis,Respiratory
"For the past few days I've had lacrimation, frontal headache, headache, ear pain, sore throat and itchiness of eye. It got worse overnight.",seasonal allergies (hay fever),Febrile/Systemic
"I have headache, burning abdominal pain, fever and sharp chest pain.",gastritis,Gastrointestinal
"Since yesterday I've noticed shortness of breath, chills, fever, depressive or psychotic symptoms, sharp chest pain and difficulty breathing. It started two days ago.",acute respiratory distress syndrome (ards),Respiratory
"Lately I keep having diarrhea, rectal bleeding, blood in stool, sharp abdominal pain and heartburn.",colonic polyp,Gastrointestinal
"The symptoms are difficulty in swallowing, coryza, nasal congestion and fever. It began this morning.",laryngitis,Respiratory
"The symptoms are arm weakness, leg weakness, disturbance of memory, loss of sensation, leg pain and abnormal involuntary movements.",peripheral nerve disorder,Musculoskeletal/Other
"I've been experiencing vomiting, wheezing, sore throat and fever and I'm worried. It got worse overnight.",common cold,Respiratory
"Complaining of sharp chest pain, leg swelling, weakness, fever and cough. It got worse overnight.",pulmonary congestion,Respiratory
"Complaining of fluid retention, chills, nausea, headache, flu-like syndrome, diarrhea, fever and vomiting. It started two days ago.",infectious gastroenteritis,Febrile/Systemic
"I came in because of upper abdominal pain, sharp chest pain, difficulty in swallowing, back pain and dizziness.",hiatal hernia,Gastrointestinal
"Complaining of heartburn, unusual color or odor to urine, shortness of breath, weakness, peripheral edema and jaundice.",liver disease,Gastrointestinal
"For the past few days I've had spotting or bleeding during pregnancy, vomiting, nausea, problems during pregnancy, lower abdominal pain, pelvic pain and pain during pregnancy. It started two days ago.",problem during pregnancy,Musculoskeletal/Other
"Chief complaint: lower body pain, burning abdominal pain, sharp abdominal pain, sharp chest pain, symptoms of the kidneys and back pain. It started two days ago.",cholecystitis,Gastrointestinal
"I feel unwell, with itching of skin, skin swelling, abnormal appearing skin, foot or toe swelling and unpredictable menstruation.",scabies,Dermatological
"My main problems are nasal congestion, fever, sharp chest pain, coughing up sputum and difficulty breathing. It comes and goes.",asthma,Respiratory
"The symptoms are depression, obsessions and compulsions, delusions or hallucinations, depressive or psychotic symptoms, fears and phobias and insomnia.",bipolar disorder,Musculoskeletal/Other
"I've been experiencing changes in stool appearance, sharp abdominal pain and pain of the anus and I'm worried.",chronic constipation,Gastrointestinal
"Lately I keep having feeling ill, sharp chest pain, difficulty breathing, palpitations and hemoptysis. It comes and goes.",pulmonary hypertension,Respiratory
"Since yesterday I've noticed feeling ill, difficulty breathing and sharp chest pain. It started two days ago.",pulmonary hypertension,Respiratory
"I have mass or swelling around the anus, lower body pain, sharp abdominal pain, changes in stool appearance, heartburn, constipation, blood in stool and melena. It started two days ago.",hemorrhoids,Gastrointestinal
"I have apnea, shortness of breath, difficulty breathing, palpitations, feeling ill, fatigue and sharp chest pain. It started two days ago.",pulmonary hypertension,Respiratory
"Complaining of burning abdominal pain, diarrhea, vomiting and stomach bloating. It started two days ago.",appendicitis,Gastrointestinal
"I came in because of foot or toe swelling, abnormal appearing skin, foot or toe pain, skin growth, neck swelling, skin dryness, peeling, scaliness, or roughness and skin on leg or foot looks infected. It started two days ago.",ingrown toe nail,Musculoskeletal/Other
"For the past few days I've had burning abdominal pain, lower abdominal pain, nausea and decreased appetite.",appendicitis,Gastrointestinal
"I came in because of cough, leg weakness and smoking problems. It got worse overnight.",lung cancer,Respiratory
"I feel unwell, with changes in stool appearance, melena, rectal bleeding, itching of the anus, pain of the anus, heartburn and mass or swelling around the anus.",hemorrhoids,Gastrointestinal
"Since yesterday I've noticed neck pain, wrist swelling, arm pain, loss of sensation, bleeding from eye, hand or finger swelling, hand or finger pain and paresthesia. This has lasted about a week.",carpal tunnel syndrome,Musculoskeletal/Other
"Chief complaint: changes in stool appearance, retention of urine, pain of the anus, lower abdominal pain, blood in stool and vomiting.",chronic constipation,Gastrointestinal
"I feel unwell, with sharp chest pain, difficulty breathing, vomiting, coryza, wheezing and cough. It comes and goes.",acute bronchospasm,Respiratory
"Chief complaint: sharp abdominal pain, pelvic pain, problems during pregnancy, uterine contractions, burning abdominal pain and heavy menstrual flow. It got worse overnight.",spontaneous abortion,Musculoskeletal/Other
"I feel unwell, with fever, hoarse voice, cough, coryza, throat feels tight, sore throat and difficulty speaking. It comes and goes.",laryngitis,Respiratory
"The symptoms are ache all over, sharp chest pain, low back pain, back pain and neck pain. It began this morning.",fibromyalgia,Musculoskeletal/Other
"My main problems are decreased heart rate, dizziness, weight gain, increased heart rate, sharp chest pain and irregular heartbeat. It got worse overnight.",paroxysmal ventricular tachycardia,Musculoskeletal/Other
"Chief complaint: sharp chest pain, shortness of breath, hurts to breath, sharp abdominal pain, back pain and difficulty breathing. It began this morning.",pleural effusion,Respiratory
"I came in because of fever, facial pain, ear pain, headache, painful sinuses, sore throat, cough and congestion in chest.",chronic sinusitis,Respiratory
"The symptoms are rectal bleeding, diarrhea, sharp abdominal pain and vomiting blood.",gastrointestinal hemorrhage,Gastrointestinal
"Patient reports chills, decreased appetite, ear pain, wheezing and cough. It started two days ago.",common cold,Respiratory
My main problems are sore throat. It got worse overnight.,common cold,Respiratory
"I have regurgitation, dizziness, upper abdominal pain, regurgitation.1, sharp abdominal pain and heartburn. It began this morning.",hiatal hernia,Gastrointestinal
"Complaining of lower abdominal pain, vaginal itching, vaginal redness, vaginal discharge, sharp abdominal pain and suprapubic pain.",vaginitis,Musculoskeletal/Other
"Since yesterday I've noticed wheezing, decreased appetite, shoulder pain, pulling at ears, cough, hurts to breath and nasal congestion. It got worse overnight.",acute bronchiolitis,Respiratory
"The symptoms are sharp abdominal pain, headache, fever, rectal bleeding, chills and blood in stool.",noninfectious gastroenteritis,Febrile/Systemic
"I came in because of painful urination, diaper rash, itching of skin and suprapubic pain.",balanitis,Musculoskeletal/Other
"Since yesterday I've noticed sinus congestion, decreased appetite, abnormal appearing skin, fever, itching of skin and nasal congestion. It started two days ago.",viral exanthem,Musculoskeletal/Other
"Patient reports sharp abdominal pain, chest tightness and difficulty in swallowing.",gastroesophageal reflux disease (gerd),Gastrointestinal
"The symptoms are heartburn, increased heart rate, arm pain, fainting, shortness of breath, irregular heartbeat and sweating. It started two days ago.",heart attack,Musculoskeletal/Other
"For the past few days I've had shoulder pain, back pain, knee pain, fluid retention, pelvic pain and sharp abdominal pain.",chronic pain disorder,Musculoskeletal/Other
"My main problems are decreased appetite, vomiting, chills, sharp abdominal pain, difficulty breathing, fever, feeling ill and suprapubic pain.",sepsis,Febrile/Systemic
"I came in because of fatigue, weight gain, mouth dryness, sweating and shortness of breath. It started two days ago.",obstructive sleep apnea (osa),Respiratory
"Complaining of burning abdominal pain, sharp abdominal pain, regurgitation.1, blood in urine, sharp chest pain and side pain. It started two days ago.",gallstone,Gastrointestinal
"Patient reports decreased appetite, difficulty breathing, vomiting, cough, suprapubic pain, wrist swelling and weakness. It comes and goes.",sepsis,Febrile/Systemic
"Since yesterday I've noticed sharp abdominal pain, heartburn, lower body pain, pain of the anus and constipation. It got worse overnight.",hemorrhoids,Gastrointestinal
"Patient reports depression, insomnia, unpredictable menstruation and drug abuse. It comes and goes.",poisoning due to sedatives,Musculoskeletal/Other
"Chief complaint: wheezing, sore throat, shortness of breath, headache, cough and fever. It started two days ago.",acute bronchitis,Respiratory
"Complaining of increased heart rate, sharp chest pain, shortness of breath and hot flashes. It started two days ago.",angina,Musculoskeletal/Other
"Since yesterday I've noticed upper abdominal pain, diarrhea, blood in stool, side pain, vomiting, fever, chills, intermenstrual bleeding and constipation.",diverticulitis,Gastrointestinal
"For the past few days I've had decreased appetite, nasal congestion, irritable infant, difficulty breathing, pulling at ears, fever and wheezing.",acute bronchiolitis,Respiratory
"Complaining of constipation, pain of the anus, headache and nausea.",ileus,Gastrointestinal
"I have abnormal breathing sounds, shortness of breath, nasal congestion, vomiting, hoarse voice and wheezing. It began this morning.",croup,Respiratory
"Lately I keep having coryza, shortness of breath, sore throat, wheezing, pulling at ears and abnormal breathing sounds. It began this morning.",croup,Respiratory
"I have vomiting, wheezing, ear pain, cough and chills. It got worse overnight.",common cold,Respiratory
Lately I keep having fatigue and palpitations.,ischemic heart disease,Musculoskeletal/Other
"My main problems are sharp abdominal pain, retention of urine, pain of the anus, blood in stool, nausea, changes in stool appearance, rectal bleeding, diminished hearing and vomiting. It got worse overnight.",chronic constipation,Gastrointestinal
"I've been experiencing lower abdominal pain, blood in stool, vomiting blood, nausea, dizziness and rectal bleeding and I'm worried. It started two days ago.",gastrointestinal hemorrhage,Gastrointestinal
"Since yesterday I've noticed cough, nasal congestion, sore throat, coryza, vomiting, chills, fever and weakness. It got worse overnight.",pneumonia,Respiratory
"I came in because of sharp abdominal pain, back pain, frequent urination, retention of urine, chills and painful urination. It got worse overnight.",prostatitis,Musculoskeletal/Other
"I feel unwell, with sharp abdominal pain and involuntary urination. This has lasted about a week.",benign kidney cyst,Musculoskeletal/Other
"Patient reports irritable infant, fever, vomiting and difficulty breathing. It got worse overnight.",acute bronchiolitis,Respiratory
"I came in because of upper abdominal pain, burning abdominal pain, nausea, vomiting, abusing alcohol and back pain.",acute pancreatitis,Gastrointestinal
"I've been experiencing irritable infant, cough, shortness of breath, pulling at ears, nasal congestion and coryza and I'm worried. It began this morning.",acute bronchiolitis,Respiratory
"Lately I keep having side pain, fever, burning abdominal pain and chills. It got worse overnight.",diverticulitis,Gastrointestinal
"I came in because of back pain, upper abdominal pain, vomiting and regurgitation.1. It began this morning.",cholecystitis,Gastrointestinal
"The symptoms are blood in stool, rectal bleeding, decreased appetite, nausea and diarrhea. It comes and goes.",noninfectious gastroenteritis,Febrile/Systemic
"I have mass or swelling around the anus, heartburn, lower body pain, rectal bleeding, sharp abdominal pain and melena. It got worse overnight.",hemorrhoids,Gastrointestinal
"Complaining of hand or finger pain, hand or finger swelling, foot or toe pain, abnormal appearing skin and foot or toe swelling.",pyogenic skin infection,Dermatological
"Chief complaint: mouth dryness, bleeding or discharge from nipple, postpartum problems of the breast, abnormal appearing skin, pain or soreness of breast, lump or mass of breast and chills.",breast infection (mastitis),Musculoskeletal/Other
"I have cough, ear pain, sore throat, chills and vomiting.",common cold,Respiratory
"The symptoms are throat feels tight, redness in ear, throat redness, nasal congestion, diminished hearing and abnormal breathing sounds. It comes and goes.",tonsillitis,Respiratory
"I came in because of neck pain, sleepiness, back pain, dizziness, nausea, rib pain, difficulty speaking and facial pain. It comes and goes.",concussion,Musculoskeletal/Other
"For the past few days I've had rectal bleeding, fainting, diarrhea and dizziness. It started two days ago.",gastrointestinal hemorrhage,Gastrointestinal
"Lately I keep having decreased heart rate, fainting, chest tightness, palpitations and increased heart rate. It began this morning.",sinus bradycardia,Musculoskeletal/Other
"Complaining of lower abdominal pain, headache, vomiting, nausea, diarrhea and sharp abdominal pain. It comes and goes.",ileus,Gastrointestinal
"I've been experiencing difficulty breathing, wheezing, vomiting, nasal congestion, coryza and sharp chest pain and I'm worried. It started two days ago.",acute bronchospasm,Respiratory
"Chief complaint: fever, painful sinuses, sinus congestion, sore throat, facial pain and headache.",chronic sinusitis,Respiratory
"I've been experiencing fever, cough, shortness of breath, anxiety and nervousness, sharp chest pain and allergic reaction and I'm worried.",asthma,Respiratory
"I feel unwell, with wheezing, hurts to breath, pulling at ears and nasal congestion. It got worse overnight.",acute bronchiolitis,Respiratory
"I came in because of sharp chest pain, chest tightness, sore throat and wheezing.",acute bronchospasm,Respiratory
"I feel unwell, with lower body pain, heartburn, vomiting, back pain, burning abdominal pain and nausea.",gallstone,Gastrointestinal
"Since yesterday I've noticed difficulty breathing, shortness of breath, leg swelling, side pain, sweating and leg pain. It began this morning.",pulmonary embolism,Respiratory
"My main problems are sore throat, fever, difficulty breathing, cough and congestion in chest.",acute bronchitis,Respiratory
"For the past few days I've had shortness of breath, fever, cough, nasal congestion, sore throat, sharp chest pain, difficulty breathing and wheezing. It comes and goes.",acute bronchospasm,Respiratory
"Patient reports fever, vomiting, sore throat, sharp chest pain, coryza, chest tightness, muscle pain and shortness of breath. It got worse overnight.",acute bronchospasm,Respiratory
"I've been experiencing neck swelling, abnormal appearing skin and irregular appearing nails and I'm worried. It started two days ago.",ingrown toe nail,Musculoskeletal/Other
"Patient reports sore throat, coryza, sharp chest pain, congestion in chest, headache, fever, coughing up sputum and shortness of breath. It got worse overnight.",acute bronchitis,Respiratory
"I came in because of upper abdominal pain, nausea, shortness of breath, peripheral edema and sharp abdominal pain.",liver disease,Gastrointestinal
"Complaining of low back pain, neck pain, arm weakness and loss of sensation. It got worse overnight.",herniated disk,Gastrointestinal
"Since yesterday I've noticed fever, feeling ill, nasal congestion, swollen lymph nodes and skin rash. It began this morning.",mononucleosis,Febrile/Systemic
"Patient reports upper abdominal pain, unusual color or odor to urine, weakness, nausea, diarrhea, side pain, blood in stool and heartburn.",liver disease,Gastrointestinal
"Lately I keep having difficulty in swallowing, sleepiness, abnormal breathing sounds, fatigue, apnea, insomnia, abnormal involuntary movements and mouth dryness.",obstructive sleep apnea (osa),Respiratory
"I've been experiencing coryza, shortness of breath, difficulty breathing, headache, congestion in chest, wheezing and fever and I'm worried. It started two days ago.",acute bronchitis,Respiratory
"Since yesterday I've noticed ear pain, cough, sore throat, coryza and difficulty in swallowing. It began this morning.",laryngitis,Respiratory
"The symptoms are coryza, skin on arm or hand looks infected, sharp chest pain, wheezing, sore throat and nasal congestion.",chronic obstructive pulmonary disease (copd),Respiratory
"Since yesterday I've noticed vomiting, sharp chest pain, back pain, sharp abdominal pain, burning abdominal pain, sore in nose, upper abdominal pain and lower body pain.",cholecystitis,Gastrointestinal
"I have irritable infant, fever, delusions or hallucinations, nasal congestion, hurts to breath and wheezing. This has lasted about a week.",acute bronchiolitis,Respiratory
"I have pain in eye, foreign body sensation in eye, difficulty speaking and spots or clouds in vision. It started two days ago.",presbyopia,Musculoskeletal/Other
"Since yesterday I've noticed wheezing, nasal congestion, headache, difficulty breathing, coughing up sputum, congestion in chest, coryza and sharp chest pain.",acute bronchitis,Respiratory
"I have chest tightness, sore throat, wheezing, coughing up sputum, sharp chest pain, fever, cough and shortness of breath.",chronic obstructive pulmonary disease (copd),Respiratory
"Patient reports skin growth, warts, abnormal appearing skin, skin swelling, acne or pimples, irregular appearing scalp and skin dryness, peeling, scaliness, or roughness. It began this morning.",skin polyp,Dermatological
"I have facial pain, coryza, coughing up sputum, frontal headache and sinus congestion.",acute sinusitis,Respiratory
"I've been experiencing weight gain, mouth dryness, fatigue, shortness of breath and difficulty breathing and I'm worried. It began this morning.",obstructive sleep apnea (osa),Respiratory
"I came in because of depressive or psychotic symptoms, anxiety and nervousness, abusing alcohol, problems with movement, chills and depression.",alcohol intoxication,Musculoskeletal/Other
"I feel unwell, with shoulder pain, chest tightness, sharp chest pain, fainting and shortness of breath. It comes and goes.",pulmonary fibrosis,Respiratory
"I've been experiencing lower abdominal pain, pain of the anus, retention of urine, changes in stool appearance, constipation and nausea and I'm worried.",chronic constipation,Gastrointestinal
"The symptoms are sharp chest pain, headache, difficulty in swallowing, nasal congestion, throat swelling and cough.",abscess of the pharynx,Dermatological
"Chief complaint: vomiting, abusing alcohol, diarrhea, side pain, shortness of breath, hemoptysis and sharp chest pain. It began this morning.",acute pancreatitis,Gastrointestinal
"Chief complaint: sore throat, fever, nasal congestion, wheezing, ear pain and flu-like syndrome. It got worse overnight.",common cold,Respiratory
"For the past few days I've had sharp abdominal pain, upper abdominal pain, side pain and nausea. It got worse overnight.",acute pancreatitis,Gastrointestinal
"I came in because of back pain, side pain, sharp abdominal pain, cough, nausea, burning abdominal pain and upper abdominal pain. It comes and goes.",gallstone,Gastrointestinal
"Complaining of allergic reaction, drug abuse and depressive or psychotic symptoms. It started two days ago.",tourette syndrome,Musculoskeletal/Other
"Since yesterday I've noticed back pain, burning abdominal pain, nausea, sharp chest pain, vomiting, diarrhea, hemoptysis and upper abdominal pain. It began this morning.",acute pancreatitis,Gastrointestinal
"I came in because of insomnia, lower abdominal pain and nausea. It started two days ago.",irritable bowel syndrome,Gastrointestinal
"Patient reports skin growth, nausea, back pain, abusing alcohol, sharp abdominal pain and vomiting. It started two days ago.",chronic pancreatitis,Gastrointestinal
"For the past few days I've had constipation, vomiting and lower abdominal pain. This has lasted about a week.",ileus,Gastrointestinal
"I've been experiencing pain of the anus, swelling of scrotum, skin lesion and skin swelling and I'm worried.",perirectal infection,Gastrointestinal
"I feel unwell, with retention of urine, groin pain and pain in testicles. It started two days ago.",epididymitis,Musculoskeletal/Other
"Lately I keep having constipation, sharp abdominal pain and cramps and spasms.",rectal disorder,Gastrointestinal
"The symptoms are heartburn, itching of the anus, cramps and spasms, pain of the anus, constipation and blood in stool. It started two days ago.",rectal disorder,Gastrointestinal
"I feel unwell, with fever, sore throat, chest tightness, cough, nasal congestion and wheezing. It got worse overnight.",chronic obstructive pulmonary disease (copd),Respiratory
"I have nasal congestion, cough, leg swelling, fever and decreased heart rate. It began this morning.",pulmonary congestion,Respiratory
"Chief complaint: sore throat, sharp chest pain, nausea and heartburn.",esophagitis,Gastrointestinal
"Chief complaint: nausea, sharp abdominal pain, dizziness and sharp chest pain. It got worse overnight.",hiatal hernia,Gastrointestinal
"The symptoms are groin pain, sharp abdominal pain, swelling of scrotum, symptoms of the scrotum and testes, groin mass and pain in testicles. It started two days ago.",inguinal hernia,Gastrointestinal
"Since yesterday I've noticed sore throat, frontal headache, congestion in chest and ear pain. This has lasted about a week.",chronic sinusitis,Respiratory
"My main problems are blood in stool, sharp abdominal pain, nausea, headache, diarrhea, fluid retention and flu-like syndrome. It got worse overnight.",infectious gastroenteritis,Febrile/Systemic
"Complaining of sharp abdominal pain, burning abdominal pain, headache, fluid retention, blood in stool and chills. It comes and goes.",infectious gastroenteritis,Febrile/Systemic
"For the past few days I've had diarrhea, side pain, vomiting, upper abdominal pain and decreased appetite.",appendicitis,Gastrointestinal
"My main problems are chest tightness, difficulty breathing, sharp chest pain, shortness of breath and fever. It started two days ago.",pulmonary fibrosis,Respiratory
"I came in because of upper abdominal pain, lower abdominal pain, constipation, back pain, vomiting, burning abdominal pain, blood in stool and sharp abdominal pain. It began this morning.",diverticulitis,Gastrointestinal
"I feel unwell, with fever, nasal congestion, pulling at ears, decreased appetite, cough and skin rash.",viral exanthem,Musculoskeletal/Other
"Lately I keep having nasal congestion, skin rash, fever and swollen lymph nodes.",mononucleosis,Febrile/Systemic
"I came in because of insomnia, flatulence, nausea and upper abdominal pain.",irritable bowel syndrome,Gastrointestinal
"For the past few days I've had diarrhea, upper abdominal pain and sharp abdominal pain. It started two days ago.",diverticulitis,Gastrointestinal
"For the past few days I've had loss of sensation, neck pain and leg weakness. This has lasted about a week.",herniated disk,Gastrointestinal
"I feel unwell, with drug abuse, disturbance of memory, hostile behavior, abusing alcohol and depressive or psychotic symptoms.",depression,Musculoskeletal/Other
"For the past few days I've had temper problems, obsessions and compulsions, fainting, low self-esteem, hostile behavior, excessive anger, low urine output and antisocial behavior. It comes and goes.",oppositional disorder,Musculoskeletal/Other
"I have sore throat, chills, headache and coryza. It got worse overnight.",common cold,Respiratory
"My main problems are abusing alcohol, sharp abdominal pain, nausea, melena, changes in stool appearance and vomiting. It comes and goes.",gastrointestinal hemorrhage,Gastrointestinal
"I came in because of hurts to breath, difficulty breathing, irritable infant, cough, wheezing, shortness of breath, coryza and vomiting.",acute bronchiolitis,Respiratory
"I came in because of changes in stool appearance, constipation, vomiting, pain of the anus and nausea.",chronic constipation,Gastrointestinal
"Since yesterday I've noticed nasal congestion, fever, sinus congestion, coughing up sputum, painful sinuses, sore throat, cough and coryza. It started two days ago.",acute sinusitis,Respiratory
"The symptoms are ear pain, sinus congestion, decreased heart rate, cough, fever, sore throat and coryza. It comes and goes.",acute sinusitis,Respiratory
"My main problems are facial pain, ear pain, frontal headache, sinus congestion, fever and sore throat.",acute sinusitis,Respiratory
"I have burning abdominal pain, fluid retention, fever, headache, blood in stool, flu-like syndrome, vomiting and nausea. It comes and goes.",infectious gastroenteritis,Febrile/Systemic
"I feel unwell, with mouth dryness, abusing alcohol, weight gain, apnea, sleepiness and abnormal involuntary movements. It began this morning.",obstructive sleep apnea (osa),Respiratory
"I came in because of apnea, mouth dryness, abnormal breathing sounds, sleepiness, shortness of breath and difficulty breathing.",obstructive sleep apnea (osa),Respiratory
"I came in because of sweating, shortness of breath, sharp chest pain, leg pain and difficulty breathing. It got worse overnight.",pulmonary embolism,Respiratory
My main problems are cough and sharp chest pain.,pulmonary eosinophilia,Respiratory
"Complaining of abusing alcohol, insomnia, drug abuse, depression and delusions or hallucinations.",post-traumatic stress disorder (ptsd),Musculoskeletal/Other
"I have unpredictable menstruation, skin swelling and foot or toe swelling. This has lasted about a week.",scabies,Dermatological
"Since yesterday I've noticed nausea, burning abdominal pain, sharp abdominal pain and decreased appetite. It got worse overnight.",infectious gastroenteritis,Febrile/Systemic
"Since yesterday I've noticed vomiting, sharp abdominal pain, sharp chest pain, heartburn and insomnia. It started two days ago.",esophagitis,Gastrointestinal
"I have redness in ear, ringing in ear, sore throat, diminished hearing, ear pain and allergic reaction.",eustachian tube dysfunction (ear disorder),Musculoskeletal/Other
"My main problems are sinus congestion, fever, coryza, sore throat, cough, painful sinuses, ear pain and coughing up sputum. This has lasted about a week.",acute sinusitis,Respiratory
"The symptoms are nausea, retention of urine and weakness.",acute kidney injury,Musculoskeletal/Other
"The symptoms are lacrimation, coryza, allergic reaction, sneezing, ear pain, pelvic pain and nasal congestion. This has lasted about a week.",seasonal allergies (hay fever),Febrile/Systemic
"I came in because of nasal congestion, sore throat, cough, wheezing and coryza. This has lasted about a week.",pneumonia,Respiratory
"I feel unwell, with lacrimation, swollen eye, symptoms of eye, spots or clouds in vision, diminished vision and pain in eye. It comes and goes.",cornea infection,Musculoskeletal/Other
"My main problems are swelling of scrotum, swollen abdomen, lower abdominal pain, groin pain, pain in testicles, mass in scrotum and sharp abdominal pain. This has lasted about a week.",inguinal hernia,Gastrointestinal
"The symptoms are excessive anger, insomnia, temper problems, depression, hostile behavior, hysterical behavior, fears and phobias, anxiety and nervousness and depressive or psychotic symptoms. It got worse overnight.",schizophrenia,Musculoskeletal/Other
"Lately I keep having blood in stool, melena, vomiting blood, nausea and fainting.",gastrointestinal hemorrhage,Gastrointestinal
"I feel unwell, with pulling at ears, hoarse voice, coryza, abnormal breathing sounds, nasal congestion, cough, sore throat and shortness of breath. It got worse overnight.",croup,Respiratory
"For the past few days I've had sharp abdominal pain, difficulty in swallowing, nausea, burning abdominal pain, cough and shortness of breath. It comes and goes.",esophagitis,Gastrointestinal
"My main problems are impotence, shortness of breath and burning abdominal pain.",lactose intolerance,Musculoskeletal/Other
"The symptoms are sharp abdominal pain, unusual color or odor to urine, blood in stool, shortness of breath and diarrhea. It started two days ago.",liver disease,Gastrointestinal
"Since yesterday I've noticed problems with movement, loss of sensation, shoulder pain, neck pain, back pain, leg pain, paresthesia and low back pain. It started two days ago.",spinal stenosis,Musculoskeletal/Other
"Patient reports shortness of breath, sharp chest pain, chest tightness, fever, coryza, wheezing, coughing up sputum and cough. It got worse overnight.",asthma,Respiratory
"For the past few days I've had vaginal discharge, vomiting, nausea, back pain, burning abdominal pain, painful urination, pelvic pain and lower abdominal pain.",pelvic inflammatory disease,Musculoskeletal/Other
"I've been experiencing shortness of breath, heartburn, difficulty in swallowing, upper abdominal pain and vomiting and I'm worried. It comes and goes.",esophagitis,Gastrointestinal
"For the past few days I've had lower abdominal pain, chills, fever, diarrhea, vomiting and side pain. It began this morning.",diverticulitis,Gastrointestinal
"For the past few days I've had temper problems, low self-esteem, depressive or psychotic symptoms, obsessions and compulsions and low urine output.",oppositional disorder,Musculoskeletal/Other
"The symptoms are leg pain, knee pain, neck pain, hip pain, loss of sensation, lower body pain and ache all over.",spondylosis,Musculoskeletal/Other
"Since yesterday I've noticed coryza, shortness of breath and sharp chest pain.",chronic obstructive pulmonary disease (copd),Respiratory
"For the past few days I've had sharp abdominal pain, hoarse voice, cough and nausea. It comes and goes.",gastroesophageal reflux disease (gerd),Gastrointestinal
"Lately I keep having changes in stool appearance, melena, fainting, vomiting, upper abdominal pain and vomiting blood. It got worse overnight.",gastrointestinal hemorrhage,Gastrointestinal
"I've been experiencing sore throat, coryza, fever, wheezing, flu-like syndrome, chills and ear pain and I'm worried.",common cold,Respiratory
"I feel unwell, with burning abdominal pain, nausea, diarrhea, vomiting and pain of the anus.",crohn disease,Gastrointestinal
"I have sharp abdominal pain, sore throat, cough, chest tightness, burning abdominal pain, difficulty in swallowing and vomiting.",esophagitis,Gastrointestinal
"Lately I keep having feeling ill, blood in stool, vomiting, burning abdominal pain, sharp abdominal pain and diarrhea. It comes and goes.",crohn disease,Gastrointestinal
"I came in because of heartburn, diarrhea, blood in stool, shortness of breath and nausea. This has lasted about a week.",liver disease,Gastrointestinal
Since yesterday I've noticed blood in stool and dizziness. This has lasted about a week.,gastrointestinal hemorrhage,Gastrointestinal
"I have burning abdominal pain, lower abdominal pain, vomiting, fever, stomach bloating and side pain. It comes and goes.",appendicitis,Gastrointestinal
"I feel unwell, with chest tightness, heartburn, burning abdominal pain, difficulty in swallowing, shortness of breath, sharp abdominal pain, disturbance of memory and nausea.",esophagitis,Gastrointestinal
"Patient reports burning abdominal pain, vomiting, nausea, flu-like syndrome, headache, decreased appetite and sharp abdominal pain. It began this morning.",infectious gastroenteritis,Febrile/Systemic
"Chief complaint: fever, chills, sharp abdominal pain, nausea, diarrhea, vomiting and side pain. It comes and goes.",diverticulitis,Gastrointestinal
"My main problems are cough, chills, sore throat, nasal congestion and wheezing. It comes and goes.",common cold,Respiratory
"Since yesterday I've noticed vomiting, burning abdominal pain, stomach bloating, upper abdominal pain, back pain, sharp abdominal pain and symptoms of the kidneys.",cholecystitis,Gastrointestinal
"Chief complaint: apnea, headache, painful sinuses, nasal congestion, allergic reaction, difficulty breathing, facial pain, abnormal breathing sounds and disturbance of memory.",deviated nasal septum,Respiratory
"Complaining of peripheral edema, sharp abdominal pain, nausea, regurgitation.1 and low back pain.",celiac disease,Gastrointestinal
"Patient reports sharp abdominal pain, vomiting, back pain, heartburn, burning abdominal pain, upper abdominal pain and sharp chest pain. It began this morning.",gallstone,Gastrointestinal
"Since yesterday I've noticed burning abdominal pain, rectal bleeding, chills, vomiting and fever.",noninfectious gastroenteritis,Febrile/Systemic
"Patient reports fever, suprapubic pain, shortness of breath, vomiting and cough. It got worse overnight.",sepsis,Febrile/Systemic
"I have side pain, sharp abdominal pain and cough. It started two days ago.",pleural effusion,Respiratory
"Patient reports sharp chest pain, leg pain, chest tightness and hemoptysis. It started two days ago.",pulmonary embolism,Respiratory
"I've been experiencing fever, sore throat, vomiting, nausea and chills and I'm worried. This has lasted about a week.",flu,Respiratory
"The symptoms are rectal bleeding, lower abdominal pain and retention of urine. It began this morning.",chronic constipation,Gastrointestinal
"I have sore throat, cough, headache, itchiness of eye, sneezing, frontal headache and ear pain. It began this morning.",seasonal allergies (hay fever),Febrile/Systemic
"I have coughing up sputum, wheezing, sore throat, chest tightness, shortness of breath and sharp chest pain. This has lasted about a week.",chronic obstructive pulmonary disease (copd),Respiratory
"Chief complaint: sharp chest pain, fever, cough, shortness of breath, coryza, sore throat and coughing up sputum.",chronic obstructive pulmonary disease (copd),Respiratory
"Chief complaint: sore throat, wheezing, shortness of breath, coryza, coughing up sputum, cough, nasal congestion, nausea and chest tightness. It got worse overnight.",chronic obstructive pulmonary disease (copd),Respiratory
"I feel unwell, with sharp abdominal pain, pain of the anus, itching of the anus and burning abdominal pain. This has lasted about a week.",rectal disorder,Gastrointestinal
"The symptoms are cough, neck stiffness or tightness, ache all over, vomiting and nausea.",meningitis,Febrile/Systemic
"My main problems are skin growth, itching of skin, skin dryness, peeling, scaliness, or roughness, skin rash, too little hair and skin lesion.",seborrheic dermatitis,Dermatological
"I came in because of sharp abdominal pain, nausea, hemoptysis, vomiting, sharp chest pain, upper abdominal pain and lower body pain. This has lasted about a week.",acute pancreatitis,Gastrointestinal
"I've been experiencing hand or finger pain, joint pain, hand or finger swelling, arm swelling, bones are painful, arm pain, loss of sensation and wrist pain and I'm worried. This has lasted about a week.",injury to the arm,Musculoskeletal/Other
"My main problems are blood in stool, difficulty in swallowing, nausea, vomiting, fever and burning abdominal pain.",noninfectious gastroenteritis,Febrile/Systemic
"My main problems are fatigue, sweating, sleepiness, apnea, insomnia, mouth dryness and difficulty breathing. It got worse overnight.",obstructive sleep apnea (osa),Respiratory
"I feel unwell, with nosebleed, apnea, sore throat, difficulty breathing, facial pain, allergic reaction and headache.",deviated nasal septum,Respiratory
"Patient reports feeling ill, sharp chest pain, difficulty breathing and hemoptysis. It started two days ago.",pulmonary hypertension,Respiratory
"The symptoms are lower body pain, ear pain, sneezing, sore throat, nasal congestion, allergic reaction, lacrimation and coryza.",seasonal allergies (hay fever),Febrile/Systemic
"Lately I keep having sharp chest pain, nausea, fever, burning abdominal pain and vomiting blood.",gastritis,Gastrointestinal
"For the past few days I've had skin swelling, sore throat and throat swelling.",scarlet fever,Febrile/Systemic
"The symptoms are sharp chest pain, sharp abdominal pain, rib pain, back pain and shortness of breath.",pleural effusion,Respiratory
"I came in because of sharp abdominal pain, burning abdominal pain, side pain, nausea, vomiting, stomach bloating, regurgitation.1 and symptoms of the kidneys. It got worse overnight.",cholecystitis,Gastrointestinal
"I've been experiencing swollen eye, skin dryness, peeling, scaliness, or roughness, skin swelling, itching of skin and abnormal appearing skin and I'm worried. It began this morning.",contact dermatitis,Dermatological
"Complaining of fever, diarrhea, sharp abdominal pain, sharp chest pain, headache and burning abdominal pain. It comes and goes.",gastritis,Gastrointestinal
"My main problems are itchiness of eye, double vision, blindness and abnormal movement of eyelid. This has lasted about a week.",cataract,Musculoskeletal/Other
Lately I keep having sharp chest pain and paresthesia. It began this morning.,pulmonary eosinophilia,Respiratory
"Chief complaint: cough, difficulty breathing, fever, wheezing, vomiting, shortness of breath and chills.",pneumonia,Respiratory
"I feel unwell, with pain in eye, fever, sore throat, coryza, nasal congestion, itchiness of eye and lacrimation.",conjunctivitis,Musculoskeletal/Other
"Since yesterday I've noticed vomiting, upper abdominal pain, regurgitation.1, nausea, back pain, sharp abdominal pain, stomach bloating and lower body pain. It began this morning.",cholecystitis,Gastrointestinal
"Patient reports hurts to breath, nasal congestion, cough and fever. It began this morning.",acute bronchiolitis,Respiratory
"For the past few days I've had hemoptysis, palpitations, dizziness, irregular heartbeat and involuntary urination. It started two days ago.",graves disease,Musculoskeletal/Other
"I came in because of difficulty breathing, decreased appetite, hurts to breath, cough, nasal congestion, pulling at ears and irritable infant. It got worse overnight.",acute bronchiolitis,Respiratory
"I came in because of mouth dryness, difficulty breathing, shortness of breath and difficulty in swallowing. This has lasted about a week.",obstructive sleep apnea (osa),Respiratory
"Patient reports back pain, neck pain and bones are painful.",injury to the trunk,Musculoskeletal/Other
"Complaining of burning abdominal pain, decreased appetite, diarrhea, fluid retention and fever. It got worse overnight.",infectious gastroenteritis,Febrile/Systemic
"Lately I keep having symptoms of the scrotum and testes, shoulder pain, headache and sharp chest pain. This has lasted about a week.",injury to the trunk,Musculoskeletal/Other
"I feel unwell, with cough, sore throat, difficulty breathing and congestion in chest.",acute bronchitis,Respiratory
"Patient reports long menstrual periods, hostile behavior, seizures, depressive or psychotic symptoms, difficulty speaking, temper problems and itchiness of eye. This has lasted about a week.",autism,Musculoskeletal/Other
"The symptoms are vaginal dryness, foot or toe pain and decreased appetite.",metastatic cancer,Musculoskeletal/Other
"The symptoms are diarrhea, regurgitation, nausea, sharp abdominal pain, sharp chest pain and regurgitation.1. This has lasted about a week.",intestinal disease,Gastrointestinal
"I came in because of skin swelling, itching of skin, knee lump or mass, warts and skin dryness, peeling, scaliness, or roughness.",molluscum contagiosum,Musculoskeletal/Other
"I have chills, sharp chest pain, wheezing, coryza, nasal congestion, weakness and shortness of breath. It started two days ago.",pneumonia,Respiratory
"I feel unwell, with vomiting blood, headache, burning abdominal pain, nausea, vomiting, sharp abdominal pain, sharp chest pain and regurgitation.1. It comes and goes.",gastritis,Gastrointestinal
"For the past few days I've had facial pain, sinus congestion, frontal headache and sore throat. It began this morning.",acute sinusitis,Respiratory
"Lately I keep having foot or toe pain, paresthesia, leg weakness, abnormal involuntary movements, loss of sensation, problems with movement and dizziness. It comes and goes.",peripheral nerve disorder,Musculoskeletal/Other
"My main problems are vaginal redness, suprapubic pain, sharp abdominal pain, pain during pregnancy, facial pain, vaginal discharge and pain during intercourse. It comes and goes.",vaginitis,Musculoskeletal/Other
"I came in because of chest tightness, sharp chest pain and coughing up sputum. It began this morning.",chronic obstructive pulmonary disease (copd),Respiratory
"I feel unwell, with upper abdominal pain, sharp abdominal pain, regurgitation.1, vomiting, symptoms of the kidneys and lower body pain. This has lasted about a week.",cholecystitis,Gastrointestinal
"Patient reports lower abdominal pain, upper abdominal pain, side pain, blood in stool, vomiting, fever and constipation. It began this morning.",diverticulitis,Gastrointestinal
"I came in because of fever, nosebleed, sinus congestion, ear pain and painful sinuses. It began this morning.",nose disorder,Musculoskeletal/Other
"My main problems are chills, sore throat, nausea, fever, cough, headache and ache all over.",flu,Respiratory
"For the past few days I've had difficulty breathing, shortness of breath, sharp chest pain, allergic reaction, coryza and wheezing.",asthma,Respiratory
"I feel unwell, with shortness of breath, fever, nasal congestion, sharp chest pain, wheezing, coryza, coughing up sputum and sore throat. This has lasted about a week.",chronic obstructive pulmonary disease (copd),Respiratory
"I've been experiencing cough, throat feels tight and fever and I'm worried. It began this morning.",laryngitis,Respiratory
"My main problems are arm swelling, nausea and sharp abdominal pain. It began this morning.",pancreatic cancer,Gastrointestinal
"Chief complaint: coughing up sputum, cough, difficulty breathing and shortness of breath. It comes and goes.",acute bronchitis,Respiratory
"I feel unwell, with nosebleed, headache, facial pain, nasal congestion, allergic reaction, apnea and sore throat. It comes and goes.",deviated nasal septum,Respiratory
"I came in because of regurgitation, regurgitation.1, burning abdominal pain, hoarse voice and sharp chest pain.",gastroesophageal reflux disease (gerd),Gastrointestinal
"Chief complaint: sharp abdominal pain, lower abdominal pain, upper abdominal pain, vomiting, side pain, nausea, stomach bloating and diarrhea.",appendicitis,Gastrointestinal
"Lately I keep having bleeding gums, peripheral edema and toothache.",tooth disorder,Musculoskeletal/Other
"I have itching of the anus, pain of the anus, rectal bleeding, pain during pregnancy, constipation, melena and burning abdominal pain. This has lasted about a week.",rectal disorder,Gastrointestinal
"I've been experiencing allergic reaction, headache, itchiness of eye and frontal headache and I'm worried. It got worse overnight.",seasonal allergies (hay fever),Febrile/Systemic
"For the past few days I've had chills, wheezing, fever, sharp chest pain, chest tightness and depressive or psychotic symptoms. It started two days ago.",acute respiratory distress syndrome (ards),Respiratory
"Chief complaint: back stiffness or tightness, leg pain, ankle pain, groin pain, neck pain, hip pain, side pain and lower body pain. It comes and goes.",chronic back pain,Musculoskeletal/Other
"Patient reports sore throat, headache, flu-like syndrome, vomiting, coryza, wheezing and nasal congestion. It began this morning.",common cold,Respiratory
"The symptoms are low self-esteem, depressive or psychotic symptoms, depression, abusing alcohol, delusions or hallucinations, hostile behavior and drug abuse.",marijuana abuse,Musculoskeletal/Other
"My main problems are sore throat, hoarse voice, difficulty speaking, coryza and difficulty in swallowing. It began this morning.",laryngitis,Respiratory
"I've been experiencing sharp abdominal pain, vomiting, burning abdominal pain, heartburn, nausea and upper abdominal pain and I'm worried.",esophagitis,Gastrointestinal
"The symptoms are skin irritation, skin dryness, peeling, scaliness, or roughness, skin swelling, skin lesion, cough, skin rash and warts. It started two days ago.",eczema,Dermatological
"Lately I keep having sore throat, headache, frontal headache and itchiness of eye. It began this morning.",seasonal allergies (hay fever),Febrile/Systemic
"Chief complaint: headache, cough, allergic reaction, nasal congestion, lacrimation and frontal headache. It comes and goes.",seasonal allergies (hay fever),Febrile/Systemic
"Since yesterday I've noticed lower abdominal pain, insomnia, nausea, upper abdominal pain and anxiety and nervousness.",irritable bowel syndrome,Gastrointestinal
"The symptoms are blood in stool, fluid retention, nausea, fever, sharp abdominal pain and diarrhea.",infectious gastroenteritis,Febrile/Systemic
"For the past few days I've had decreased appetite, flu-like syndrome, nausea, fluid retention, paresthesia, fever, blood in stool, diarrhea and burning abdominal pain. This has lasted about a week.",infectious gastroenteritis,Febrile/Systemic
"I feel unwell, with vomiting, difficulty breathing, coryza, nasal congestion, sore throat, wheezing and shortness of breath. This has lasted about a week.",pneumonia,Respiratory
"I feel unwell, with upper abdominal pain, abusing alcohol, difficulty in swallowing, vomiting, shortness of breath and sharp chest pain. It began this morning.",esophagitis,Gastrointestinal
"Patient reports fluid in ear, plugged feeling in ear, redness in ear, diminished hearing, ear pain, facial pain, sore throat and itchy ear(s). It began this morning.",otitis externa (swimmer's ear),Musculoskeletal/Other
"I feel unwell, with nausea, coryza, rectal bleeding, diarrhea, sharp abdominal pain and blood in stool. It began this morning.",diverticulosis,Gastrointestinal
"I have leg pain, shoulder stiffness or tightness, elbow pain and arm pain. It comes and goes.",bursitis,Musculoskeletal/Other
"I have shortness of breath, decreased appetite, sharp abdominal pain, weakness, feeling ill, fever and difficulty breathing. It comes and goes.",sepsis,Febrile/Systemic
"Since yesterday I've noticed coryza, fever, nasal congestion and wheezing. It comes and goes.",acute bronchiolitis,Respiratory
"My main problems are shortness of breath, chest tightness, coryza, congestion in chest, sore throat, lymphedema, cough, fever and nasal congestion.",chronic obstructive pulmonary disease (copd),Respiratory
"Complaining of difficulty speaking, irregular appearing scalp, hostile behavior, eye burns or stings, depressive or psychotic symptoms and depression. It comes and goes.",alzheimer disease,Musculoskeletal/Other
"My main problems are lower body pain, blood in stool, constipation, sharp abdominal pain, mass or swelling around the anus and heartburn.",hemorrhoids,Gastrointestinal
"Since yesterday I've noticed neck pain, ache all over, fever, nausea, neck stiffness or tightness, cough and vomiting. It started two days ago.",meningitis,Febrile/Systemic
"I came in because of swollen eye, neck swelling, foot or toe pain and foot or toe swelling.",ingrown toe nail,Musculoskeletal/Other
"Lately I keep having headache, frontal headache, facial pain and cough.",nasal polyp,Respiratory
"Complaining of ear pain, redness in ear, itchy ear(s), fluid in ear, sore throat, facial pain and plugged feeling in ear. It began this morning.",otitis externa (swimmer's ear),Musculoskeletal/Other
"Patient reports lower abdominal pain, nausea, retention of urine, rectal bleeding and blood in stool. It got worse overnight.",chronic constipation,Gastrointestinal
"Patient reports loss of sensation, paresthesia, hip pain, neck pain, ache all over and foot or toe pain. It began this morning.",spondylosis,Musculoskeletal/Other
"Chief complaint: acne or pimples, symptoms of the face, abnormal appearing skin, skin dryness, peeling, scaliness, or roughness, skin rash and skin lesion.",seborrheic dermatitis,Dermatological
"Complaining of coryza, cough, difficulty breathing, allergic reaction, vomiting, shortness of breath and nasal congestion.",asthma,Respiratory
"Chief complaint: arm pain, heartburn, chest tightness, increased heart rate and sweating. It started two days ago.",heart attack,Musculoskeletal/Other
"My main problems are allergic reaction, difficulty breathing, coryza, wheezing and chest tightness. It comes and goes.",asthma,Respiratory
"Since yesterday I've noticed nasal congestion, wheezing, chills, coryza, fever and shortness of breath. It comes and goes.",pneumonia,Respiratory
"I feel unwell, with drug abuse, anxiety and nervousness, depression, temper problems, abusing alcohol, excessive anger, depressive or psychotic symptoms and insomnia. This has lasted about a week.",depression,Musculoskeletal/Other
"Chief complaint: blood in stool, heartburn, mass or swelling around the anus, sharp abdominal pain, constipation, itching of the anus and melena. It comes and goes.",hemorrhoids,Gastrointestinal
"I have wheezing, difficulty speaking, weakness, coryza, difficulty breathing, nasal congestion and vomiting.",pneumonia,Respiratory
"Patient reports sharp chest pain, fever, chest tightness, congestion in chest and cough.",chronic obstructive pulmonary disease (copd),Respiratory
"I came in because of vomiting, fever, weakness, cough, nasal congestion, sore throat, decreased appetite and sharp chest pain. It comes and goes.",pneumonia,Respiratory
"I came in because of side pain, burning abdominal pain, lower abdominal pain, vomiting and diarrhea. This has lasted about a week.",diverticulitis,Gastrointestinal
"My main problems are stomach bloating, sharp chest pain, vomiting, side pain, nausea, lower body pain, back pain, regurgitation.1 and joint pain. It started two days ago.",cholecystitis,Gastrointestinal
"I've been experiencing difficulty breathing, rib pain, side pain, sharp chest pain and hurts to breath and I'm worried. It began this morning.",pleural effusion,Respiratory
"Chief complaint: nasal congestion, shortness of breath, decreased appetite and vomiting. It began this morning.",sepsis,Febrile/Systemic
"I have peripheral edema, retention of urine, symptoms of the kidneys, vomiting and nausea. This has lasted about a week.",acute kidney injury,Musculoskeletal/Other
"I came in because of nausea, rectal bleeding, retention of urine, constipation, vomiting and changes in stool appearance.",chronic constipation,Gastrointestinal
"For the past few days I've had sweating, apnea, mouth dryness and weight gain. It started two days ago.",obstructive sleep apnea (osa),Respiratory
"The symptoms are fever, apnea, difficulty in swallowing and cough. It got worse overnight.",tonsillar hypertrophy,Respiratory
"I've been experiencing blood in stool, regurgitation, peripheral edema, coughing up sputum and regurgitation.1 and I'm worried. This has lasted about a week.",cirrhosis,Gastrointestinal
"I came in because of sharp chest pain, regurgitation, regurgitation.1 and difficulty in swallowing. It got worse overnight.",gastroesophageal reflux disease (gerd),Gastrointestinal
"I feel unwell, with fever, irritable infant, nasal congestion, cough, vomiting and pulling at ears. It started two days ago.",acute bronchiolitis,Respiratory
"I came in because of nausea, side pain, sharp abdominal pain, diarrhea, heartburn, unusual color or odor to urine, weakness and upper abdominal pain. This has lasted about a week.",liver disease,Gastrointestinal
"I feel unwell, with swollen eye, hostile behavior, eye burns or stings, lip swelling and itchiness of eye.",cornea infection,Musculoskeletal/Other
"My main problems are ear pain, sore throat, difficulty in swallowing, throat feels tight and fever.",laryngitis,Respiratory
"Complaining of nausea, melena and blood in stool. It began this morning.",diverticulosis,Gastrointestinal
"I came in because of ear pain, cough, fever, wheezing, vomiting, chills and headache. This has lasted about a week.",common cold,Respiratory
"For the past few days I've had vomiting, dizziness, melena, sharp abdominal pain and nausea. It got worse overnight.",gastrointestinal hemorrhage,Gastrointestinal
"Patient reports hoarse voice, coryza, ear pain, fever, difficulty speaking and cough.",laryngitis,Respiratory
"Complaining of sharp abdominal pain, sore throat, chest tightness, joint pain, vomiting, heartburn and shortness of breath. This has lasted about a week.",esophagitis,Gastrointestinal
"The symptoms are groin pain, loss of sensation, hip pain, back cramps or spasms, neck pain, side pain and leg pain.",chronic back pain,Musculoskeletal/Other
"I've been experiencing loss of sensation, paresthesia, abnormal involuntary movements, foot or toe pain, ache all over, leg pain, leg weakness, problems with movement and disturbance of memory and I'm worried.",peripheral nerve disorder,Musculoskeletal/Other
"I've been experiencing pelvic pain, suprapubic pain, frequent urination, vaginal pain, sharp abdominal pain and diaper rash and I'm worried.",yeast infection,Musculoskeletal/Other
"Chief complaint: side pain, stomach bloating, lower body pain, back pain and sharp chest pain. It got worse overnight.",cholecystitis,Gastrointestinal
"Complaining of sore throat, swollen or red tonsils, throat redness and diminished hearing. It started two days ago.",tonsillitis,Respiratory
"I feel unwell, with vomiting blood, changes in stool appearance, nausea and sharp chest pain. It comes and goes.",gastroduodenal ulcer,Gastrointestinal
"My main problems are facial pain, difficulty speaking, sleepiness, headache and double vision.",concussion,Musculoskeletal/Other
"Lately I keep having loss of sensation, low back pain, shoulder pain, hip pain and leg weakness. It began this morning.",herniated disk,Gastrointestinal
"Since yesterday I've noticed cough, coryza, fever and ear pain. It began this morning.",acute sinusitis,Respiratory
"Patient reports chills, shortness of breath, sharp chest pain, cough and difficulty breathing. It started two days ago.",pneumonia,Respiratory
"I came in because of cramps and spasms, burning abdominal pain, blood in stool, rectal bleeding, heartburn, pain of the anus and sharp abdominal pain. This has lasted about a week.",rectal disorder,Gastrointestinal
"Since yesterday I've noticed constipation, diarrhea, blood in stool, heartburn, cramps and spasms, rectal bleeding and burning abdominal pain. It got worse overnight.",rectal disorder,Gastrointestinal
"Since yesterday I've noticed ache all over, fever, chills, sore throat and vomiting.",flu,Respiratory
"Complaining of hip pain, leg pain, ache all over, headache, low back pain and muscle pain. It comes and goes.",fibromyalgia,Musculoskeletal/Other
"I have rib pain, ache all over, sharp chest pain, back mass or lump, hurts to breath, shortness of breath, shoulder pain and back pain.",fracture of the rib,Musculoskeletal/Other
"I feel unwell, with flu-like syndrome, vomiting, coryza and sore throat.",common cold,Respiratory
"Since yesterday I've noticed abnormal breathing sounds, nasal congestion, cough, fever and hoarse voice.",croup,Respiratory
"Patient reports depression, sharp chest pain, abnormal involuntary movements, insomnia, palpitations, irregular heartbeat and anxiety and nervousness. It comes and goes.",anxiety,Musculoskeletal/Other
"I feel unwell, with vomiting, hoarse voice, abnormal breathing sounds, cough, sore throat, nasal congestion, shortness of breath and pulling at ears. It got worse overnight.",croup,Respiratory
"I feel unwell, with vomiting blood, burning abdominal pain, regurgitation.1, sharp chest pain, sharp abdominal pain and vomiting. It started two days ago.",gastritis,Gastrointestinal
"I came in because of lower abdominal pain, blood in stool, burning abdominal pain, constipation and lymphedema.",chronic constipation,Gastrointestinal
"Chief complaint: pain of the anus, sharp abdominal pain and mass or swelling around the anus.",hemorrhoids,Gastrointestinal
"I've been experiencing decreased appetite, fluid retention, blood in stool, diarrhea and burning abdominal pain and I'm worried. It comes and goes.",infectious gastroenteritis,Febrile/Systemic
"I have blood in stool, lower abdominal pain, diarrhea, heartburn and vomiting.",diverticulosis,Gastrointestinal
"I came in because of sharp chest pain, wheezing, nasal congestion, allergic reaction, coughing up sputum, cough, shortness of breath and difficulty breathing.",asthma,Respiratory
"Lately I keep having shoulder pain, neck pain, back pain, arm pain, arm weakness, paresthesia and leg weakness. It got worse overnight.",herniated disk,Gastrointestinal
"Patient reports weakness, blood in stool, nausea, vomiting, rectal bleeding and diarrhea. It got worse overnight.",gastrointestinal hemorrhage,Gastrointestinal
"Complaining of weight gain, difficulty in swallowing, difficulty breathing and apnea.",obstructive sleep apnea (osa),Respiratory
"Lately I keep having delusions or hallucinations, insomnia, abusing alcohol, depressive or psychotic symptoms, disturbance of memory and depression. It started two days ago.",depression,Musculoskeletal/Other
"My main problems are itching of skin, skin swelling, abnormal appearing skin, knee pain, skin growth, acne or pimples, warts and irregular appearing scalp. It comes and goes.",skin polyp,Dermatological
"I came in because of mouth dryness, sleepiness, insomnia, difficulty breathing and sweating. It began this morning.",obstructive sleep apnea (osa),Respiratory
"I've been experiencing throat feels tight, ear pain, swollen lymph nodes and headache and I'm worried. It comes and goes.",peritonsillar abscess,Dermatological
"Lately I keep having coryza, heartburn, wheezing, chills, headache and flu-like syndrome. It comes and goes.",common cold,Respiratory
"Since yesterday I've noticed upper abdominal pain, heartburn, sharp abdominal pain, diarrhea, peripheral edema, shortness of breath, nausea and side pain. It began this morning.",liver disease,Gastrointestinal
"The symptoms are vomiting, pain of the anus and changes in stool appearance.",chronic constipation,Gastrointestinal
"I feel unwell, with burning abdominal pain, diarrhea, abusing alcohol, sharp chest pain, back pain, nausea, sharp abdominal pain and hemoptysis. It comes and goes.",acute pancreatitis,Gastrointestinal
"I have vomiting, nausea, sharp chest pain, low back pain and leg pain. It comes and goes.",pain after an operation,Musculoskeletal/Other
"The symptoms are coryza, nasal congestion, sore throat, fever and headache. It comes and goes.",acute bronchitis,Respiratory
"I've been experiencing difficulty breathing, hurts to breath, cough, shortness of breath, coryza and wheezing and I'm worried. It started two days ago.",acute bronchiolitis,Respiratory
"Chief complaint: hip pain, low back pain, back pain, arm weakness and shoulder pain. It started two days ago.",herniated disk,Gastrointestinal
"I have weight gain, insomnia, decreased appetite, difficulty eating and depressive or psychotic symptoms. It began this morning.",eating disorder,Musculoskeletal/Other
"I came in because of lump in throat, abnormal breathing sounds and redness in ear. It began this morning.",tonsillitis,Respiratory
"My main problems are sore throat, sharp chest pain, chest tightness and vomiting.",acute bronchospasm,Respiratory
"Patient reports lacrimation, sore throat, nasal congestion, ear pain and sneezing.",seasonal allergies (hay fever),Febrile/Systemic
"Chief complaint: blood in stool, melena, changes in stool appearance, vomiting blood, diarrhea, nausea, fainting and sharp abdominal pain.",gastrointestinal hemorrhage,Gastrointestinal
"Since yesterday I've noticed leg cramps or spasms, leg swelling, foot or toe swelling and leg pain. This has lasted about a week.",deep vein thrombosis (dvt),Musculoskeletal/Other
"Patient reports chills, sore throat, ache all over, diarrhea and headache.",flu,Respiratory
"I have chills, feeling ill, vomiting, decreased appetite, sharp abdominal pain and shortness of breath.",sepsis,Febrile/Systemic
"My main problems are diarrhea, headache, sharp abdominal pain, rectal bleeding, decreased appetite, chills and blood in stool.",noninfectious gastroenteritis,Febrile/Systemic
"I have upper abdominal pain, diarrhea and lower abdominal pain.",diverticulitis,Gastrointestinal
"Patient reports burning abdominal pain, sharp chest pain, chest tightness, sharp abdominal pain and difficulty in swallowing. This has lasted about a week.",gastroesophageal reflux disease (gerd),Gastrointestinal
"Chief complaint: vaginal discharge, sharp abdominal pain, nausea, painful urination and lower abdominal pain. It got worse overnight.",pelvic inflammatory disease,Musculoskeletal/Other
"For the past few days I've had sharp abdominal pain, vomiting blood, recent weight loss, lump in throat and difficulty in swallowing. It started two days ago.",foreign body in the gastrointestinal tract,Gastrointestinal
"For the past few days I've had insomnia, sweating, apnea, shortness of breath, abnormal involuntary movements, difficulty breathing, fatigue and weight gain.",obstructive sleep apnea (osa),Respiratory
"Since yesterday I've noticed sinus congestion, cough, nasal congestion, fluid in ear, pulling at ears and fever. It comes and goes.",ear wax impaction,Musculoskeletal/Other
"My main problems are lacrimation, nasal congestion, cough, headache and allergic reaction.",seasonal allergies (hay fever),Febrile/Systemic
"I have groin mass, swollen abdomen, upper abdominal pain and ache all over.",abdominal hernia,Gastrointestinal
"I came in because of abnormal involuntary movements, shortness of breath, difficulty in swallowing, mouth dryness, fatigue and leg pain. This has lasted about a week.",obstructive sleep apnea (osa),Respiratory
"Complaining of melena, blood in stool, pain of the anus, constipation, rectal bleeding and itching of the anus. It got worse overnight.",hemorrhoids,Gastrointestinal
"I have coryza, nasal congestion, fever, decreased appetite, vomiting and pulling at ears.",acute bronchiolitis,Respiratory
"I feel unwell, with skin lesion, skin swelling, acne or pimples, skin moles, skin growth, warts, abnormal appearing skin and irregular appearing scalp. It got worse overnight.",skin polyp,Dermatological
"Patient reports nasal congestion, sharp chest pain, fever, coughing up sputum, congestion in chest and coryza. It got worse overnight.",chronic obstructive pulmonary disease (copd),Respiratory
"I feel unwell, with lower abdominal pain, nausea, regurgitation.1, constipation, pain of the anus, vomiting and changes in stool appearance.",chronic constipation,Gastrointestinal
"Chief complaint: weakness, blood in stool, vomiting blood, dizziness, nausea, sharp abdominal pain and rectal bleeding. It began this morning.",gastrointestinal hemorrhage,Gastrointestinal
"My main problems are leg pain, leg swelling, sharp chest pain, shortness of breath, chest tightness and sweating. This has lasted about a week.",pulmonary embolism,Respiratory
"I have hemoptysis, chills, side pain, diarrhea, nausea and burning abdominal pain.",diverticulitis,Gastrointestinal
"Patient reports nausea, neck stiffness or tightness, cough, vomiting and neck pain.",meningitis,Febrile/Systemic
"I've been experiencing vomiting, nausea, vomiting blood, diarrhea and sharp chest pain and I'm worried.",gastritis,Gastrointestinal
"My main problems are symptoms of bladder, vomiting, cough, nasal congestion, shortness of breath, chest tightness and wheezing. It began this morning.",acute bronchospasm,Respiratory
"I came in because of paresthesia, hip pain, low back pain, problems with movement, loss of sensation and leg pain.",herniated disk,Gastrointestinal
"My main problems are paresthesia, elbow pain, neck pain, wrist pain and hand or finger swelling. This has lasted about a week.",carpal tunnel syndrome,Musculoskeletal/Other
"I came in because of excessive anger, lip sore, skin rash, skin swelling and lip swelling. This has lasted about a week.",cold sore,Musculoskeletal/Other
"I feel unwell, with sweating, mouth dryness, difficulty in swallowing, sleepiness, abnormal breathing sounds and weight gain. It started two days ago.",obstructive sleep apnea (osa),Respiratory
"I came in because of upper abdominal pain, sharp chest pain, sore throat, chest tightness, sharp abdominal pain, burning abdominal pain, cough and heartburn. It started two days ago.",esophagitis,Gastrointestinal
"I've been experiencing arm weakness, leg pain, hip pain, low back pain, arm pain, back pain, leg weakness and neck pain and I'm worried. It comes and goes.",herniated disk,Gastrointestinal
"Chief complaint: side pain, fever, nausea, burning abdominal pain and upper abdominal pain. This has lasted about a week.",diverticulitis,Gastrointestinal
"I came in because of headache, difficulty breathing, nasal congestion, apnea, sore throat, painful sinuses, nosebleed and allergic reaction.",deviated nasal septum,Respiratory
"I feel unwell, with diarrhea, chills, burning abdominal pain and constipation. It comes and goes.",diverticulitis,Gastrointestinal
"The symptoms are sharp abdominal pain, nausea, side pain, vomiting and sharp chest pain.",acute pancreatitis,Gastrointestinal
"My main problems are blood in stool, pain of the anus, rectal bleeding, mass or swelling around the anus, itching of the anus, lower body pain and sharp abdominal pain. It comes and goes.",hemorrhoids,Gastrointestinal
"For the past few days I've had sharp abdominal pain, regurgitation, blood in stool, vomiting blood, regurgitation.1 and upper abdominal pain.",cirrhosis,Gastrointestinal
"The symptoms are skin swelling, itchiness of eye, skin rash and peripheral edema.",allergy,Musculoskeletal/Other
"I've been experiencing headache, fever, shortness of breath, sore throat, nasal congestion, cough and sharp chest pain and I'm worried. It comes and goes.",acute bronchitis,Respiratory
"The symptoms are fever, wheezing, coryza and difficulty breathing. This has lasted about a week.",pneumonia,Respiratory
"The symptoms are heartburn, difficulty in swallowing, nausea, burning abdominal pain, back pain and sharp chest pain.",hiatal hernia,Gastrointestinal
"My main problems are blood in stool, nausea, chills, diarrhea, rectal bleeding and decreased appetite. This has lasted about a week.",noninfectious gastroenteritis,Febrile/Systemic
"I have headache, feeling ill and cough. It started two days ago.",mononucleosis,Febrile/Systemic
"Patient reports vomiting, cough, wheezing, difficulty breathing and sore throat. It got worse overnight.",acute bronchospasm,Respiratory
"Since yesterday I've noticed shortness of breath, weakness, decreased appetite and cough. It got worse overnight.",sepsis,Febrile/Systemic
"For the past few days I've had skin growth, back mass or lump, bones are painful, skin lesion, shoulder lump or mass and groin mass. It began this morning.",lipoma,Musculoskeletal/Other
"The symptoms are ear pain, diminished hearing and pain in eye.",temporomandibular joint disorder,Musculoskeletal/Other
"Patient reports vomiting, burning abdominal pain, lower body pain, upper abdominal pain and regurgitation.1. It comes and goes.",gallstone,Gastrointestinal
"The symptoms are chest tightness, coryza and cough.",chronic obstructive pulmonary disease (copd),Respiratory
"I've been experiencing pulling at ears, joint pain, dry lips, temper problems and fever and I'm worried.",sickle cell anemia,Musculoskeletal/Other
"I feel unwell, with dizziness, nausea, headache, flu-like syndrome, sharp abdominal pain, decreased appetite and vomiting.",infectious gastroenteritis,Febrile/Systemic
"I have regurgitation.1, regurgitation, blood in stool, peripheral edema and shortness of breath. It began this morning.",cirrhosis,Gastrointestinal
"I feel unwell, with fever, cough, coryza, shortness of breath, pulling at ears, nasal congestion and wheezing. It began this morning.",acute bronchiolitis,Respiratory
"Patient reports sharp abdominal pain, diarrhea, rectal bleeding and cramps and spasms. This has lasted about a week.",rectal disorder,Gastrointestinal
"Since yesterday I've noticed leg pain, sharp chest pain, neck pain, headache, nausea and abnormal involuntary movements. It comes and goes.",pain after an operation,Musculoskeletal/Other
"The symptoms are abnormal appearing skin, skin swelling, skin dryness, peeling, scaliness, or roughness, skin growth, skin lesion and itching of skin. It started two days ago.",fungal infection of the hair,Dermatological
"I have abnormal appearing skin, skin irritation, skin moles, itching of skin, symptoms of the face, skin swelling, irregular appearing scalp and skin rash.",actinic keratosis,Dermatological
"I feel unwell, with nausea, decreased appetite, upper abdominal pain and side pain. It comes and goes.",appendicitis,Gastrointestinal
"Chief complaint: coryza, ear pain, sore throat, facial pain, painful sinuses, sinus congestion and frontal headache. It began this morning.",acute sinusitis,Respiratory
"For the past few days I've had ear pain, sinus congestion, painful sinuses and frontal headache. It began this morning.",acute sinusitis,Respiratory
"I came in because of back pain, abusing alcohol, vomiting, lower body pain, diarrhea, burning abdominal pain, chest tightness and nausea. It got worse overnight.",acute pancreatitis,Gastrointestinal
"I feel unwell, with symptoms of eye, skin dryness, peeling, scaliness, or roughness and abnormal appearing skin. This has lasted about a week.",rosacea,Dermatological
"My main problems are acne or pimples, skin swelling, skin moles, skin growth, irregular appearing scalp and long menstrual periods.",acne,Dermatological
"My main problems are cough, congestion in chest, wheezing, nasal congestion, headache and fever. It comes and goes.",acute bronchitis,Respiratory
"I have peripheral edema, regurgitation.1, sharp abdominal pain, vomiting blood and regurgitation.",cirrhosis,Gastrointestinal
"Lately I keep having hoarse voice, wheezing, nasal congestion, abnormal breathing sounds, vomiting and fever. It started two days ago.",croup,Respiratory
"I've been experiencing congestion in chest, difficulty breathing, sharp chest pain, nasal congestion, wheezing, fever, coryza and shortness of breath and I'm worried. This has lasted about a week.",acute bronchitis,Respiratory
"Since yesterday I've noticed nasal congestion, cough, weakness, sharp chest pain and chest tightness. It started two days ago.",pulmonary congestion,Respiratory
"For the past few days I've had peripheral edema, nausea, upper abdominal pain and sharp abdominal pain.",liver disease,Gastrointestinal
"Patient reports nasal congestion, wheezing, sharp chest pain, allergic reaction and difficulty breathing. It started two days ago.",asthma,Respiratory
"I have regurgitation.1, sharp chest pain, lower body pain, symptoms of the kidneys, nausea, burning abdominal pain and upper abdominal pain.",cholecystitis,Gastrointestinal
"The symptoms are cough, skin swelling, neck swelling, sharp abdominal pain, neck mass, ear pain and neck pain.",lymphadenitis,Musculoskeletal/Other
"Complaining of burning abdominal pain, sharp abdominal pain, hemoptysis, vomiting, abusing alcohol and nausea.",acute pancreatitis,Gastrointestinal
"Since yesterday I've noticed wheezing, irritable infant, difficulty breathing, fever, coryza, decreased appetite, pulling at ears and vomiting.",acute bronchiolitis,Respiratory
"I feel unwell, with headache, burning abdominal pain, vomiting, nausea, rectal bleeding, diarrhea and decreased appetite. It began this morning.",noninfectious gastroenteritis,Febrile/Systemic
"Complaining of sharp chest pain, sharp abdominal pain, diarrhea, headache, nausea and vomiting blood.",gastritis,Gastrointestinal
"My main problems are frontal headache, sinus congestion, congestion in chest, sore throat, headache and painful sinuses. This has lasted about a week.",chronic sinusitis,Respiratory
"For the past few days I've had vomiting, nausea, chills and sharp abdominal pain. It got worse overnight.",infectious gastroenteritis,Febrile/Systemic
"I came in because of abusing alcohol, nausea, skin growth, ache all over, vomiting, diarrhea and back pain. It got worse overnight.",chronic pancreatitis,Gastrointestinal
"I've been experiencing fever, cough, shortness of breath, vomiting, weakness, sore throat and sharp chest pain and I'm worried.",pneumonia,Respiratory
"Patient reports impotence, lower abdominal pain, chills and fever.",prostatitis,Musculoskeletal/Other
"The symptoms are sharp abdominal pain, unusual color or odor to urine, blood in stool, diarrhea, side pain, upper abdominal pain and jaundice. It comes and goes.",liver disease,Gastrointestinal
"For the past few days I've had blood in stool, mass or swelling around the anus, pain of the anus, lower body pain, rectal bleeding, itching of the anus, heartburn, dizziness and constipation.",hemorrhoids,Gastrointestinal
"The symptoms are nosebleed, sore throat, apnea, nasal congestion and facial pain. It got worse overnight.",deviated nasal septum,Respiratory
"My main problems are vomiting, weakness, nasal congestion, wheezing and difficulty breathing. This has lasted about a week.",pneumonia,Respiratory
"The symptoms are nasal congestion, weakness, vomiting, cough and sharp chest pain. It got worse overnight.",pneumonia,Respiratory
"Lately I keep having sharp abdominal pain, hurts to breath, difficulty breathing and weakness.",pleural effusion,Respiratory
"Chief complaint: nausea, sweating, sharp chest pain, heartburn, burning chest pain, chest tightness, irregular heartbeat and shortness of breath.",heart attack,Musculoskeletal/Other
"I've been experiencing vomiting, cough, fever, sore throat, difficulty breathing, sharp chest pain and wheezing and I'm worried.",acute bronchospasm,Respiratory
"I've been experiencing burning abdominal pain, constipation, sharp abdominal pain, diarrhea, blood in stool and heartburn and I'm worried. It got worse overnight.",rectal disorder,Gastrointestinal
"I have irregular belly button, regurgitation.1, regurgitation, swollen abdomen and sharp abdominal pain. It comes and goes.",abdominal hernia,Gastrointestinal
"I feel unwell, with diarrhea, sharp abdominal pain, upper abdominal pain, sharp chest pain, burning abdominal pain and vomiting. It started two days ago.",acute pancreatitis,Gastrointestinal
"My main problems are regurgitation.1, burning abdominal pain, lower body pain, upper abdominal pain, sharp chest pain and heartburn.",gallstone,Gastrointestinal
"The symptoms are facial pain, symptoms of the scrotum and testes, headache, painful sinuses, apnea and abnormal breathing sounds.",deviated nasal septum,Respiratory
"I have leg cramps or spasms, leg weakness, lower body pain, low back pain and loss of sensation. It began this morning.",sciatica,Musculoskeletal/Other
"I have back pain, burning abdominal pain, hemoptysis, sharp chest pain, vomiting and nausea.",acute pancreatitis,Gastrointestinal
"I've been experiencing blood in urine, back pain, retention of urine, painful urination, side pain, involuntary urination, sharp abdominal pain and suprapubic pain and I'm worried.",cystitis,Musculoskeletal/Other
"Patient reports lower abdominal pain, pelvic pain, cramps and spasms, problems during pregnancy, nausea and headache.",problem during pregnancy,Musculoskeletal/Other
"My main problems are nausea, diarrhea, vomiting blood and regurgitation.1.",gastritis,Gastrointestinal
"Chief complaint: suprapubic pain, cough, fever, feeling ill and vomiting. It started two days ago.",sepsis,Febrile/Systemic
"I feel unwell, with painful menstruation, pelvic pain, vomiting, sharp abdominal pain and nausea. This has lasted about a week.",ovarian cyst,Musculoskeletal/Other
"For the past few days I've had flatulence, penis pain, blood in stool, rectal bleeding, diarrhea and sharp abdominal pain. It started two days ago.",colonic polyp,Gastrointestinal
"The symptoms are burning abdominal pain, vomiting, nausea, pain of the anus, regurgitation.1 and regurgitation.",crohn disease,Gastrointestinal
I have difficulty breathing and fever.,asthma,Respiratory
"I have sore throat, sleepiness, cough and wheezing.",interstitial lung disease,Respiratory
"My main problems are lower body pain, arm pain, loss of sensation, problems with movement, shoulder pain, back pain, low back pain and leg pain. It comes and goes.",spinal stenosis,Musculoskeletal/Other
"My main problems are coryza, congestion in chest, difficulty breathing, sharp chest pain, sore throat, cough and headache.",acute bronchitis,Respiratory
"I came in because of palpitations, throat feels tight and shortness of breath. This has lasted about a week.",chronic rheumatic fever,Febrile/Systemic
"Lately I keep having vomiting blood, blood in stool, nausea, sharp abdominal pain and rectal bleeding.",gastrointestinal hemorrhage,Gastrointestinal
"Since yesterday I've noticed involuntary urination, unpredictable menstruation, sharp abdominal pain, vaginal discharge, long menstrual periods, intermenstrual bleeding, frequent menstruation and heavy menstrual flow. It began this morning.",idiopathic excessive menstruation,Musculoskeletal/Other
"Lately I keep having sore throat, coryza, sharp chest pain, headache, cough, fever and nasal congestion. It got worse overnight.",acute bronchitis,Respiratory
"Complaining of skin swelling, cough and throat swelling. It started two days ago.",scarlet fever,Febrile/Systemic
"Complaining of vomiting, nasal congestion, coryza, cough, pulling at ears, hurts to breath and decreased appetite.",acute bronchiolitis,Respiratory
"Patient reports congestion in chest, cough, fever, ear pain, facial pain, sore throat, sinus congestion and frontal headache. This has lasted about a week.",chronic sinusitis,Respiratory
"For the past few days I've had abusing alcohol, disturbance of memory, delusions or hallucinations and anxiety and nervousness. It began this morning.",depression,Musculoskeletal/Other
"I feel unwell, with fatigue, abnormal involuntary movements, difficulty breathing, insomnia and shortness of breath. It comes and goes.",obstructive sleep apnea (osa),Respiratory
"For the past few days I've had blood in stool, shortness of breath, arm pain, sharp abdominal pain, peripheral edema and nausea. This has lasted about a week.",liver disease,Gastrointestinal
Patient reports allergic reaction and apnea. It comes and goes.,deviated nasal septum,Respiratory
"For the past few days I've had nausea, sharp chest pain, vomiting blood, regurgitation, regurgitation.1, heartburn, sharp abdominal pain and difficulty in swallowing.",hiatal hernia,Gastrointestinal
"Lately I keep having jaundice, sharp chest pain, chills, nausea, sharp abdominal pain and upper abdominal pain.",choledocholithiasis,Musculoskeletal/Other
"I have foot or toe pain, hand or finger pain, shoulder pain, arm pain, vomiting blood and leg pain.",mononeuritis,Musculoskeletal/Other
"My main problems are stomach bloating, nausea, back pain, upper abdominal pain, side pain, vomiting, regurgitation.1 and headache.",cholecystitis,Gastrointestinal
"I came in because of depression, vomiting, rectal bleeding, itching of skin and skin rash.",hepatitis due to a toxin,Gastrointestinal
"For the past few days I've had problems during pregnancy, pain during pregnancy, lower abdominal pain, vaginal discharge, sharp abdominal pain and pelvic pain.",vaginal cyst,Musculoskeletal/Other
"I've been experiencing abnormal appearing skin, headache, nausea, vomiting, redness in ear, peripheral edema and dizziness and I'm worried. It began this morning.",drug reaction,Musculoskeletal/Other
"Patient reports peripheral edema, abnormal involuntary movements, sharp abdominal pain and stomach bloating. It got worse overnight.",alcoholic liver disease,Gastrointestinal
"I feel unwell, with leg weakness, loss of sensation, shoulder pain and paresthesia. It started two days ago.",herniated disk,Gastrointestinal
"Chief complaint: shortness of breath, vomiting, wheezing, sore throat, difficulty breathing and chills.",pneumonia,Respiratory
"I feel unwell, with headache, hoarse voice, frontal headache, facial pain, painful sinuses, cough, nasal congestion and allergic reaction. It started two days ago.",nasal polyp,Respiratory
"For the past few days I've had vomiting blood, upper abdominal pain, blood in stool and abdominal distention. It comes and goes.",cirrhosis,Gastrointestinal
"Patient reports fever, coryza, sinus congestion, cough and frontal headache. It started two days ago.",acute sinusitis,Respiratory
"My main problems are dizziness, problems with movement, seizures, nausea, sweating, abnormal involuntary movements, weakness and fainting.",hypoglycemia,Musculoskeletal/Other
"For the past few days I've had fever, chills, nausea, lower abdominal pain and burning abdominal pain.",diverticulitis,Gastrointestinal
"Lately I keep having coryza, chest tightness, congestion in chest, shortness of breath and coughing up sputum. It got worse overnight.",chronic obstructive pulmonary disease (copd),Respiratory
"My main problems are upper abdominal pain, chest tightness, sore throat, heartburn, difficulty in swallowing, shortness of breath, nausea and burning abdominal pain.",esophagitis,Gastrointestinal
"Chief complaint: fears and phobias, melena, diarrhea, fainting and vomiting blood. It got worse overnight.",gastrointestinal hemorrhage,Gastrointestinal
"Patient reports nasal congestion, shortness of breath, hurts to breath, wheezing, cough, irritable infant and vomiting. It comes and goes.",acute bronchiolitis,Respiratory
"I've been experiencing irregular appearing scalp, itching of skin, skin swelling, skin rash and feeling ill and I'm worried. It comes and goes.",alopecia,Dermatological
"For the past few days I've had difficulty in swallowing, sharp chest pain, heartburn, back pain, dizziness and upper abdominal pain.",hiatal hernia,Gastrointestinal
"Lately I keep having lip swelling, skin growth, abnormal appearing skin, skin moles, bumps on penis, skin lesion and warts.",viral warts,Dermatological
"I have lacrimation, symptoms of eye, cough, pain in eye and diminished vision.",conjunctivitis due to allergy,Musculoskeletal/Other
"I've been experiencing abnormal appearing skin, hand or finger swelling, leg swelling and itching of skin and I'm worried. It began this morning.",insect bite,Musculoskeletal/Other
"Lately I keep having changes in stool appearance, heartburn, sharp abdominal pain, burning abdominal pain, vomiting blood and sharp chest pain.",gastroduodenal ulcer,Gastrointestinal
"Lately I keep having nasal congestion, sharp chest pain, chest tightness, leg swelling and cough. It started two days ago.",pulmonary congestion,Respiratory
"Complaining of vomiting, knee pain, chills and headache. This has lasted about a week.",flu,Respiratory
"My main problems are upper abdominal pain, sharp abdominal pain and vomiting blood.",hiatal hernia,Gastrointestinal
"Chief complaint: regurgitation.1, painful urination, blood in urine, problems during pregnancy, lower abdominal pain, regurgitation and sharp abdominal pain. It got worse overnight.",temporary or benign blood in urine,Musculoskeletal/Other
"I have abnormal involuntary movements, apnea, sleepiness, weight gain and abnormal breathing sounds. It started two days ago.",obstructive sleep apnea (osa),Respiratory
"Patient reports unusual color or odor to urine, sharp abdominal pain, shortness of breath, peripheral edema and diarrhea. This has lasted about a week.",liver disease,Gastrointestinal
"I have headache, cough, sore throat, vomiting, diarrhea and chills. It began this morning.",flu,Respiratory
"Complaining of facial pain, painful sinuses, nasal congestion and sore throat. It comes and goes.",acute sinusitis,Respiratory
"I feel unwell, with chest tightness, wheezing, vomiting, sharp chest pain, difficulty breathing and coryza.",acute bronchospasm,Respiratory
"Complaining of congestion in chest, sharp chest pain, headache, nasal congestion, shortness of breath and wheezing. This has lasted about a week.",acute bronchitis,Respiratory
"I have nausea, diarrhea, side pain, upper abdominal pain, sharp abdominal pain, decreased appetite, vomiting and burning abdominal pain. It comes and goes.",appendicitis,Gastrointestinal
"Patient reports vomiting blood, regurgitation.1, nausea and burning abdominal pain. It started two days ago.",gastritis,Gastrointestinal
"The symptoms are shortness of breath, leg swelling, sharp chest pain, cough and hemoptysis.",pulmonary embolism,Respiratory
"I have wheezing, irritable infant, nasal congestion, pulling at ears, coryza, fever and shortness of breath. It comes and goes.",acute bronchiolitis,Respiratory
"The symptoms are symptoms of the kidneys, sharp abdominal pain, stomach bloating and vomiting. It began this morning.",cholecystitis,Gastrointestinal
"The symptoms are pain of the anus, blood in stool, fever, itching of the anus and mass or swelling around the anus. It began this morning.",hemorrhoids,Gastrointestinal
"I've been experiencing neck pain, headache, sharp chest pain, leg pain, sharp abdominal pain and low back pain and I'm worried. This has lasted about a week.",pain after an operation,Musculoskeletal/Other
"The symptoms are frequent urination, chills, impotence, back pain, blood in urine, retention of urine and sharp abdominal pain. It comes and goes.",prostatitis,Musculoskeletal/Other
"I've been experiencing heartburn, difficulty in swallowing, nausea, sharp abdominal pain, sore throat, shortness of breath, sharp chest pain and vomiting and I'm worried. It got worse overnight.",esophagitis,Gastrointestinal
"The symptoms are pain of the anus, rectal bleeding, cramps and spasms, melena, sharp abdominal pain and blood in stool. It got worse overnight.",rectal disorder,Gastrointestinal
"Complaining of hoarse voice, fever and pulling at ears. It got worse overnight.",croup,Respiratory
"Lately I keep having weakness, difficulty breathing, cough, wheezing, sore throat, fever, chest tightness, vomiting and sharp chest pain. It began this morning.",acute bronchospasm,Respiratory
"I feel unwell, with jaw swelling, difficulty in swallowing and peripheral edema.",jaw disorder,Musculoskeletal/Other
"Lately I keep having sleepiness, abnormal involuntary movements, shortness of breath, difficulty in swallowing, weight gain, difficulty breathing, mouth dryness, abnormal breathing sounds and fainting.",obstructive sleep apnea (osa),Respiratory
"I feel unwell, with regurgitation.1, nasal congestion, burning abdominal pain, upper abdominal pain and nausea.",gallstone,Gastrointestinal
"The symptoms are back pain, sharp chest pain, burning abdominal pain, lower body pain and nausea.",acute pancreatitis,Gastrointestinal
"My main problems are loss of sensation, dizziness, spots or clouds in vision and ear pain. It got worse overnight.",labyrinthitis,Musculoskeletal/Other
"I came in because of difficulty breathing, sharp abdominal pain, back pain, shortness of breath, sharp chest pain, hurts to breath, headache and side pain.",pleural effusion,Respiratory
"For the past few days I've had sinus congestion, painful sinuses, shortness of breath, sore throat, coryza and ear pain.",acute sinusitis,Respiratory
The symptoms are lump in throat and diminished hearing. It began this morning.,tonsillitis,Respiratory
"My main problems are hostile behavior, abnormal involuntary movements, problems with movement and depressive or psychotic symptoms. It began this morning.",dementia,Musculoskeletal/Other
"My main problems are elbow swelling, sinus congestion, cough, sore throat, fever, painful sinuses and frontal headache.",acute sinusitis,Respiratory
"I came in because of back pain, sharp chest pain, sharp abdominal pain, difficulty in swallowing, regurgitation and regurgitation.1. This has lasted about a week.",hiatal hernia,Gastrointestinal
"The symptoms are abnormal movement of eyelid, diminished vision, mass on eyelid and muscle swelling.",cyst of the eyelid,Musculoskeletal/Other
"For the past few days I've had lower abdominal pain, side pain, upper abdominal pain and burning abdominal pain. It began this morning.",appendicitis,Gastrointestinal
"Lately I keep having sneezing, sore throat, allergic reaction, coryza and nasal congestion. This has lasted about a week.",seasonal allergies (hay fever),Febrile/Systemic
"I feel unwell, with skin rash, fever, nasal congestion, sore throat, cough, feeling ill and swollen lymph nodes.",mononucleosis,Febrile/Systemic
"I feel unwell, with sharp abdominal pain, stomach bloating, burning abdominal pain, vaginal itching, nausea, retention of urine and vomiting.",intestinal obstruction,Gastrointestinal
"I came in because of chills, sore throat, vomiting, cough, nasal congestion, wheezing and fever. This has lasted about a week.",pneumonia,Respiratory
"The symptoms are heartburn, back pain, sharp chest pain, burning abdominal pain, upper abdominal pain, dizziness and difficulty in swallowing.",hiatal hernia,Gastrointestinal
"Patient reports regurgitation, vomiting, nausea, pain of the anus, chest tightness, blood in stool and regurgitation.1. It began this morning.",crohn disease,Gastrointestinal
"My main problems are sharp abdominal pain, blood in stool, constipation, fever and burning abdominal pain. It began this morning.",diverticulitis,Gastrointestinal
"Complaining of wheezing, shortness of breath, coryza, fever, cough, sharp chest pain and vomiting.",pneumonia,Respiratory
"For the past few days I've had difficulty breathing, vomiting, fever, wheezing, cough, shortness of breath, sore throat and coryza. This has lasted about a week.",pneumonia,Respiratory
"I have blood in stool, rectal bleeding, diarrhea, changes in stool appearance and vomiting. It started two days ago.",gastrointestinal hemorrhage,Gastrointestinal
"I have hurts to breath, cough, coryza, shortness of breath, vomiting and fever. It started two days ago.",acute bronchiolitis,Respiratory
"I've been experiencing chest tightness, weakness, leg pain, difficulty breathing, leg swelling, shortness of breath, hemoptysis and sweating and I'm worried.",pulmonary embolism,Respiratory
"The symptoms are back pain, arm pain, low back pain, hip pain, arm weakness and stomach bloating. It began this morning.",herniated disk,Gastrointestinal
"Lately I keep having nausea, sharp abdominal pain, chills, burning abdominal pain, flu-like syndrome and headache.",infectious gastroenteritis,Febrile/Systemic
"Lately I keep having side pain, skin rash, sharp abdominal pain, sharp chest pain, rib pain and difficulty breathing.",pleural effusion,Respiratory
"I've been experiencing mass in scrotum, lower abdominal pain, groin pain, swelling of scrotum, swollen abdomen and sharp abdominal pain and I'm worried. It comes and goes.",inguinal hernia,Gastrointestinal
"The symptoms are neck pain, dizziness, chest tightness, nausea, sleepiness, headache, back pain, difficulty speaking and vomiting. It started two days ago.",concussion,Musculoskeletal/Other
"For the past few days I've had skin rash, allergic reaction, skin moles, skin swelling, skin lesion and skin irritation. This has lasted about a week.",contact dermatitis,Dermatological
"Since yesterday I've noticed vomiting, burning abdominal pain, heartburn, upper abdominal pain, sharp chest pain, changes in stool appearance and blood in stool.",gastroduodenal ulcer,Gastrointestinal
"For the past few days I've had facial pain, blood in stool, abnormal breathing sounds, painful sinuses and difficulty breathing.",deviated nasal septum,Respiratory
"I came in because of diarrhea, constipation, nausea, headache, pain of the anus, vomiting and lower abdominal pain.",ileus,Gastrointestinal
"I've been experiencing abnormal appearing skin, acne or pimples, skin swelling, allergic reaction, skin irritation, itching of skin and skin rash and I'm worried.",contact dermatitis,Dermatological
"I came in because of symptoms of the kidneys, sharp chest pain, stomach bloating and side pain. It comes and goes.",cholecystitis,Gastrointestinal
"I came in because of sore throat, nasal congestion, abnormal breathing sounds, pulling at ears and shortness of breath. It comes and goes.",croup,Respiratory
"Patient reports nausea, fluid retention, burning abdominal pain, fever, cough, vomiting, chills and headache.",infectious gastroenteritis,Febrile/Systemic
"Chief complaint: lower abdominal pain, blood in stool, sharp abdominal pain, diarrhea and burning abdominal pain.",ulcerative colitis,Gastrointestinal
"I have difficulty breathing, wheezing, coughing up sputum, shortness of breath, sore throat, sharp chest pain, congestion in chest and headache. It got worse overnight.",acute bronchitis,Respiratory
"Since yesterday I've noticed knee pain, foot or toe pain, ankle swelling, foot or toe swelling, leg swelling and hand or finger pain.",gout,Musculoskeletal/Other
"Lately I keep having fainting, dizziness, changes in stool appearance and sharp abdominal pain. It started two days ago.",gastrointestinal hemorrhage,Gastrointestinal
"For the past few days I've had frontal headache, cough, coughing up sputum, ear pain, sore throat, sinus congestion and fever. It started two days ago.",acute sinusitis,Respiratory
"I came in because of fever, fluid retention, decreased appetite, blood in stool, chills and burning abdominal pain. It got worse overnight.",infectious gastroenteritis,Febrile/Systemic
"For the past few days I've had diarrhea, blood in stool, side pain and lower abdominal pain.",diverticulitis,Gastrointestinal
"Chief complaint: nausea, vomiting, chills, headache, rectal bleeding, burning abdominal pain, decreased appetite and diarrhea. It began this morning.",noninfectious gastroenteritis,Febrile/Systemic
"Since yesterday I've noticed vomiting, lower abdominal pain, stomach bloating, fever, burning abdominal pain and upper abdominal pain. It started two days ago.",appendicitis,Gastrointestinal
"Chief complaint: fever, diarrhea, nausea, coryza, chills and ache all over. It got worse overnight.",flu,Respiratory
"I came in because of chest tightness, cough, sharp chest pain, nasal congestion, fever, difficulty breathing, coughing up sputum and coryza.",asthma,Respiratory
"Patient reports weakness, upper abdominal pain, jaundice, sharp abdominal pain, diarrhea and shortness of breath.",liver disease,Gastrointestinal
"Complaining of fever, shortness of breath, nausea, sharp abdominal pain and loss of sensation. It started two days ago.",hypokalemia,Musculoskeletal/Other
"Since yesterday I've noticed shortness of breath, sharp chest pain, chest tightness, heartburn, nausea, cough, difficulty in swallowing and sharp abdominal pain. It comes and goes.",esophagitis,Gastrointestinal
"I came in because of vomiting, shortness of breath, wheezing, fever, sharp chest pain, difficulty breathing and nasal congestion. It started two days ago.",acute bronchospasm,Respiratory
"I feel unwell, with coryza, sore throat, throat feels tight, ear pain, fever and difficulty speaking. It comes and goes.",laryngitis,Respiratory
"I've been experiencing lower abdominal pain, pelvic pain, intermenstrual bleeding, spotting or bleeding during pregnancy, cramps and spasms, heavy menstrual flow, blood clots during menstrual periods and pain during pregnancy and I'm worried.",vaginal cyst,Musculoskeletal/Other
"I have fever, coryza, chest tightness, diarrhea and wheezing.",acute bronchospasm,Respiratory
"Patient reports cramps and spasms, burning abdominal pain, pain of the anus, heartburn, rectal bleeding and sharp abdominal pain. It got worse overnight.",rectal disorder,Gastrointestinal
"I feel unwell, with coryza, chills, sore throat, fever, sharp chest pain, cough and difficulty breathing.",pneumonia,Respiratory
"For the past few days I've had pain in eye, difficulty breathing, vomiting, coryza, shortness of breath, sharp chest pain and nasal congestion.",acute bronchospasm,Respiratory
"Complaining of symptoms of the kidneys, vomiting, regurgitation.1 and lower body pain. It began this morning.",cholecystitis,Gastrointestinal
"For the past few days I've had vomiting, flu-like syndrome, fever, chills, fluid retention and decreased appetite. It got worse overnight.",infectious gastroenteritis,Febrile/Systemic
"Complaining of rectal bleeding, diarrhea, sharp abdominal pain, fainting and vomiting blood. This has lasted about a week.",gastrointestinal hemorrhage,Gastrointestinal
"I've been experiencing low back pain, hip pain, neck pain, arm weakness, arm pain and back pain and I'm worried.",herniated disk,Gastrointestinal
"Lately I keep having constipation, rectal bleeding, cramps and spasms, sharp abdominal pain, diarrhea, heartburn and melena.",rectal disorder,Gastrointestinal
"Since yesterday I've noticed heartburn, cough, sharp chest pain, nausea, upper abdominal pain, vomiting, difficulty in swallowing and chest tightness.",esophagitis,Gastrointestinal
"Since yesterday I've noticed sharp abdominal pain, upper abdominal pain and anxiety and nervousness. It got worse overnight.",irritable bowel syndrome,Gastrointestinal
"Complaining of diarrhea, peripheral edema, blood in stool, shortness of breath, sharp abdominal pain, jaundice, nausea and unusual color or odor to urine. It began this morning.",liver disease,Gastrointestinal
"I've been experiencing blood in stool, rectal bleeding, sharp abdominal pain, cramps and spasms, diarrhea, itching of the anus and heartburn and I'm worried. It began this morning.",rectal disorder,Gastrointestinal
"I feel unwell, with back pain, lower body pain, vomiting, side pain, nausea and diarrhea.",acute pancreatitis,Gastrointestinal
"I have pain of the anus, heartburn, sharp abdominal pain, itching of the anus and constipation.",rectal disorder,Gastrointestinal
"My main problems are headache, cough, shortness of breath, congestion in chest, coryza and skin irritation.",acute bronchitis,Respiratory
"Chief complaint: irregular appearing scalp, disturbance of memory, eye burns or stings, hostile behavior and depression. It comes and goes.",alzheimer disease,Musculoskeletal/Other
"Patient reports cough, skin swelling, nasal congestion, sore in nose, skin lesion, mouth ulcer and skin rash.",impetigo,Dermatological
"My main problems are regurgitation, difficulty in swallowing, regurgitation.1, dizziness and burning abdominal pain.",hiatal hernia,Gastrointestinal
"Complaining of leg swelling, cough and fever.",pulmonary congestion,Respiratory
"My main problems are neck mass, irregular appearing scalp, skin moles, abnormal appearing skin and skin lesion. It comes and goes.",sebaceous cyst,Musculoskeletal/Other
"Complaining of cough, flu-like syndrome, chills, coryza, ear pain, wheezing and sore throat. It began this morning.",common cold,Respiratory
"I came in because of pain during pregnancy, uterine contractions, sharp abdominal pain, problems during pregnancy, cramps and spasms, heavy menstrual flow and burning abdominal pain.",spontaneous abortion,Musculoskeletal/Other
"I have difficulty in swallowing, wheezing, weight gain, hot flashes and fatigue.",goiter,Musculoskeletal/Other
"My main problems are headache, cough, nasal congestion, fever, sore throat and chills. It began this morning.",common cold,Respiratory
"I've been experiencing allergic reaction, sharp chest pain, skin lesion, acne or pimples and abnormal appearing skin and I'm worried. This has lasted about a week.",contact dermatitis,Dermatological
"I've been experiencing facial pain, painful sinuses and sore throat and I'm worried.",deviated nasal septum,Respiratory
"I feel unwell, with facial pain, coryza, ear pain, fever and sinus congestion.",acute sinusitis,Respiratory
"Complaining of nausea, upper abdominal pain, chest tightness, difficulty in swallowing and sore throat. This has lasted about a week.",esophagitis,Gastrointestinal
"For the past few days I've had nasal congestion, vomiting, sore throat, irritable infant, hurts to breath and sinus congestion.",abscess of nose,Dermatological
"I've been experiencing blood clots during menstrual periods, unpredictable menstruation and sharp abdominal pain and I'm worried. This has lasted about a week.",idiopathic excessive menstruation,Musculoskeletal/Other
"Complaining of sore throat, shortness of breath, nasal congestion, difficulty breathing, wheezing and sharp chest pain. This has lasted about a week.",acute bronchitis,Respiratory
"Lately I keep having pulling at ears, wheezing, sore throat, shortness of breath, nasal congestion, abnormal breathing sounds and vomiting.",croup,Respiratory
"I've been experiencing leg weakness, low back pain, leg pain, arm weakness and paresthesia and I'm worried.",herniated disk,Gastrointestinal
"I came in because of upper abdominal pain, blood in stool, nausea and shortness of breath. It got worse overnight.",liver disease,Gastrointestinal
"Patient reports nausea, side pain, sharp chest pain, lower body pain, heartburn, upper abdominal pain and vomiting. It comes and goes.",gallstone,Gastrointestinal
"I came in because of fatigue, difficulty in swallowing, mouth dryness, abnormal involuntary movements, shortness of breath, apnea and difficulty breathing. It began this morning.",obstructive sleep apnea (osa),Respiratory
"I have arm pain, low back pain, arm weakness and leg weakness. It got worse overnight.",herniated disk,Gastrointestinal
"The symptoms are toothache, cough, headache and sore throat.",aphthous ulcer,Gastrointestinal
"I have sore throat, nasal congestion, chills, vomiting, coryza, flu-like syndrome, fever and hand or finger pain. It began this morning.",common cold,Respiratory
"I've been experiencing melena, sharp abdominal pain, itching of the anus, heartburn, diarrhea and eye redness and I'm worried. It started two days ago.",rectal disorder,Gastrointestinal
"Since yesterday I've noticed sharp chest pain, back pain, regurgitation.1, nausea, burning abdominal pain and stomach bloating. It started two days ago.",cholecystitis,Gastrointestinal
"Chief complaint: itching of the anus, diarrhea, blood in stool, rectal bleeding, heartburn and constipation. It began this morning.",rectal disorder,Gastrointestinal
"For the past few days I've had nausea, cough, fever, ache all over, neck stiffness or tightness and neck pain.",meningitis,Febrile/Systemic
"Patient reports difficulty breathing, cough, suprapubic pain, vomiting, fever, feeling ill, weakness and decreased appetite. This has lasted about a week.",sepsis,Febrile/Systemic
"The symptoms are retention of urine, stomach bloating and nausea.",intestinal obstruction,Gastrointestinal
"For the past few days I've had sharp abdominal pain, itching of skin, sharp chest pain, burning abdominal pain, heartburn and chest tightness. This has lasted about a week.",esophagitis,Gastrointestinal
"I feel unwell, with sharp abdominal pain, diarrhea, weakness and blood in stool. This has lasted about a week.",gastrointestinal hemorrhage,Gastrointestinal
"I've been experiencing weakness, diarrhea, nausea, peripheral edema, sharp abdominal pain, jaundice and side pain and I'm worried.",liver disease,Gastrointestinal
"The symptoms are shortness of breath, insomnia, difficulty breathing, sleepiness, weight gain, sweating and difficulty in swallowing. It started two days ago.",obstructive sleep apnea (osa),Respiratory
"Chief complaint: leg pain, leg weakness, back pain, neck pain, arm weakness and paresthesia. It comes and goes.",herniated disk,Gastrointestinal
"Chief complaint: burning abdominal pain, neck pain, upper abdominal pain, constipation, chills, blood in stool, fever, sharp abdominal pain and diarrhea. It started two days ago.",diverticulitis,Gastrointestinal
"Lately I keep having burning abdominal pain, sharp abdominal pain, vomiting blood, nausea, vomiting and sharp chest pain.",gastritis,Gastrointestinal
"Since yesterday I've noticed fatigue, weight gain, difficulty in swallowing, abnormal involuntary movements, insomnia and difficulty breathing. It started two days ago.",obstructive sleep apnea (osa),Respiratory
"Patient reports pain of the anus, lower abdominal pain, nausea, facial pain, retention of urine and vomiting. It got worse overnight.",chronic constipation,Gastrointestinal
"For the past few days I've had headache, cough, feeling ill and nasal congestion.",mononucleosis,Febrile/Systemic
"I came in because of ache all over, skin growth, irregular appearing scalp, lower body pain and bones are painful.",pilonidal cyst,Musculoskeletal/Other
"Patient reports sharp chest pain, fever, vomiting, cough, nasal congestion, shortness of breath, chills and difficulty breathing. It began this morning.",pneumonia,Respiratory
"Lately I keep having fever, nasal congestion, cough, wheezing, vomiting and sharp chest pain. It began this morning.",acute bronchospasm,Respiratory
"I have shortness of breath, hemoptysis, chest tightness and sweating.",pulmonary embolism,Respiratory
"The symptoms are nausea, lower abdominal pain, sharp abdominal pain, intermenstrual bleeding and pelvic pain. It got worse overnight.",ectopic pregnancy,Musculoskeletal/Other
"Complaining of nausea, sharp abdominal pain, blood in stool, diarrhea, fainting, weakness, dizziness and vomiting blood. It got worse overnight.",gastrointestinal hemorrhage,Gastrointestinal
"Lately I keep having mouth dryness, abnormal breathing sounds, difficulty in swallowing, insomnia, apnea and sleepiness. This has lasted about a week.",obstructive sleep apnea (osa),Respiratory
"Since yesterday I've noticed vaginal discharge, vaginal pain, suprapubic pain, lower abdominal pain, vaginal itching, sharp abdominal pain and pain during intercourse. This has lasted about a week.",vaginitis,Musculoskeletal/Other
"Patient reports lip sore, skin swelling and mouth ulcer.",cold sore,Musculoskeletal/Other
"Patient reports foot or toe pain, hand or finger swelling, hand or finger pain, peripheral edema, leg pain, foot or toe swelling, skin rash and skin lesion. It began this morning.",pyogenic skin infection,Dermatological
"Complaining of chest tightness, leg pain, sharp chest pain, leg swelling, cough, side pain, difficulty breathing and weakness.",pulmonary embolism,Respiratory
"I have rectal bleeding, sharp abdominal pain, diarrhea, dizziness, blood in stool and weakness. This has lasted about a week.",gastrointestinal hemorrhage,Gastrointestinal
"I've been experiencing coryza, hoarse voice, throat feels tight, cough, difficulty speaking and sore throat and I'm worried. It started two days ago.",laryngitis,Respiratory
"I feel unwell, with side pain, weakness, cough, difficulty breathing, shortness of breath, sharp chest pain and sweating.",pulmonary embolism,Respiratory
"Lately I keep having upper abdominal pain, lower abdominal pain, decreased appetite and fever. It got worse overnight.",appendicitis,Gastrointestinal
"Chief complaint: blood in urine, vaginal itching, painful urination, vaginal discharge, suprapubic pain and involuntary urination. It started two days ago.",atrophic vaginitis,Musculoskeletal/Other
"Complaining of hoarse voice, nausea and difficulty in swallowing. It started two days ago.",gastroesophageal reflux disease (gerd),Gastrointestinal
"I came in because of sharp abdominal pain, abdominal distention and vomiting blood.",cirrhosis,Gastrointestinal
"Chief complaint: pain in eye, eye redness, lacrimation, swollen eye, symptoms of eye, vomiting and itchiness of eye.",conjunctivitis due to allergy,Musculoskeletal/Other
"I have vomiting blood, sharp chest pain, back pain, upper abdominal pain, regurgitation.1, heartburn and regurgitation. It got worse overnight.",hiatal hernia,Gastrointestinal
"Since yesterday I've noticed blood in stool, sharp abdominal pain, changes in stool appearance, upper abdominal pain and vomiting. It began this morning.",gastroduodenal ulcer,Gastrointestinal
"Since yesterday I've noticed fever, weakness, sharp chest pain, shortness of breath and cough. It comes and goes.",pulmonary congestion,Respiratory
"I came in because of frontal headache, coryza, sore throat, coughing up sputum, sinus congestion and ear pain.",acute sinusitis,Respiratory
"I came in because of lower abdominal pain, sharp abdominal pain, groin pain, mass in scrotum, symptoms of the scrotum and testes and swollen abdomen. It started two days ago.",inguinal hernia,Gastrointestinal
"I have cough, sore throat, sharp abdominal pain, shortness of breath, upper abdominal pain, sharp chest pain, chest tightness and vomiting.",esophagitis,Gastrointestinal
"Since yesterday I've noticed constipation, nausea, lower abdominal pain and pain of the anus. This has lasted about a week.",chronic constipation,Gastrointestinal
"Complaining of lacrimation, mass on eyelid, spots or clouds in vision and itchiness of eye. It began this morning.",chronic glaucoma,Musculoskeletal/Other
"Chief complaint: constipation, pain of the anus, cramps and spasms, heartburn, melena, rectal bleeding, blood in stool and burning abdominal pain.",rectal disorder,Gastrointestinal
"I came in because of diarrhea, cough, nasal congestion, flatulence and allergic reaction.",intestinal malabsorption,Gastrointestinal
"The symptoms are burning abdominal pain, sharp abdominal pain, lower body pain, upper abdominal pain, vomiting, nausea, symptoms of the kidneys and sharp chest pain. This has lasted about a week.",cholecystitis,Gastrointestinal
"Complaining of vomiting, wheezing, cough, shortness of breath, nasal congestion, decreased appetite and pulling at ears.",acute bronchiolitis,Respiratory
"My main problems are side pain, burning abdominal pain and fever.",diverticulitis,Gastrointestinal
"I came in because of nasal congestion, ear pain and difficulty speaking. This has lasted about a week.",laryngitis,Respiratory
"My main problems are coryza, nasal congestion, wheezing, cough and coughing up sputum. This has lasted about a week.",chronic obstructive pulmonary disease (copd),Respiratory
"Complaining of heartburn, difficulty in swallowing, regurgitation, back pain, regurgitation.1, dizziness, foot or toe pain and nausea. This has lasted about a week.",hiatal hernia,Gastrointestinal
"I feel unwell, with diminished hearing, lump in throat and throat feels tight. This has lasted about a week.",tonsillitis,Respiratory
"For the past few days I've had chills, headache, fluid retention, decreased appetite, burning abdominal pain, sharp abdominal pain, flu-like syndrome and blood in stool. It got worse overnight.",infectious gastroenteritis,Febrile/Systemic
"The symptoms are nosebleed, allergic reaction, painful sinuses, facial pain, difficulty breathing and sore throat. This has lasted about a week.",deviated nasal septum,Respiratory
"For the past few days I've had sleepiness, apnea, mouth dryness, sweating, difficulty breathing, fatigue and abnormal involuntary movements.",obstructive sleep apnea (osa),Respiratory
"I feel unwell, with lip swelling, skin lesion, lymphedema and skin growth. This has lasted about a week.",hemangioma,Musculoskeletal/Other
"Chief complaint: nasal congestion, sore throat, vomiting, shortness of breath and pulling at ears. It comes and goes.",croup,Respiratory
"Patient reports regurgitation, chest tightness, difficulty in swallowing, burning abdominal pain, nausea, cough, hoarse voice and regurgitation.1. It comes and goes.",gastroesophageal reflux disease (gerd),Gastrointestinal
"Patient reports burning abdominal pain, rectal bleeding, pain of the anus, diarrhea, melena, constipation and blood in stool.",rectal disorder,Gastrointestinal
"Chief complaint: shoulder stiffness or tightness, leg pain, elbow swelling, arm pain, leg swelling, hip pain, arm stiffness or tightness and shoulder pain. It comes and goes.",bursitis,Musculoskeletal/Other
"Chief complaint: shoulder stiffness or tightness, wheezing, vomiting, sharp chest pain, difficulty breathing, sore throat, nasal congestion and coryza. It comes and goes.",acute bronchospasm,Respiratory
"Chief complaint: pain of the anus, mass or swelling around the anus, blood in stool, heartburn, lower body pain, shortness of breath and itching of the anus. It started two days ago.",hemorrhoids,Gastrointestinal
"For the past few days I've had regurgitation.1, symptoms of the scrotum and testes, irregular belly button, depression, sharp abdominal pain, swollen abdomen, regurgitation and groin mass. It started two days ago.",abdominal hernia,Gastrointestinal
"For the past few days I've had symptoms of the face, symptoms of eye, abnormal involuntary movements, loss of sensation, facial pain, diminished vision and peripheral edema. It got worse overnight.",bell palsy,Musculoskeletal/Other
"I've been experiencing flu-like syndrome, vomiting, sharp abdominal pain, fluid retention, burning abdominal pain and fever and I'm worried. This has lasted about a week.",infectious gastroenteritis,Febrile/Systemic
"The symptoms are sharp abdominal pain, rib pain, shortness of breath, difficulty breathing, hurts to breath, sharp chest pain, side pain and weakness.",pleural effusion,Respiratory
"I came in because of ringing in ear, dizziness, fluid in ear, plugged feeling in ear, low self-esteem, hoarse voice, redness in ear and ear pain.",conductive hearing loss,Musculoskeletal/Other
"Patient reports vomiting, melena, diarrhea, rectal bleeding, vomiting blood, weakness, nausea and dizziness. It began this morning.",gastrointestinal hemorrhage,Gastrointestinal
"Patient reports heartburn, pain of the anus, itching of the anus, burning abdominal pain, sharp abdominal pain, constipation, melena and cramps and spasms.",rectal disorder,Gastrointestinal
"Patient reports stomach bloating, nausea, decreased appetite, fever, diarrhea, upper abdominal pain and vomiting.",appendicitis,Gastrointestinal
"The symptoms are abnormal appearing skin, cough, skin swelling, allergic reaction, itching of skin, skin dryness, peeling, scaliness, or roughness, skin irritation and warts.",eczema,Dermatological
"I came in because of antisocial behavior, restlessness, hostile behavior and temper problems. This has lasted about a week.",attention deficit hyperactivity disorder (adhd),Musculoskeletal/Other
"I came in because of back pain, side pain, sharp chest pain, ache all over, shoulder pain, bones are painful and hip pain.",fracture of the rib,Musculoskeletal/Other
"Patient reports flu-like syndrome, fever, wheezing and sore throat. This has lasted about a week.",common cold,Respiratory
"Patient reports loss of sensation, arm pain, foot or toe pain, neck pain, paresthesia, low back pain and back pain. It got worse overnight.",complex regional pain syndrome,Musculoskeletal/Other
"I feel unwell, with flu-like syndrome, nasal congestion, sore throat, cough, wheezing and chills. It comes and goes.",common cold,Respiratory
"Since yesterday I've noticed chest tightness, nasal congestion, coughing up sputum, shortness of breath, wheezing, sore throat, sharp chest pain and fever.",chronic obstructive pulmonary disease (copd),Respiratory
"Chief complaint: vaginal discharge, sharp abdominal pain, intermenstrual bleeding, pelvic pain, back pain and vaginal pain. This has lasted about a week.",vaginal cyst,Musculoskeletal/Other
Complaining of fever and hip pain. This has lasted about a week.,lyme disease,Febrile/Systemic
"I've been experiencing ache all over, ear pain, fever, difficulty in swallowing, cough, vomiting and nasal congestion and I'm worried. It began this morning.",strep throat,Musculoskeletal/Other
"I've been experiencing symptoms of eye, abnormal involuntary movements, headache, focal weakness and peripheral edema and I'm worried. It got worse overnight.",bell palsy,Musculoskeletal/Other
"The symptoms are diarrhea, chills, vomiting, burning abdominal pain, lower abdominal pain, blood in stool, side pain and fever. It started two days ago.",diverticulitis,Gastrointestinal
"I came in because of upper abdominal pain, blood in stool, burning abdominal pain, chills and sharp abdominal pain. It got worse overnight.",diverticulitis,Gastrointestinal
"I've been experiencing rectal bleeding, nausea, blood in stool and upper abdominal pain and I'm worried.",diverticulosis,Gastrointestinal
"Since yesterday I've noticed shortness of breath, hemoptysis, leg pain, sharp chest pain and chest tightness.",pulmonary embolism,Respiratory
"I came in because of diarrhea, abusing alcohol, side pain, hemoptysis, vomiting and back pain.",acute pancreatitis,Gastrointestinal
"Since yesterday I've noticed weakness, shortness of breath, heartburn, jaundice, sharp abdominal pain and nausea.",liver disease,Gastrointestinal
"For the past few days I've had weakness, side pain, nausea, sharp abdominal pain, diarrhea, unusual color or odor to urine, jaundice and upper abdominal pain. It got worse overnight.",liver disease,Gastrointestinal
"I feel unwell, with mouth dryness, shortness of breath, apnea, sleepiness, difficulty in swallowing, insomnia and weight gain. This has lasted about a week.",obstructive sleep apnea (osa),Respiratory
"I feel unwell, with paresthesia, knee pain, neck pain and leg pain.",spondylosis,Musculoskeletal/Other
"I feel unwell, with pain in testicles, groin mass, groin pain, swelling of scrotum, symptoms of the scrotum and testes, swollen abdomen and delusions or hallucinations. It began this morning.",inguinal hernia,Gastrointestinal
"Chief complaint: weakness, shortness of breath, diarrhea, upper abdominal pain, side pain, unusual color or odor to urine, jaundice and sharp abdominal pain.",liver disease,Gastrointestinal
"My main problems are fatigue, groin mass and neck mass.",lymphoma,Musculoskeletal/Other
"Since yesterday I've noticed temper problems, disturbance of memory and excessive anger. It comes and goes.",depression,Musculoskeletal/Other
"I came in because of pulling at ears, temper problems, skin rash, blood in stool and diaper rash. This has lasted about a week.",diaper rash,Dermatological
"I feel unwell, with cough, sore throat, facial pain, coryza, ear pain and problems during pregnancy. It got worse overnight.",acute sinusitis,Respiratory
"The symptoms are vomiting, shortness of breath, sore throat, coryza, chills, difficulty breathing and nasal congestion.",pneumonia,Respiratory
"For the past few days I've had dizziness, sharp abdominal pain, vomiting blood and nausea. It began this morning.",gastrointestinal hemorrhage,Gastrointestinal
"Since yesterday I've noticed cough, nasal congestion, sharp chest pain, chills, shortness of breath, weakness, vomiting and sore throat. This has lasted about a week.",pneumonia,Respiratory
"Lately I keep having diarrhea, difficulty in swallowing, sharp abdominal pain and nausea.",stomach cancer,Gastrointestinal
"I feel unwell, with upper abdominal pain, burning abdominal pain, hemoptysis, nausea, vomiting and side pain. This has lasted about a week.",acute pancreatitis,Gastrointestinal
"Patient reports skin dryness, peeling, scaliness, or roughness, skin irritation, skin lesion, allergic reaction, skin swelling, skin rash and skin moles. It began this morning.",contact dermatitis,Dermatological
"Complaining of nasal congestion, abnormal breathing sounds, apnea, difficulty breathing, facial pain and palpitations. This has lasted about a week.",deviated nasal septum,Respiratory
"My main problems are sharp chest pain, smoking problems, abusing alcohol, cough, drug abuse, hurts to breath and excessive anger.",smoking or tobacco addiction,Musculoskeletal/Other
"I have skin growth, itchy scalp, irregular appearing scalp, skin rash, itching of skin, acne or pimples, skin lesion and skin swelling. It began this morning.",fungal infection of the hair,Dermatological
"I have diarrhea, sharp abdominal pain, jaundice, nausea, upper abdominal pain and side pain. It began this morning.",liver disease,Gastrointestinal
"I came in because of nausea, stomach bloating, symptoms of the kidneys, upper abdominal pain and regurgitation.1. It comes and goes.",cholecystitis,Gastrointestinal
"My main problems are swollen or red tonsils, sore throat, redness in ear, abnormal breathing sounds and diminished hearing. It started two days ago.",tonsillitis,Respiratory
"Patient reports nausea, ache all over, chills, side pain, vomiting, upper abdominal pain and burning abdominal pain. This has lasted about a week.",diverticulitis,Gastrointestinal
"I feel unwell, with mass in scrotum, symptoms of the scrotum and testes, groin mass, swelling of scrotum, pain in testicles and ache all over. It started two days ago.",inguinal hernia,Gastrointestinal
"Complaining of nausea, vomiting, burning abdominal pain, retention of urine and stomach bloating. It started two days ago.",intestinal obstruction,Gastrointestinal
"Complaining of burning abdominal pain, blood in stool, heartburn and constipation. It started two days ago.",rectal disorder,Gastrointestinal
"The symptoms are constipation, sharp abdominal pain, pain of the anus, blood in stool, mass or swelling around the anus and changes in stool appearance.",hemorrhoids,Gastrointestinal
"I've been experiencing irregular appearing scalp, skin moles, skin lesion, lip swelling and abnormal appearing skin and I'm worried. It started two days ago.",skin cancer,Dermatological
"Since yesterday I've noticed flu-like syndrome, ear pain, coryza, nasal congestion and sore throat. It comes and goes.",common cold,Respiratory
"Complaining of sharp chest pain, sore throat, chills, nasal congestion and fever. It started two days ago.",pneumonia,Respiratory
"I came in because of eye burns or stings, eye redness, pain in eye, abnormal appearing skin, skin swelling and mass on eyelid.",stye,Musculoskeletal/Other
"Lately I keep having apnea, difficulty in swallowing, shortness of breath, sweating, coryza, sleepiness, fatigue and abnormal breathing sounds. This has lasted about a week.",obstructive sleep apnea (osa),Respiratory
"The symptoms are burning abdominal pain, side pain, regurgitation.1, upper abdominal pain and heartburn. It started two days ago.",gallstone,Gastrointestinal
"Complaining of sore throat, apnea and painful sinuses.",deviated nasal septum,Respiratory
"Chief complaint: headache, lacrimation, coryza, allergic reaction, sore throat, itchiness of eye and nasal congestion. This has lasted about a week.",seasonal allergies (hay fever),Febrile/Systemic
"For the past few days I've had cough, weakness, vomiting, suprapubic pain and fever. It got worse overnight.",sepsis,Febrile/Systemic
"Since yesterday I've noticed symptoms of the scrotum and testes, fever, upper abdominal pain, nausea, vomiting and diarrhea.",appendicitis,Gastrointestinal
"Patient reports nasal congestion, chest tightness, cough and sharp chest pain. It started two days ago.",pulmonary congestion,Respiratory
"Patient reports difficulty speaking, throat feels tight, sore throat, nasal congestion, ear pain, fever, coryza and cough. This has lasted about a week.",laryngitis,Respiratory
"I feel unwell, with nausea, lower body pain, sharp chest pain, burning abdominal pain, diarrhea and side pain. This has lasted about a week.",acute pancreatitis,Gastrointestinal
"My main problems are fever, nausea, headache and neck pain. It got worse overnight.",meningitis,Febrile/Systemic
"I came in because of ear pain, chills, coryza and headache. It began this morning.",common cold,Respiratory
"I have vomiting, wheezing, irritable infant, difficulty breathing, nasal congestion, hurts to breath and fever. This has lasted about a week.",acute bronchiolitis,Respiratory
"I came in because of dizziness, regurgitation, nausea, back pain, sharp abdominal pain, vomiting blood and regurgitation.1. This has lasted about a week.",hiatal hernia,Gastrointestinal
"Complaining of difficulty in swallowing, sore throat, sharp chest pain, shortness of breath, nausea, cough and heartburn. It comes and goes.",esophagitis,Gastrointestinal
"My main problems are long menstrual periods, lower abdominal pain, cramps and spasms, unpredictable menstruation, heavy menstrual flow, intermenstrual bleeding and infertility.",idiopathic irregular menstrual cycle,Musculoskeletal/Other
"I have skin rash, skin dryness, peeling, scaliness, or roughness, skin irritation, warts, itching of skin, irregular appearing scalp and cough. It started two days ago.",eczema,Dermatological
"Lately I keep having diarrhea, vaginal pain, dizziness, vomiting blood and rectal bleeding.",gastrointestinal hemorrhage,Gastrointestinal
"The symptoms are upper abdominal pain, side pain, stomach bloating, nausea, fever and diarrhea. It started two days ago.",appendicitis,Gastrointestinal
"I feel unwell, with itchiness of eye, sneezing, cough, frontal headache, sore throat and lacrimation. It got worse overnight.",seasonal allergies (hay fever),Febrile/Systemic
"Patient reports nausea, sharp abdominal pain and weakness. It started two days ago.",liver disease,Gastrointestinal
"The symptoms are regurgitation.1, regurgitation, pain of the anus, burning abdominal pain, rectal bleeding, nausea and sharp abdominal pain.",crohn disease,Gastrointestinal
"Since yesterday I've noticed vomiting, nausea, constipation and vaginal itching. It got worse overnight.",intestinal obstruction,Gastrointestinal
"Patient reports difficulty breathing, chest tightness, diaper rash, leg swelling and sharp chest pain. It got worse overnight.",pulmonary embolism,Respiratory
"I came in because of coryza, chills, difficulty breathing and shortness of breath. It comes and goes.",pneumonia,Respiratory
"My main problems are focal weakness, headache and seizures. It started two days ago.",intracerebral hemorrhage,Musculoskeletal/Other
"The symptoms are hemoptysis, sharp abdominal pain, burning abdominal pain and diarrhea. It began this morning.",acute pancreatitis,Gastrointestinal
"I've been experiencing plugged feeling in ear, redness in ear, allergic reaction, nasal congestion, diminished hearing, ringing in ear and ear pain and I'm worried.",eustachian tube dysfunction (ear disorder),Musculoskeletal/Other
"The symptoms are headache, congestion in chest, sinus congestion and painful sinuses.",chronic sinusitis,Respiratory
"Chief complaint: nasal congestion, hurts to breath, irritable infant, decreased appetite, fever and cough. It comes and goes.",acute bronchiolitis,Respiratory
"I feel unwell, with vomiting, coryza, plugged feeling in ear, fever, fluid in ear and pulling at ears. This has lasted about a week.",otitis media,Musculoskeletal/Other
"Complaining of decreased appetite, irritable infant, shortness of breath, pulling at ears and difficulty breathing. It comes and goes.",acute bronchiolitis,Respiratory
"Chief complaint: shoulder pain, abnormal involuntary movements, neck cramps or spasms, throat swelling and headache.",torticollis,Musculoskeletal/Other
"Lately I keep having upper abdominal pain, nausea, weakness, blood in stool, unusual color or odor to urine and diarrhea. It began this morning.",liver disease,Gastrointestinal
"Lately I keep having unusual color or odor to urine, heartburn, nausea, side pain, peripheral edema and diarrhea. It comes and goes.",liver disease,Gastrointestinal
"Lately I keep having palpitations, cough, feeling ill, difficulty breathing and shortness of breath. It began this morning.",pulmonary hypertension,Respiratory
"I came in because of hurts to breath, vomiting, coryza, fever, decreased appetite, difficulty breathing and cough. It got worse overnight.",acute bronchiolitis,Respiratory
"Lately I keep having coughing up sputum, congestion in chest, sore throat and cough.",acute bronchitis,Respiratory
"Patient reports nasal congestion, painful sinuses, allergic reaction, difficulty breathing and facial pain. It got worse overnight.",deviated nasal septum,Respiratory
"I came in because of difficulty breathing, abnormal breathing sounds, shortness of breath, difficulty in swallowing, sweating, weight gain and sleepiness.",obstructive sleep apnea (osa),Respiratory
Since yesterday I've noticed lip swelling and bleeding gums. It got worse overnight.,broken tooth,Musculoskeletal/Other
"The symptoms are temper problems, delusions or hallucinations, anxiety and nervousness, fears and phobias and hostile behavior. It got worse overnight.",marijuana abuse,Musculoskeletal/Other
"I came in because of upper abdominal pain, side pain and lower body pain. It started two days ago.",cholecystitis,Gastrointestinal
"Lately I keep having sleepiness, facial pain, headache and disturbance of memory. It started two days ago.",concussion,Musculoskeletal/Other
"I've been experiencing sharp chest pain, shortness of breath, weakness, cough, sharp abdominal pain, back pain and rib pain and I'm worried. It started two days ago.",pleural effusion,Respiratory
"My main problems are hurts to breath, pulling at ears, coryza, decreased appetite and difficulty breathing.",acute bronchiolitis,Respiratory
"Complaining of difficulty breathing, ear pain, pain in testicles, fever, nosebleed, nasal congestion and sore throat.",nose disorder,Musculoskeletal/Other
"The symptoms are fever, shortness of breath, shoulder swelling and hand or finger pain. This has lasted about a week.",valley fever,Febrile/Systemic
"Complaining of facial pain, cough, sore throat, coryza, coughing up sputum and problems during pregnancy. It started two days ago.",acute sinusitis,Respiratory
"Patient reports itching of skin, depression, rectal bleeding, jaundice and nausea. This has lasted about a week.",hepatitis due to a toxin,Gastrointestinal
"The symptoms are vomiting, irritable infant, difficulty breathing, decreased appetite and cough.",acute bronchiolitis,Respiratory
"I came in because of fever, allergic reaction, coughing up sputum, shortness of breath, nasal congestion, difficulty breathing and coryza. This has lasted about a week.",asthma,Respiratory
"I feel unwell, with sharp abdominal pain, sharp chest pain, vomiting, side pain, upper abdominal pain, nausea, hemoptysis and back pain. It got worse overnight.",acute pancreatitis,Gastrointestinal
"I've been experiencing chest tightness, sharp chest pain, shortness of breath, sore throat, congestion in chest, cough and wheezing and I'm worried. It started two days ago.",chronic obstructive pulmonary disease (copd),Respiratory
"I have apnea, feeling ill, shortness of breath and hemoptysis. This has lasted about a week.",pulmonary hypertension,Respiratory
"The symptoms are chest tightness, leg swelling, sweating, cough and leg pain. It began this morning.",pulmonary embolism,Respiratory
"My main problems are depression, depressive or psychotic symptoms, insomnia, restlessness, anxiety and nervousness and excessive anger. It began this morning.",drug abuse (opioids),Musculoskeletal/Other
"The symptoms are shortness of breath, vaginal discharge, nausea, diarrhea, weakness and heartburn. It started two days ago.",liver disease,Gastrointestinal
"The symptoms are coughing up sputum, coryza, cough, sore throat, nasal congestion, sharp chest pain and wheezing. It comes and goes.",chronic obstructive pulmonary disease (copd),Respiratory
"I feel unwell, with excessive urination at night, retention of urine, low urine output, symptoms of bladder and hesitancy.",benign prostatic hyperplasia (bph),Musculoskeletal/Other
"The symptoms are symptoms of the face, itching of skin and abnormal appearing skin.",actinic keratosis,Dermatological
"I feel unwell, with coryza, wheezing, sore throat and flu-like syndrome.",common cold,Respiratory
"I feel unwell, with toothache, peripheral edema, jaw swelling, pain in gums, facial pain, skin swelling and skin irritation. It comes and goes.",dental caries,Musculoskeletal/Other
"The symptoms are jaundice, rectal bleeding and sharp abdominal pain. It comes and goes.",hepatitis due to a toxin,Gastrointestinal
"My main problems are chills, blood in stool, upper abdominal pain, side pain, sharp abdominal pain, constipation, vomiting and lower abdominal pain.",diverticulitis,Gastrointestinal
"For the past few days I've had irritable infant, pelvic pain, difficulty breathing, coryza, vomiting and cough. It began this morning.",acute bronchiolitis,Respiratory
"Complaining of sore throat, allergic reaction, difficulty breathing, nasal congestion and facial pain. It began this morning.",deviated nasal septum,Respiratory
"I feel unwell, with symptoms of the scrotum and testes, bones are painful, neck pain, shoulder pain and back pain. It started two days ago.",injury to the trunk,Musculoskeletal/Other
"Chief complaint: pain of the anus, lower abdominal pain, burning abdominal pain, changes in stool appearance and sharp abdominal pain. It started two days ago.",chronic constipation,Gastrointestinal
"I've been experiencing difficulty breathing, sharp chest pain, arm pain, nasal congestion, shortness of breath, coryza, sore throat and vomiting and I'm worried. It started two days ago.",pneumonia,Respiratory
"The symptoms are foot or toe pain, ache all over and leg swelling. This has lasted about a week.",thrombophlebitis,Musculoskeletal/Other
"Chief complaint: headache, cough, facial pain, sinus congestion and painful sinuses. This has lasted about a week.",chronic sinusitis,Respiratory
"Lately I keep having fever, nausea, diarrhea, fluid retention, rectal bleeding and chills.",noninfectious gastroenteritis,Febrile/Systemic
"Patient reports sore throat, cough, frontal headache, sneezing, coryza, headache and nasal congestion.",seasonal allergies (hay fever),Febrile/Systemic
"The symptoms are heavy menstrual flow, symptoms of eye, abnormal appearing skin, acne or pimples, skin lesion and skin moles. It began this morning.",rosacea,Dermatological
"Complaining of difficulty breathing, fatigue, insomnia and abnormal breathing sounds. It got worse overnight.",obstructive sleep apnea (osa),Respiratory
"Lately I keep having symptoms of eye, spots or clouds in vision, itchiness of eye and foreign body sensation in eye. It got worse overnight.",glaucoma,Musculoskeletal/Other
"The symptoms are headache, fever, diarrhea, sharp abdominal pain and burning abdominal pain. It started two days ago.",infectious gastroenteritis,Febrile/Systemic
"I came in because of wheezing, difficulty breathing, nasal congestion, sharp chest pain, allergic reaction, coughing up sputum, chest tightness and fever. It got worse overnight.",asthma,Respiratory
"I've been experiencing sharp chest pain, fainting, weakness and chest tightness and I'm worried. This has lasted about a week.",sinus bradycardia,Musculoskeletal/Other
"I feel unwell, with sore throat, cough, frontal headache and painful sinuses. It began this morning.",acute sinusitis,Respiratory
"Complaining of symptoms of the scrotum and testes, upper abdominal pain, regurgitation, sharp abdominal pain, ache all over, swollen abdomen, lower abdominal pain and regurgitation.1.",abdominal hernia,Gastrointestinal
"I have vomiting, vomiting blood, blood in stool, melena, dizziness, changes in stool appearance and fainting. It got worse overnight.",gastrointestinal hemorrhage,Gastrointestinal
"I feel unwell, with knee pain, flu-like syndrome and nasal congestion.",common cold,Respiratory
"Lately I keep having fever, upper abdominal pain, nausea, constipation, burning abdominal pain and lower abdominal pain. It comes and goes.",diverticulitis,Gastrointestinal
"For the past few days I've had wheezing, arm pain, vomiting, fever, nasal congestion, chest tightness, difficulty breathing and sharp chest pain. It comes and goes.",acute bronchospasm,Respiratory
"Complaining of fever, cough, abnormal breathing sounds, coryza, shortness of breath, sore throat, vomiting and hoarse voice.",croup,Respiratory
"For the past few days I've had temper problems, hostile behavior, anxiety and nervousness, excessive anger, depression and insomnia. It started two days ago.",schizophrenia,Musculoskeletal/Other
"Since yesterday I've noticed insomnia, upper abdominal pain, diarrhea, burning abdominal pain and nausea. It comes and goes.",irritable bowel syndrome,Gastrointestinal
"I've been experiencing obsessions and compulsions, depressive or psychotic symptoms, headache, hostile behavior, drug abuse and smoking problems and I'm worried.",neurosis,Musculoskeletal/Other
"I've been experiencing foot or toe pain, abnormal appearing skin, skin on leg or foot looks infected, too little hair, irregular appearing nails, skin rash, skin growth and skin dryness, peeling, scaliness, or roughness and I'm worried. This has lasted about a week.",onychomycosis,Musculoskeletal/Other
"Complaining of plugged feeling in ear, fluid in ear, diminished hearing, difficulty speaking and hoarse voice. It comes and goes.",conductive hearing loss,Musculoskeletal/Other
"Lately I keep having symptoms of infants, fever, nasal congestion, temper problems and decreased appetite. It got worse overnight.",teething syndrome,Musculoskeletal/Other
"Patient reports fever, nasal congestion, throat feels tight, difficulty speaking, hoarse voice, sore throat, ear pain and cough. It comes and goes.",laryngitis,Respiratory
"The symptoms are paresthesia, neck pain, loss of sensation, back pain, arm pain, low back pain and arm weakness. This has lasted about a week.",herniated disk,Gastrointestinal
"I have lack of growth, headache and hot flashes. It started two days ago.",pituitary disorder,Musculoskeletal/Other
"The symptoms are nasal congestion, fever, difficulty speaking, ear pain, sore throat and cough.",laryngitis,Respiratory
"For the past few days I've had sore throat, coryza, headache, nasal congestion, frontal headache, cough and ear pain.",seasonal allergies (hay fever),Febrile/Systemic
"I've been experiencing retention of urine, shortness of breath and chills and I'm worried.",acute respiratory distress syndrome (ards),Respiratory
"My main problems are hand or finger pain, neck pain, foot or toe pain, wrist pain, knee pain, arm pain, ankle pain and shoulder pain. It began this morning.",sprain or strain,Musculoskeletal/Other
"For the past few days I've had diarrhea, nausea, fluid retention, burning abdominal pain, dizziness, chills and fever. It got worse overnight.",infectious gastroenteritis,Febrile/Systemic
"I have hoarse voice, pulling at ears, nasal congestion, sore throat and fever.",croup,Respiratory
"Patient reports diarrhea, melena and nausea. It started two days ago.",diverticulosis,Gastrointestinal
"Lately I keep having suprapubic pain, involuntary urination, bedwetting, hesitancy and retention of urine. It got worse overnight.",bladder obstruction,Musculoskeletal/Other
"I came in because of burning abdominal pain, pain in eye, foreign body sensation in eye and blindness.",acute glaucoma,Musculoskeletal/Other
"I've been experiencing congestion in chest, coryza, chest tightness, sharp chest pain, cough, fever, coughing up sputum and shortness of breath and I'm worried.",chronic obstructive pulmonary disease (copd),Respiratory
"I feel unwell, with nausea, constipation, rectal bleeding, changes in stool appearance, blood in stool, vomiting and retention of urine. It began this morning.",chronic constipation,Gastrointestinal
"The symptoms are neck pain, vomiting, neck stiffness or tightness, fever and ache all over.",meningitis,Febrile/Systemic
"I came in because of diarrhea, sharp abdominal pain, cough and flatulence.",intestinal malabsorption,Gastrointestinal
"I have vomiting, lower body pain, burning abdominal pain, back pain, diarrhea and abusing alcohol.",acute pancreatitis,Gastrointestinal
"Patient reports cough, nasal congestion, congestion in chest, swollen eye, coryza and sharp chest pain.",chronic obstructive pulmonary disease (copd),Respiratory
"Chief complaint: nausea, burning abdominal pain, lower body pain, sharp chest pain and hemoptysis.",acute pancreatitis,Gastrointestinal
"Chief complaint: abusing alcohol, sharp chest pain, burning abdominal pain, upper abdominal pain, vomiting, sharp abdominal pain and nausea. It comes and goes.",acute pancreatitis,Gastrointestinal
"I feel unwell, with heartburn, burning abdominal pain, sharp chest pain, regurgitation.1, lower body pain, back pain, vomiting and upper abdominal pain. It got worse overnight.",gallstone,Gastrointestinal
"Complaining of sore throat, wheezing, shortness of breath and vomiting.",acute bronchospasm,Respiratory
"I have changes in stool appearance, heartburn, blood in stool, vomiting, vomiting blood and upper abdominal pain. It began this morning.",gastroduodenal ulcer,Gastrointestinal
"I have hurts to breath, irritable infant, wheezing, cough and vomiting. It got worse overnight.",acute bronchiolitis,Respiratory
"I have allergic reaction, fever, coryza, chest tightness, wheezing, nasal congestion, sharp chest pain and cough. It began this morning.",asthma,Respiratory
"I have coryza, difficulty breathing, sharp chest pain and nasal congestion. It got worse overnight.",asthma,Respiratory
"For the past few days I've had sharp abdominal pain, lower abdominal pain, anxiety and nervousness, flatulence, burning abdominal pain, insomnia and skin rash.",irritable bowel syndrome,Gastrointestinal
"I came in because of mass on eyelid, sore throat, skin swelling and mouth ulcer.",cold sore,Musculoskeletal/Other
"I've been experiencing headache, lower abdominal pain, constipation, diarrhea, sharp abdominal pain and nausea and I'm worried.",ileus,Gastrointestinal
"Complaining of fever, sore throat, cough, nasal congestion, redness in ear and apnea. It began this morning.",tonsillar hypertrophy,Respiratory
"Since yesterday I've noticed shortness of breath, side pain, nausea, upper abdominal pain, unusual color or odor to urine, heartburn, blood in stool and peripheral edema. It started two days ago.",liver disease,Gastrointestinal
Complaining of nausea and symptoms of the kidneys. It began this morning.,cholecystitis,Gastrointestinal
"I have vomiting, diarrhea, swollen lymph nodes, blood in stool and nausea. It began this morning.",ulcerative colitis,Gastrointestinal
"I feel unwell, with sharp chest pain, symptoms of the kidneys, burning abdominal pain, vomiting, nausea and sharp abdominal pain.",cholecystitis,Gastrointestinal
"My main problems are abnormal breathing sounds, difficulty in swallowing, sweating, fatigue and sleepiness. It started two days ago.",obstructive sleep apnea (osa),Respiratory
"I have nausea, headache, bleeding from ear, chills, coryza and cough. This has lasted about a week.",flu,Respiratory
"The symptoms are weakness, jaundice, peripheral edema, side pain, unusual color or odor to urine and diarrhea. It got worse overnight.",liver disease,Gastrointestinal
"I've been experiencing fatigue, difficulty breathing, difficulty in swallowing, insomnia, weight gain and apnea and I'm worried.",obstructive sleep apnea (osa),Respiratory
"Complaining of ringing in ear, itchy ear(s), ear pain and sore throat.",otitis externa (swimmer's ear),Musculoskeletal/Other
"Patient reports leg swelling, chest tightness, cough, weakness, sweating and shortness of breath. This has lasted about a week.",pulmonary embolism,Respiratory
"I came in because of vomiting, melena, weakness, diarrhea and nausea. This has lasted about a week.",gastrointestinal hemorrhage,Gastrointestinal
"Complaining of shoulder pain, paresthesia, loss of sensation, arm weakness and arm pain. It started two days ago.",herniated disk,Gastrointestinal
"My main problems are infertility, swelling of scrotum, pain of the anus, symptoms of the scrotum and testes, involuntary urination, groin pain and skin growth. It started two days ago.",varicocele of the testicles,Musculoskeletal/Other
"Since yesterday I've noticed allergic reaction, pain in eye, swollen eye, sneezing, eye burns or stings, lacrimation, nasal congestion and symptoms of eye. It started two days ago.",conjunctivitis due to allergy,Musculoskeletal/Other
"Lately I keep having sleepiness, mouth dryness and sweating.",obstructive sleep apnea (osa),Respiratory
"Complaining of wheezing, fever, hoarse voice, sore throat, nasal congestion, shortness of breath and vomiting. It began this morning.",croup,Respiratory
"Complaining of vomiting, fever, difficulty breathing, sharp chest pain, cough and weakness. This has lasted about a week.",pneumonia,Respiratory
"Patient reports sleepiness, apnea, shortness of breath, difficulty in swallowing, difficulty breathing and mouth dryness. It began this morning.",obstructive sleep apnea (osa),Respiratory
"Complaining of coryza, difficulty breathing, wheezing, cough, vomiting, sore throat and shortness of breath. It started two days ago.",acute bronchospasm,Respiratory
"The symptoms are vomiting, fever, irritable infant, shortness of breath, cough, nasal congestion, pulling at ears and hurts to breath. It comes and goes.",acute bronchiolitis,Respiratory
"I've been experiencing skin dryness, peeling, scaliness, or roughness, acne or pimples, skin moles, itching of skin and abnormal appearing skin and I'm worried.",skin disorder,Dermatological
"Chief complaint: heartburn, dizziness, vomiting blood, back pain and burning abdominal pain. It started two days ago.",hiatal hernia,Gastrointestinal
"Chief complaint: skin lesion, irregular appearing scalp, warts, skin swelling, lip swelling and abnormal appearing skin.",skin cancer,Dermatological
"I've been experiencing eye redness, foreign body sensation in eye, spots or clouds in vision and pain in eye and I'm worried.",glaucoma,Musculoskeletal/Other
"I came in because of nasal congestion, headache, itchiness of eye, cough, lacrimation, frontal headache and sneezing.",seasonal allergies (hay fever),Febrile/Systemic
"Lately I keep having upper abdominal pain, back pain, redness in ear, side pain, nausea, lower body pain and stomach bloating. It began this morning.",cholecystitis,Gastrointestinal
"My main problems are headache, hoarse voice, painful sinuses and facial pain. It got worse overnight.",nasal polyp,Respiratory
"Chief complaint: chest tightness, sweating, difficulty breathing, hemoptysis, leg pain and cough. It comes and goes.",pulmonary embolism,Respiratory
"The symptoms are hurts to breath, weakness, rib pain, cough, shortness of breath and sharp chest pain.",pleural effusion,Respiratory
"Patient reports rectal bleeding, sharp abdominal pain, vomiting, weakness, blood in stool and nausea. It began this morning.",gastrointestinal hemorrhage,Gastrointestinal
"My main problems are apnea, mouth dryness, abnormal breathing sounds, weight gain, difficulty breathing, insomnia and shortness of breath. It began this morning.",obstructive sleep apnea (osa),Respiratory
"For the past few days I've had shortness of breath, nausea, heartburn, peripheral edema, diarrhea, weakness, side pain and blood in stool. It began this morning.",liver disease,Gastrointestinal
"For the past few days I've had lower abdominal pain, diarrhea, vomiting, sharp abdominal pain, burning abdominal pain and headache. It started two days ago.",ileus,Gastrointestinal
"Chief complaint: shortness of breath, hemoptysis and leg swelling.",pulmonary embolism,Respiratory
"Lately I keep having back pain, nausea, difficulty in swallowing, vomiting blood, sharp chest pain, heartburn and burning abdominal pain. It started two days ago.",hiatal hernia,Gastrointestinal
"For the past few days I've had hand or finger swelling, leg swelling, joint pain, foot or toe swelling, wrist pain and long menstrual periods. It began this morning.",gout,Musculoskeletal/Other
"I've been experiencing sore throat, vomiting, coryza, flu-like syndrome, fever, ear pain, headache and nasal congestion and I'm worried.",common cold,Respiratory
"I've been experiencing skin swelling, leg swelling, foot or toe pain, skin rash, hand or finger pain, peripheral edema, foot or toe swelling and skin lesion and I'm worried. It got worse overnight.",pyogenic skin infection,Dermatological
"I've been experiencing upper abdominal pain, shortness of breath, nausea, jaundice, diarrhea and blood in stool and I'm worried. It began this morning.",liver disease,Gastrointestinal
"Chief complaint: cough, sharp abdominal pain and hoarse voice. It began this morning.",gastroesophageal reflux disease (gerd),Gastrointestinal
"Patient reports heartburn, itching of the anus, burning abdominal pain, cramps and spasms, constipation, diarrhea, rectal bleeding and pain of the anus.",rectal disorder,Gastrointestinal
"The symptoms are loss of sensation, hip pain, back stiffness or tightness, groin pain, back cramps or spasms, back pain and neck pain. It began this morning.",chronic back pain,Musculoskeletal/Other
"I came in because of peripheral edema, lacrimation, cough, headache, pain in eye and sharp chest pain. It got worse overnight.",sarcoidosis,Musculoskeletal/Other
"My main problems are dizziness, diarrhea, melena, blood in stool, vomiting and fainting. It began this morning.",gastrointestinal hemorrhage,Gastrointestinal
"I've been experiencing headache, arm pain, low back pain and muscle pain and I'm worried. This has lasted about a week.",fibromyalgia,Musculoskeletal/Other
"The symptoms are hip pain, leg pain, paresthesia and leg weakness. It began this morning.",spondylolisthesis,Musculoskeletal/Other
"Since yesterday I've noticed blood in stool, nausea, fainting, melena, dizziness and diarrhea.",gastrointestinal hemorrhage,Gastrointestinal
"Complaining of sharp abdominal pain, blood in stool, vomiting, constipation and burning abdominal pain.",ischemia of the bowel,Gastrointestinal
"I've been experiencing vomiting blood, nausea, dizziness and diarrhea and I'm worried.",hyperemesis gravidarum,Musculoskeletal/Other
"The symptoms are difficulty breathing, wheezing and weakness. It began this morning.",pneumonia,Respiratory
"The symptoms are pain in eye, skin moles, skin lesion, skin growth, skin swelling, lip swelling, warts and acne or pimples. It comes and goes.",viral warts,Dermatological
"Complaining of spots or clouds in vision, lacrimation, double vision and eye redness.",corneal disorder,Musculoskeletal/Other
"I've been experiencing cough, fever, nasal congestion, abnormal breathing sounds, headache, wheezing and sore throat and I'm worried. This has lasted about a week.",interstitial lung disease,Respiratory
"I've been experiencing sharp abdominal pain, chills, shortness of breath, decreased appetite, suprapubic pain, fever, feeling ill and weakness and I'm worried. It comes and goes.",sepsis,Febrile/Systemic
"I have ache all over, burning abdominal pain, joint pain and knee pain. It began this morning.",arthritis of the hip,Musculoskeletal/Other
"Patient reports vomiting, sharp chest pain, lower body pain, back pain, sharp abdominal pain, side pain and regurgitation.1.",gallstone,Gastrointestinal
"I feel unwell, with nausea, blood in stool, jaundice and sharp abdominal pain.",liver disease,Gastrointestinal
"Patient reports leg swelling, chest tightness, leg pain and difficulty breathing. It started two days ago.",pulmonary embolism,Respiratory
"My main problems are diminished hearing, fluid in ear, vomiting, ear pain and cough.",otitis media,Musculoskeletal/Other
"I have side pain, hurts to breath, rib pain and sharp abdominal pain. It started two days ago.",pleural effusion,Respiratory
"I feel unwell, with fluid retention, nausea, chills, diarrhea, rectal bleeding and blood in stool. This has lasted about a week.",noninfectious gastroenteritis,Febrile/Systemic
"Patient reports facial pain, fever, painful sinuses, coryza, cough, coughing up sputum and ear pain. It comes and goes.",acute sinusitis,Respiratory
"I've been experiencing coryza, difficulty breathing, sore throat, shortness of breath, chills, nasal congestion, weakness and sharp chest pain and I'm worried. It got worse overnight.",pneumonia,Respiratory
"Complaining of lower abdominal pain, constipation, changes in stool appearance, blood in stool, retention of urine, burning abdominal pain, nausea and vomiting.",chronic constipation,Gastrointestinal
"Lately I keep having nausea, rectal bleeding, diarrhea, melena, vomiting, heartburn and lower abdominal pain.",diverticulosis,Gastrointestinal
"I feel unwell, with sinus congestion, ear pain, headache, facial pain, nasal congestion, painful sinuses and coryza. It began this morning.",nose disorder,Musculoskeletal/Other
"The symptoms are arm swelling, elbow pain, wrist pain, hand or finger pain and wrist swelling.",injury to the arm,Musculoskeletal/Other
"My main problems are heartburn, side pain, regurgitation.1, upper abdominal pain and vomiting. It began this morning.",gallstone,Gastrointestinal
"I feel unwell, with heartburn, blood in stool, mass or swelling around the anus, itching of the anus and rectal bleeding.",hemorrhoids,Gastrointestinal
"I came in because of coryza, difficulty breathing, pulling at ears, nasal congestion, hurts to breath, decreased appetite and cough. It comes and goes.",acute bronchiolitis,Respiratory
"Lately I keep having swollen lymph nodes, blood in stool, vomiting, burning abdominal pain, lower abdominal pain, nausea and diarrhea. It got worse overnight.",ulcerative colitis,Gastrointestinal
"For the past few days I've had flu-like syndrome, diarrhea, decreased appetite, fluid retention, chills and nausea. It comes and goes.",infectious gastroenteritis,Febrile/Systemic
"I have irregular appearing scalp, skin moles, skin lesion and itching of skin. It comes and goes.",actinic keratosis,Dermatological
"My main problems are nasal congestion, fever, sharp chest pain, sore throat, coryza, shortness of breath and coughing up sputum.",chronic obstructive pulmonary disease (copd),Respiratory
"Complaining of sleepiness, insomnia, weight gain, fatigue, back pain, sweating, difficulty in swallowing and abnormal involuntary movements.",obstructive sleep apnea (osa),Respiratory
"Chief complaint: side pain, peripheral edema, heartburn and sharp abdominal pain. It got worse overnight.",liver disease,Gastrointestinal
"My main problems are apnea, weight gain, abnormal involuntary movements, difficulty in swallowing and mouth dryness. It began this morning.",obstructive sleep apnea (osa),Respiratory
"My main problems are peripheral edema, sharp abdominal pain, diarrhea, blood in stool, nausea, weakness, upper abdominal pain and shortness of breath. It began this morning.",liver disease,Gastrointestinal
"I have sharp chest pain, weakness, cough and shortness of breath. This has lasted about a week.",pulmonary congestion,Respiratory
"The symptoms are symptoms of the kidneys, burning abdominal pain, nausea, vomiting, lower body pain, sharp chest pain and back pain. It got worse overnight.",cholecystitis,Gastrointestinal
"I've been experiencing coryza, cough, fever, chills and sharp chest pain and I'm worried. It comes and goes.",pneumonia,Respiratory
"The symptoms are facial pain, dizziness and irritable infant. It comes and goes.",subdural hemorrhage,Musculoskeletal/Other
"Patient reports fever, sharp abdominal pain, flu-like syndrome, diarrhea, decreased appetite and burning abdominal pain. It got worse overnight.",infectious gastroenteritis,Febrile/Systemic
"Chief complaint: anxiety and nervousness, lower abdominal pain, nausea, upper abdominal pain, burning abdominal pain and insomnia.",irritable bowel syndrome,Gastrointestinal
"Patient reports leg pain, sweating, shortness of breath, sharp chest pain and seizures.",pulmonary embolism,Respiratory
"I've been experiencing lower body pain, itching of the anus, melena, rectal bleeding and constipation and I'm worried. This has lasted about a week.",hemorrhoids,Gastrointestinal
"Chief complaint: diarrhea, headache, fever, vomiting and nausea. It comes and goes.",gastritis,Gastrointestinal
"I've been experiencing sharp abdominal pain, vomiting, frequent urination and retention of urine and I'm worried.",kidney stone,Musculoskeletal/Other
"Since yesterday I've noticed vaginal discharge, pain during pregnancy, pelvic pain, vaginal pain and nausea.",vulvodynia,Musculoskeletal/Other
"For the past few days I've had sharp chest pain, abusing alcohol, sharp abdominal pain and diarrhea.",acute pancreatitis,Gastrointestinal
"My main problems are skin dryness, peeling, scaliness, or roughness, lip swelling, skin moles, irregular appearing scalp, skin swelling, skin irritation, skin growth and warts. It got worse overnight.",skin cancer,Dermatological
"Complaining of coughing up sputum, wheezing, difficulty breathing, cough and sore throat.",acute bronchitis,Respiratory
"My main problems are regurgitation, sharp chest pain, vomiting, regurgitation.1, upper abdominal pain and burning abdominal pain. It started two days ago.",gastroparesis,Gastrointestinal
"I came in because of nasal congestion, plugged feeling in ear, redness in ear, pulling at ears, cough, painful sinuses, ear pain and allergic reaction. It began this morning.",chronic otitis media,Musculoskeletal/Other
"My main problems are sharp chest pain, blood in stool, headache and nausea.",infectious gastroenteritis,Febrile/Systemic
"Since yesterday I've noticed ache all over, neck pain, fever, cough and nausea. It began this morning.",meningitis,Febrile/Systemic
"Patient reports pain during pregnancy, spotting or bleeding during pregnancy, cramps and spasms and problems during pregnancy. This has lasted about a week.",vaginal cyst,Musculoskeletal/Other
"Patient reports rectal bleeding, heartburn, nausea, diarrhea and vomiting.",diverticulosis,Gastrointestinal
"I feel unwell, with mouth dryness, abnormal breathing sounds, weight gain, insomnia, shortness of breath and difficulty breathing.",obstructive sleep apnea (osa),Respiratory
"Patient reports wrist swelling, hand or finger pain, knee pain, ankle swelling, hand or finger swelling, joint pain and knee swelling. It began this morning.",gout,Musculoskeletal/Other
"The symptoms are wheezing, shortness of breath, coryza, headache, cough and fever. This has lasted about a week.",acute bronchitis,Respiratory
"The symptoms are vomiting, constipation, impotence, nausea, diarrhea, sharp abdominal pain, side pain, chills and blood in stool. This has lasted about a week.",diverticulitis,Gastrointestinal
"Lately I keep having sweating, coryza, coughing up sputum, cough, nasal congestion, chest tightness and wheezing.",asthma,Respiratory
"Lately I keep having cough, itching of skin, skin dryness, peeling, scaliness, or roughness, acne or pimples and irregular appearing scalp. It got worse overnight.",eczema,Dermatological
"I have abnormal breathing sounds, ringing in ear, nasal congestion, redness in ear, diminished hearing and allergic reaction. It got worse overnight.",eustachian tube dysfunction (ear disorder),Musculoskeletal/Other
"I came in because of acne or pimples, bumps on penis, skin swelling and skin lesion. This has lasted about a week.",viral warts,Dermatological
"Since yesterday I've noticed arm pain, elbow pain, hand or finger pain, foot or toe pain, shoulder pain and wrist pain.",mononeuritis,Musculoskeletal/Other
"I feel unwell, with knee pain, loss of sensation and back pain. It comes and goes.",spondylosis,Musculoskeletal/Other
"Patient reports coughing up sputum, painful sinuses, facial pain, difficulty in swallowing, sore throat and ear pain. This has lasted about a week.",acute sinusitis,Respiratory
"My main problems are cough, shortness of breath, nasal congestion, fever, hoarse voice, coryza, abnormal breathing sounds and vomiting. It began this morning.",croup,Respiratory
"Complaining of ear pain, facial pain, sore throat and sinus congestion. It started two days ago.",acute sinusitis,Respiratory
"I've been experiencing hurts to breath, fever, irritable infant, nasal congestion, decreased appetite, difficulty breathing and shortness of breath and I'm worried.",acute bronchiolitis,Respiratory
"Lately I keep having sore throat, shortness of breath, heartburn, nausea, difficulty in swallowing, upper abdominal pain, vomiting and burning abdominal pain.",esophagitis,Gastrointestinal
"Patient reports regurgitation.1, diarrhea, vomiting blood, vomiting and sharp chest pain. It got worse overnight.",gastritis,Gastrointestinal
"I feel unwell, with fever, mouth ulcer, toothache and bleeding gums. It began this morning.",gum disease,Musculoskeletal/Other
"Patient reports fever, headache and fluid retention. It started two days ago.",noninfectious gastroenteritis,Febrile/Systemic
"The symptoms are unusual color or odor to urine, upper abdominal pain, sharp abdominal pain, diarrhea, peripheral edema and blood in stool. It got worse overnight.",liver disease,Gastrointestinal
"Chief complaint: shortness of breath, sore throat, fever, difficulty breathing, coryza, sharp chest pain, weakness and chills.",pneumonia,Respiratory
"Lately I keep having vomiting, blood in stool, burning abdominal pain, changes in stool appearance and difficulty speaking.",chronic constipation,Gastrointestinal
"I came in because of regurgitation, sharp abdominal pain, regurgitation.1, nausea and diarrhea. This has lasted about a week.",intestinal disease,Gastrointestinal
"For the past few days I've had blood in stool, diarrhea, lower abdominal pain, swollen lymph nodes, burning abdominal pain and nausea. It began this morning.",ulcerative colitis,Gastrointestinal
"I came in because of vomiting, back pain, low back pain, side pain and painful urination. It started two days ago.",kidney stone,Musculoskeletal/Other
"I feel unwell, with upper abdominal pain, difficulty in swallowing, nausea, back pain, burning abdominal pain and sharp chest pain. This has lasted about a week.",hiatal hernia,Gastrointestinal
"The symptoms are sore throat, throat feels tight, difficulty speaking, cough, hoarse voice, nasal congestion, coryza and ear pain.",laryngitis,Respiratory
"I came in because of back pain, hemoptysis and sharp chest pain.",acute pancreatitis,Gastrointestinal
"Patient reports sharp abdominal pain, vomiting, burning abdominal pain, nausea, side pain, lower body pain and abusing alcohol. It started two days ago.",acute pancreatitis,Gastrointestinal
"Complaining of vomiting, upper abdominal pain, side pain, burning abdominal pain, lower abdominal pain and decreased appetite.",appendicitis,Gastrointestinal
"Since yesterday I've noticed shoulder pain, lower body pain, low back pain and leg pain.",degenerative disc disease,Musculoskeletal/Other
"Lately I keep having leg pain, leg weakness, neck pain, hip pain and back pain. It began this morning.",herniated disk,Gastrointestinal
"Complaining of facial pain, ear pain, painful sinuses and nasal congestion. This has lasted about a week.",acute sinusitis,Respiratory
"Patient reports shortness of breath, cough, coughing up sputum, nasal congestion, sharp chest pain and sore throat.",acute bronchitis,Respiratory
"I came in because of difficulty breathing, abnormal breathing sounds, sleepiness, fatigue, sweating, apnea and abnormal involuntary movements.",obstructive sleep apnea (osa),Respiratory
"I've been experiencing shortness of breath, cough, coryza, nasal congestion, pain during pregnancy, chills, sharp chest pain and vomiting and I'm worried. This has lasted about a week.",pneumonia,Respiratory
"Lately I keep having upper abdominal pain, lower abdominal pain, side pain and vomiting. It got worse overnight.",diverticulitis,Gastrointestinal
"Lately I keep having vomiting, back pain, nausea and regurgitation.1. It began this morning.",gallstone,Gastrointestinal
"I have side pain, peripheral edema, nausea, blood in stool, diarrhea and jaundice. It began this morning.",liver disease,Gastrointestinal
"The symptoms are regurgitation.1, lower body pain, burning abdominal pain, back pain and side pain. This has lasted about a week.",cholecystitis,Gastrointestinal
"Since yesterday I've noticed heartburn, nausea, sharp abdominal pain, blood in stool and vomiting. It began this morning.",gastroduodenal ulcer,Gastrointestinal
"I've been experiencing nasal congestion, facial pain, difficulty breathing, painful sinuses, apnea, headache and allergic reaction and I'm worried. This has lasted about a week.",deviated nasal septum,Respiratory
"Chief complaint: peripheral edema, heartburn, neck pain, side pain, upper abdominal pain and nausea. This has lasted about a week.",liver disease,Gastrointestinal
"My main problems are sore throat, coryza, cough, fever, difficulty speaking and nasal congestion.",laryngitis,Respiratory
"Chief complaint: sharp chest pain, chest tightness, cough, shortness of breath, side pain and leg swelling. It got worse overnight.",pulmonary embolism,Respiratory
"Chief complaint: cough, vomiting, fever and chills. It started two days ago.",common cold,Respiratory
"Chief complaint: sharp chest pain, side pain, sharp abdominal pain, burning abdominal pain, hemoptysis, cough and back pain.",acute pancreatitis,Gastrointestinal
"My main problems are weakness, nausea, blood in stool, melena, fainting, diarrhea and vomiting blood. It began this morning.",gastrointestinal hemorrhage,Gastrointestinal
"For the past few days I've had nausea, vomiting, upper abdominal pain, sharp abdominal pain, lower body pain, regurgitation.1 and burning abdominal pain. This has lasted about a week.",gallstone,Gastrointestinal
"Lately I keep having wheezing, vomiting, shortness of breath, difficulty breathing, irritable infant and cough. It got worse overnight.",acute bronchiolitis,Respiratory
"I have irritable infant, vomiting, hurts to breath, shortness of breath, wheezing, nasal congestion, pulling at ears and fever. It began this morning.",acute bronchiolitis,Respiratory
"My main problems are sharp abdominal pain, headache, diarrhea, fluid retention, vomiting, blood in stool and rectal bleeding. It started two days ago.",noninfectious gastroenteritis,Febrile/Systemic
"I have vomiting, nausea, upper abdominal pain, chills, blood in stool, burning abdominal pain and fever. It began this morning.",diverticulitis,Gastrointestinal
"Lately I keep having wrist pain, hand or finger pain, ankle pain, foot or toe pain and shoulder pain. This has lasted about a week.",tendinitis,Musculoskeletal/Other
"Patient reports foot or toe swelling, abnormal appearing skin and irregular appearing nails.",ingrown toe nail,Musculoskeletal/Other
"I have sore throat, vomiting, coryza, headache, nausea and diarrhea. It got worse overnight.",flu,Respiratory
"I came in because of cough, itching of skin, penis pain, diaper rash, itching of the anus and suprapubic pain.",balanitis,Musculoskeletal/Other
"I have vomiting, fever, chills, flu-like syndrome and headache.",common cold,Respiratory
"Since yesterday I've noticed allergic reaction, symptoms of the scrotum and testes, facial pain, hoarse voice, headache, frontal headache and nasal congestion.",nasal polyp,Respiratory
"Patient reports chest tightness, shortness of breath, difficulty breathing, leg pain and hemoptysis.",pulmonary embolism,Respiratory
"Complaining of coryza, wheezing, sore throat, vomiting, cough and difficulty breathing. It got worse overnight.",acute bronchospasm,Respiratory
"I've been experiencing sore throat, coryza, nasal congestion, wheezing and cramps and spasms and I'm worried. It got worse overnight.",croup,Respiratory
"Complaining of back pain, loss of sensation, ache all over, arm pain, neck pain, headache and leg pain. This has lasted about a week.",neuralgia,Musculoskeletal/Other
"I've been experiencing wrist pain, lower body pain, headache, symptoms of the scrotum and testes, back pain and sharp chest pain and I'm worried. It comes and goes.",injury to the trunk,Musculoskeletal/Other
"Chief complaint: cough, difficulty breathing, fever and vomiting. This has lasted about a week.",acute bronchospasm,Respiratory
"I've been experiencing blood in stool, vomiting, burning abdominal pain, pain of the anus and rectal bleeding and I'm worried.",chronic constipation,Gastrointestinal
"I came in because of abnormal appearing skin, skin dryness, peeling, scaliness, or roughness, skin rash, skin growth, skin moles and skin irritation.",actinic keratosis,Dermatological
"I feel unwell, with ear pain, headache, lacrimation, allergic reaction, cough, coryza, sore throat and itchiness of eye. It got worse overnight.",seasonal allergies (hay fever),Febrile/Systemic
"I've been experiencing weakness, upper abdominal pain, peripheral edema, jaundice, sharp abdominal pain, nausea and unusual color or odor to urine and I'm worried. This has lasted about a week.",liver disease,Gastrointestinal
"The symptoms are cough, difficulty in swallowing, difficulty speaking, coryza and nasal congestion. It comes and goes.",laryngitis,Respiratory
"For the past few days I've had fever, coughing up sputum, nasal congestion, facial pain, ear pain, coryza, sore throat and frontal headache. It comes and goes.",acute sinusitis,Respiratory
"Complaining of burning abdominal pain, diarrhea, vomiting blood, regurgitation.1, fever and headache.",gastritis,Gastrointestinal
"For the past few days I've had skin irritation, abnormal appearing skin, irregular appearing scalp, allergic reaction, skin rash, cough and itching of skin. It began this morning.",eczema,Dermatological
"Complaining of vaginal itching, vulvar irritation, pain during intercourse and vaginal discharge.",vulvar disorder,Musculoskeletal/Other
"I came in because of chest tightness, regurgitation.1, regurgitation, sharp abdominal pain and cough. This has lasted about a week.",gastroesophageal reflux disease (gerd),Gastrointestinal
"Lately I keep having retention of urine, restlessness, abusing alcohol, depressive or psychotic symptoms and drug abuse.",drug abuse (opioids),Musculoskeletal/Other
"For the past few days I've had diarrhea, sore throat, chills, vomiting and ache all over. It began this morning.",flu,Respiratory
"My main problems are diarrhea, melena, suprapubic pain, changes in stool appearance, rectal bleeding, blood in stool, weakness, sharp abdominal pain and vomiting blood.",gastrointestinal hemorrhage,Gastrointestinal
"Patient reports side pain, frequent urination, sharp abdominal pain, painful urination and symptoms of prostate.",urinary tract obstruction,Musculoskeletal/Other
"My main problems are shoulder pain, neck swelling and bones are painful. This has lasted about a week.",fracture of the shoulder,Musculoskeletal/Other
"Lately I keep having congestion in chest, sharp chest pain, wheezing, coryza, fever and nasal congestion.",chronic obstructive pulmonary disease (copd),Respiratory
"Since yesterday I've noticed allergic reaction, ear pain, itchiness of eye, cough, sneezing and nasal congestion. It began this morning.",seasonal allergies (hay fever),Febrile/Systemic
"Chief complaint: diarrhea, sharp abdominal pain, itching of the anus, rectal bleeding, burning abdominal pain and blood in stool. It started two days ago.",rectal disorder,Gastrointestinal
"For the past few days I've had coughing up sputum, frontal headache, cough, ear pain, sore throat and coryza. This has lasted about a week.",acute sinusitis,Respiratory
"Patient reports hand or finger swelling, foot or toe pain, peripheral edema, skin rash and abnormal appearing skin.",pyogenic skin infection,Dermatological
"My main problems are sharp chest pain, coryza, vomiting, shortness of breath, headache, nasal congestion and sore throat.",acute bronchitis,Respiratory
"I feel unwell, with problems with movement, joint pain, ache all over, groin pain, low back pain, lower body pain and hip stiffness or tightness.",arthritis of the hip,Musculoskeletal/Other
"My main problems are fatigue, difficulty in swallowing, abnormal involuntary movements, apnea, weight gain, sleepiness, shortness of breath and difficulty breathing.",obstructive sleep apnea (osa),Respiratory
"I have eye redness, diarrhea, decreased appetite, nausea and headache. It got worse overnight.",noninfectious gastroenteritis,Febrile/Systemic
"Complaining of cough, leg swelling, leg pain, sweating and weakness. It got worse overnight.",pulmonary embolism,Respiratory
"Chief complaint: sharp chest pain, sore throat, shortness of breath, vomiting, chest tightness, burning abdominal pain, insomnia, difficulty in swallowing and cough. It got worse overnight.",esophagitis,Gastrointestinal
"I came in because of cough, weakness, sweating and difficulty breathing.",pulmonary embolism,Respiratory
"I've been experiencing nausea, sharp chest pain, difficulty in swallowing, chest tightness, regurgitation.1, regurgitation and cough and I'm worried. It comes and goes.",gastroesophageal reflux disease (gerd),Gastrointestinal
"For the past few days I've had abnormal breathing sounds, hoarse voice, coryza, cough and warts.",croup,Respiratory
"The symptoms are burning abdominal pain, vomiting, side pain, upper abdominal pain, nausea and fever.",appendicitis,Gastrointestinal
"Chief complaint: throat feels tight, sore throat, swollen or red tonsils, throat redness, abnormal breathing sounds, redness in ear, lump in throat and diminished hearing. It began this morning.",tonsillitis,Respiratory
"For the past few days I've had heartburn, itching of the anus, diarrhea, headache, constipation, sharp abdominal pain and melena.",rectal disorder,Gastrointestinal
I have melena and knee swelling. It got worse overnight.,coagulation (bleeding) disorder,Musculoskeletal/Other
"Patient reports sharp chest pain, shortness of breath and paresthesia. It started two days ago.",pulmonary eosinophilia,Respiratory
"Since yesterday I've noticed abnormal appearing skin, eye burns or stings, skin swelling, itchiness of eye and eye redness.",stye,Musculoskeletal/Other
"I have shortness of breath, headache, congestion in chest, cough, sharp chest pain, sore throat and coryza. This has lasted about a week.",acute bronchitis,Respiratory
"Patient reports symptoms of bladder, painful urination and symptoms of the scrotum and testes.",urethral stricture,Musculoskeletal/Other
"The symptoms are hip pain, headache, shoulder pain, back pain, low back pain, neck pain and leg pain.",neuralgia,Musculoskeletal/Other
"Patient reports ear pain, plugged feeling in ear, dizziness, throat feels tight, nasal congestion and fluid in ear. It got worse overnight.",sensorineural hearing loss,Musculoskeletal/Other
"I came in because of problems with movement, ankle swelling, foot or toe swelling, infant feeding problem, knee stiffness or tightness, foot or toe pain, knee swelling and leg swelling.",injury to the leg,Musculoskeletal/Other
"Lately I keep having sharp chest pain, nasal congestion, wheezing, coughing up sputum, headache and fever. It got worse overnight.",acute bronchitis,Respiratory
"Chief complaint: abnormal breathing sounds, sweating, shortness of breath, difficulty in swallowing, difficulty breathing and mouth dryness. It started two days ago.",obstructive sleep apnea (osa),Respiratory
"I have symptoms of the kidneys, stomach bloating, vomiting and side pain. It began this morning.",cholecystitis,Gastrointestinal
"For the past few days I've had mouth pain, gum pain and neck swelling.",tooth abscess,Dermatological
"My main problems are lower body pain, changes in stool appearance, heartburn, constipation and pain of the anus. It got worse overnight.",hemorrhoids,Gastrointestinal
"The symptoms are mouth ulcer, headache, sore throat, cough and fever. It got worse overnight.",aphthous ulcer,Gastrointestinal
"Chief complaint: vomiting, upper abdominal pain, chills, blood in stool, constipation, diarrhea, side pain and burning abdominal pain.",diverticulitis,Gastrointestinal
"I feel unwell, with chest tightness, swollen lymph nodes, increased heart rate, sharp chest pain and irregular heartbeat. It comes and goes.",atrial flutter,Musculoskeletal/Other
"Lately I keep having hip pain, fever, headache and abnormal appearing skin.",lyme disease,Febrile/Systemic
"The symptoms are insomnia, abnormal breathing sounds, weight gain, difficulty in swallowing, sweating and difficulty breathing. It started two days ago.",obstructive sleep apnea (osa),Respiratory
"I feel unwell, with nausea, upper abdominal pain, changes in stool appearance, burning abdominal pain, vomiting blood, sharp abdominal pain and blood in stool. It got worse overnight.",gastroduodenal ulcer,Gastrointestinal
"Patient reports burning abdominal pain, stomach bloating, lower body pain, sharp abdominal pain, sharp chest pain and nausea.",cholecystitis,Gastrointestinal
"Chief complaint: headache, skin lesion, symptoms of the face, dry or flaky scalp, skin growth, acne or pimples, too little hair and skin rash. It began this morning.",seborrheic dermatitis,Dermatological
"Complaining of dizziness, vomiting, irregular heartbeat, frontal headache, problems with movement and fainting. It comes and goes.",benign paroxysmal positional vertical (bppv),Musculoskeletal/Other
"Since yesterday I've noticed diarrhea, sharp chest pain, sharp abdominal pain, side pain, hemoptysis, lower body pain and back pain.",acute pancreatitis,Gastrointestinal
"Patient reports mass in scrotum, groin mass, pain in testicles, retention of urine, lower abdominal pain and groin pain.",hydrocele of the testicle,Musculoskeletal/Other
"Complaining of nasal congestion, fever, chest tightness, coryza and cough. It started two days ago.",acute bronchospasm,Respiratory
"The symptoms are itching of skin, skin dryness, peeling, scaliness, or roughness, skin swelling, allergic reaction, abnormal appearing skin, irregular appearing scalp and skin rash. It comes and goes.",eczema,Dermatological
"I feel unwell, with difficulty in swallowing, vomiting and fever. It started two days ago.",erythema multiforme,Musculoskeletal/Other
"Complaining of fever, facial pain and toothache. It got worse overnight.",gum disease,Musculoskeletal/Other
"I came in because of upper abdominal pain, shortness of breath, burning abdominal pain, sore throat and nausea. It started two days ago.",esophagitis,Gastrointestinal
"I came in because of diarrhea, sharp abdominal pain, side pain, jaundice, unusual color or odor to urine, heartburn and upper abdominal pain. It comes and goes.",liver disease,Gastrointestinal
"Lately I keep having sharp chest pain, shortness of breath, fever, weakness and decreased heart rate. It got worse overnight.",pulmonary congestion,Respiratory
"For the past few days I've had vomiting, fever, burning abdominal pain, upper abdominal pain and lower abdominal pain. It started two days ago.",appendicitis,Gastrointestinal
"I feel unwell, with ache all over, groin mass, regurgitation, sharp abdominal pain, regurgitation.1, lower abdominal pain and swollen abdomen. It began this morning.",abdominal hernia,Gastrointestinal
"The symptoms are bleeding from eye, facial pain, headache, eye redness and diminished vision. It got worse overnight.",subconjunctival hemorrhage,Musculoskeletal/Other
"My main problems are headache, abnormal appearing skin, hip pain, fever and depressive or psychotic symptoms.",lyme disease,Febrile/Systemic
"I came in because of cough, temper problems, pulling at ears, diaper rash, blood in stool, nasal congestion, fever and skin rash. It began this morning.",diaper rash,Dermatological
"For the past few days I've had back pain, vomiting, symptoms of the kidneys, burning abdominal pain, lower body pain and side pain. This has lasted about a week.",cholecystitis,Gastrointestinal
"I've been experiencing vomiting, blood in stool, fever, sharp abdominal pain, diarrhea and nausea and I'm worried. It got worse overnight.",diverticulitis,Gastrointestinal
"I feel unwell, with nausea, vomiting and feeling ill. This has lasted about a week.",hepatitis due to a toxin,Gastrointestinal
"Lately I keep having wheezing, fever, coryza, cough, shortness of breath and difficulty breathing.",asthma,Respiratory
"I have cough, coryza, plugged feeling in ear, ear pain, nasal congestion, fever, sore throat and fluid in ear.",acute otitis media,Musculoskeletal/Other
"I came in because of pulling at ears, hurts to breath, difficulty breathing, shortness of breath and fever. It comes and goes.",acute bronchiolitis,Respiratory
"Complaining of burning abdominal pain, sharp chest pain, back pain, upper abdominal pain, vomiting and diarrhea.",acute pancreatitis,Gastrointestinal
"I have difficulty breathing, sharp chest pain, wheezing, chest tightness, delusions or hallucinations, coryza and nasal congestion. It got worse overnight.",asthma,Respiratory
"The symptoms are shortness of breath, weakness, hurts to breath, difficulty breathing, cough, sharp abdominal pain and rib pain.",pleural effusion,Respiratory
"Lately I keep having sharp abdominal pain, unusual color or odor to urine, nausea, shortness of breath, upper abdominal pain, peripheral edema, side pain and heartburn. It comes and goes.",liver disease,Gastrointestinal
"Complaining of coryza, headache, cough, vomiting and ear pain.",common cold,Respiratory
"For the past few days I've had wheezing, coryza, shortness of breath, sharp chest pain, sore throat and coughing up sputum. It got worse overnight.",chronic obstructive pulmonary disease (copd),Respiratory
"I came in because of loss of sensation, low back pain, shoulder pain, neck pain, paresthesia, arm weakness, arm pain and leg pain.",herniated disk,Gastrointestinal
"Complaining of chills, diarrhea, sharp abdominal pain, vomiting, nausea and fever. It began this morning.",infectious gastroenteritis,Febrile/Systemic
"Chief complaint: difficulty eating, acne or pimples, depressive or psychotic symptoms, decreased appetite and depression.",eating disorder,Musculoskeletal/Other
"I have fatigue, difficulty breathing, sleepiness and abnormal breathing sounds.",obstructive sleep apnea (osa),Respiratory
"Complaining of painful sinuses, sore throat and ear pain. It began this morning.",acute sinusitis,Respiratory
"The symptoms are shortness of breath, nasal congestion, allergic reaction, wheezing, difficulty breathing and sharp chest pain. It began this morning.",asthma,Respiratory
"Chief complaint: sharp abdominal pain, vomiting, abusing alcohol, ache all over and skin growth.",chronic pancreatitis,Gastrointestinal
"Patient reports vomiting, burning abdominal pain, diarrhea, chills, blood in stool, decreased appetite, sharp abdominal pain and headache. It began this morning.",infectious gastroenteritis,Febrile/Systemic
"I've been experiencing regurgitation.1, sharp chest pain, nausea, hand or finger pain, burning abdominal pain, side pain and back pain and I'm worried.",gallstone,Gastrointestinal
"My main problems are ear pain, fever, headache, cough and painful sinuses. It started two days ago.",chronic sinusitis,Respiratory
"Lately I keep having skin rash, allergic reaction, skin swelling, skin lesion, skin dryness, peeling, scaliness, or roughness and irregular appearing scalp. It got worse overnight.",eczema,Dermatological
Patient reports vaginal itching and vaginal redness. It got worse overnight.,vaginal yeast infection,Musculoskeletal/Other
"I have vomiting, burning abdominal pain, sharp chest pain, sore throat and difficulty in swallowing. It got worse overnight.",esophagitis,Gastrointestinal
"I came in because of sharp chest pain, wheezing, sore throat, nasal congestion, increased heart rate, fever and difficulty breathing. This has lasted about a week.",pneumonia,Respiratory
"My main problems are burning abdominal pain, sharp abdominal pain, regurgitation.1, regurgitation and blood in stool.",crohn disease,Gastrointestinal
"I've been experiencing increased heart rate, lower body pain, palpitations, irregular heartbeat, dizziness, shortness of breath and sweating and I'm worried. It started two days ago.",angina,Musculoskeletal/Other
"The symptoms are allergic reaction, sharp abdominal pain, flatulence and vomiting. It started two days ago.",intestinal malabsorption,Gastrointestinal
"Lately I keep having skin dryness, peeling, scaliness, or roughness, itching of skin, skin moles, skin lesion, acne or pimples, skin rash and swollen eye. It began this morning.",contact dermatitis,Dermatological
"Lately I keep having nasal congestion, abnormal breathing sounds, shortness of breath, pulling at ears, hoarse voice, coryza and vomiting.",croup,Respiratory
"I came in because of sweating, fatigue, insomnia, apnea, difficulty breathing, shortness of breath and abnormal involuntary movements. It got worse overnight.",obstructive sleep apnea (osa),Respiratory
"For the past few days I've had sleepiness, mouth dryness, difficulty in swallowing, abnormal involuntary movements and apnea.",obstructive sleep apnea (osa),Respiratory
"Complaining of abnormal appearing skin, shortness of breath, palpitations, leg swelling, sharp chest pain, recent pregnancy and chest tightness.",hypertensive heart disease,Musculoskeletal/Other
"I have vomiting, sharp abdominal pain, lower body pain, nausea, upper abdominal pain and heartburn.",acute pancreatitis,Gastrointestinal
"My main problems are sharp abdominal pain, shortness of breath, weakness, peripheral edema, upper abdominal pain, side pain, heartburn and diarrhea. It started two days ago.",liver disease,Gastrointestinal
"Since yesterday I've noticed ear pain, plugged feeling in ear, loss of sensation, diminished hearing and nausea.",labyrinthitis,Musculoskeletal/Other
"My main problems are side pain, involuntary urination and vomiting. It started two days ago.",benign kidney cyst,Musculoskeletal/Other
"I came in because of wheezing, shortness of breath, difficulty breathing and nasal congestion. It got worse overnight.",asthma,Respiratory
"I've been experiencing burning abdominal pain, upper abdominal pain, lower body pain, nausea, abusing alcohol, side pain, vomiting and back pain and I'm worried. It began this morning.",acute pancreatitis,Gastrointestinal
"For the past few days I've had chills, sore throat, coryza, cough and wheezing. It began this morning.",pneumonia,Respiratory
"Chief complaint: jaundice, rectal bleeding and nausea.",hepatitis due to a toxin,Gastrointestinal
"The symptoms are groin pain, lower abdominal pain, mass in scrotum, ache all over and symptoms of the scrotum and testes. It got worse overnight.",inguinal hernia,Gastrointestinal
"For the past few days I've had burning abdominal pain, regurgitation.1, back pain, wrist swelling, sharp abdominal pain, side pain, upper abdominal pain, vomiting and nausea. It started two days ago.",cholecystitis,Gastrointestinal
"I have cough, diarrhea, nausea, fever, blood in stool, chills and burning abdominal pain.",infectious gastroenteritis,Febrile/Systemic
"I feel unwell, with abusing alcohol, nausea, side pain, lower body pain and diarrhea. It started two days ago.",acute pancreatitis,Gastrointestinal
"Patient reports pain of the anus, constipation, nausea, rectal bleeding, lower abdominal pain, burning abdominal pain and blood in stool. This has lasted about a week.",chronic constipation,Gastrointestinal
"Patient reports abnormal appearing skin, skin rash, skin dryness, peeling, scaliness, or roughness, skin moles, skin swelling and warts. It began this morning.",skin pigmentation disorder,Dermatological
"Lately I keep having blood in stool, headache, flu-like syndrome, vomiting, sharp abdominal pain, nausea and fever. This has lasted about a week.",infectious gastroenteritis,Febrile/Systemic
"Lately I keep having abusing alcohol, seizures, lack of growth, hysterical behavior, hostile behavior and excessive anger. It comes and goes.",conduct disorder,Musculoskeletal/Other
"For the past few days I've had upper abdominal pain, irregular belly button, symptoms of the scrotum and testes, lower abdominal pain and swollen abdomen.",abdominal hernia,Gastrointestinal
"Patient reports decreased appetite, feeling ill, fever, cough and vomiting. It got worse overnight.",sepsis,Febrile/Systemic
"Since yesterday I've noticed allergic reaction, dizziness, skin rash, peripheral edema, throat swelling, nausea and abnormal appearing skin.",drug reaction,Musculoskeletal/Other
"I feel unwell, with depressive or psychotic symptoms, abnormal appearing skin, difficulty speaking and constipation.",autism,Musculoskeletal/Other
"Complaining of painful sinuses, sinus congestion and fever. It got worse overnight.",acute sinusitis,Respiratory
"Since yesterday I've noticed symptoms of eye, acne or pimples, skin moles, skin growth, lymphedema and low back pain. It got worse overnight.",rosacea,Dermatological
"I have suprapubic pain, difficulty breathing, vomiting, weakness, fever, feeling ill, cough and shortness of breath. This has lasted about a week.",sepsis,Febrile/Systemic
"The symptoms are pain of the anus, vomiting, vaginal itching, sharp abdominal pain and constipation. It started two days ago.",intestinal obstruction,Gastrointestinal
"Chief complaint: coryza, sore throat, vomiting, ache all over, nausea and headache. It got worse overnight.",flu,Respiratory
"My main problems are pulling at ears, hurts to breath, decreased appetite, coryza, cough and nasal congestion. It got worse overnight.",acute bronchiolitis,Respiratory
"I feel unwell, with insomnia, shortness of breath, fatigue, abnormal breathing sounds, apnea and sweating. It comes and goes.",obstructive sleep apnea (osa),Respiratory
"For the past few days I've had symptoms of the face, spotting or bleeding during pregnancy, hip pain and headache.",lyme disease,Febrile/Systemic
"Chief complaint: fever, coryza, weakness, wheezing, chills, cough and vomiting. It started two days ago.",pneumonia,Respiratory
"I have mouth ulcer, fever, peripheral edema, pain in gums, bleeding gums, gum pain and facial pain. It started two days ago.",gum disease,Musculoskeletal/Other
Since yesterday I've noticed acne or pimples and skin growth.,alopecia,Dermatological
"I've been experiencing upper abdominal pain, vomiting, sharp abdominal pain, heartburn and diarrhea and I'm worried.",diverticulosis,Gastrointestinal
"Patient reports abnormal breathing sounds, shortness of breath, difficulty in swallowing, difficulty breathing, sleepiness and insomnia.",obstructive sleep apnea (osa),Respiratory
"The symptoms are side pain, blood in stool, heartburn, unusual color or odor to urine and weakness. It began this morning.",liver disease,Gastrointestinal
"I feel unwell, with paresthesia, hand or finger stiffness or tightness, arm pain, wrist pain, lip swelling, hand or finger pain and hand or finger swelling. This has lasted about a week.",carpal tunnel syndrome,Musculoskeletal/Other
"I came in because of abnormal appearing skin, itching of skin, vomiting, dizziness, peripheral edema and allergic reaction.",drug reaction,Musculoskeletal/Other
"I've been experiencing shortness of breath, cough, decreased heart rate, leg swelling and fever and I'm worried. It comes and goes.",pulmonary congestion,Respiratory
"For the past few days I've had hoarse voice, vomiting, sore throat and wheezing.",croup,Respiratory
"I have melena, dizziness, vomiting blood and vomiting. This has lasted about a week.",gastrointestinal hemorrhage,Gastrointestinal
"I've been experiencing pain during intercourse, blood in urine, involuntary urination, frequent urination, loss of sex drive, excessive urination at night, retention of urine and impotence and I'm worried.",erectile dysfunction,Musculoskeletal/Other
"Lately I keep having palpitations, feeling ill, sharp chest pain, cough and fatigue. It comes and goes.",pulmonary hypertension,Respiratory
"I came in because of fever, vomiting, cough and nasal congestion. It started two days ago.",croup,Respiratory
"For the past few days I've had nosebleed, headache, painful sinuses and abnormal breathing sounds. It began this morning.",deviated nasal septum,Respiratory
"Chief complaint: shortness of breath, coughing up sputum, allergic reaction, difficulty breathing, chest tightness and coryza. It got worse overnight.",asthma,Respiratory
"Lately I keep having mouth ulcer, lip swelling, pain in gums, ear pain, toothache, fever and bleeding gums.",gum disease,Musculoskeletal/Other
"The symptoms are nausea, sharp abdominal pain and chills. It comes and goes.",choledocholithiasis,Musculoskeletal/Other
"For the past few days I've had pain in testicles, fever, pain of the anus, symptoms of the scrotum and testes, infertility, swelling of scrotum and groin pain.",varicocele of the testicles,Musculoskeletal/Other
"Since yesterday I've noticed fever, lower abdominal pain, decreased appetite, delusions or hallucinations, side pain and burning abdominal pain. It started two days ago.",appendicitis,Gastrointestinal
"Lately I keep having nausea, jaundice, upper abdominal pain and blood in stool.",liver disease,Gastrointestinal
"Since yesterday I've noticed abnormal appearing skin, acne or pimples, skin lesion, skin growth, decreased appetite and skin rash. It got worse overnight.",seborrheic dermatitis,Dermatological
"The symptoms are itchiness of eye, allergic reaction, coryza, lacrimation, itching of the anus, sneezing, frontal headache, nasal congestion and ear pain. It comes and goes.",seasonal allergies (hay fever),Febrile/Systemic
"For the past few days I've had leg pain, shortness of breath, sweating, hemoptysis, chest tightness, difficulty breathing, weakness and leg swelling.",pulmonary embolism,Respiratory
"Since yesterday I've noticed irregular heartbeat, vomiting, peripheral edema, nausea and dizziness. It started two days ago.",benign paroxysmal positional vertical (bppv),Musculoskeletal/Other
"Complaining of fever, sharp abdominal pain, burning abdominal pain, blood in stool, headache, vomiting, flu-like syndrome and chills. It got worse overnight.",infectious gastroenteritis,Febrile/Systemic
"The symptoms are lacrimation, itchiness of eye, blindness, pain in eye, cloudy eye and abnormal movement of eyelid. It got worse overnight.",cataract,Musculoskeletal/Other
"I have abnormal breathing sounds, sore throat, abnormal involuntary movements, fever, vomiting, hoarse voice and cough. It got worse overnight.",croup,Respiratory
"Patient reports weakness, changes in stool appearance, fainting, vomiting, sharp abdominal pain and nausea.",gastrointestinal hemorrhage,Gastrointestinal
"Lately I keep having burning abdominal pain, side pain, diarrhea, sharp abdominal pain, stomach bloating and fever. This has lasted about a week.",appendicitis,Gastrointestinal
"For the past few days I've had flatulence, blood in stool, pain of the anus and sharp abdominal pain.",colonic polyp,Gastrointestinal
"Lately I keep having dizziness, blood in stool, changes in stool appearance, melena, rectal bleeding, fainting, diarrhea and nausea. It comes and goes.",gastrointestinal hemorrhage,Gastrointestinal
"I have allergic reaction, apnea, facial pain, difficulty breathing, painful sinuses and sore throat. This has lasted about a week.",deviated nasal septum,Respiratory
"My main problems are vomiting, burning abdominal pain, lower body pain and sharp chest pain. It began this morning.",acute pancreatitis,Gastrointestinal
"Lately I keep having nausea, difficulty in swallowing, chest tightness, vomiting, heartburn and sharp chest pain.",esophagitis,Gastrointestinal
"Chief complaint: nausea, shoulder pain, blood in stool, constipation, sharp abdominal pain, retention of urine and pain of the anus. It comes and goes.",chronic constipation,Gastrointestinal
"My main problems are suprapubic pain, headache, back pain, vaginal discharge and vomiting. It got worse overnight.",pelvic inflammatory disease,Musculoskeletal/Other
"Complaining of difficulty breathing, abnormal involuntary movements, weight gain, abnormal breathing sounds and insomnia. It started two days ago.",obstructive sleep apnea (osa),Respiratory
"For the past few days I've had cough, feeling ill, nasal congestion, skin rash and swollen lymph nodes.",mononucleosis,Febrile/Systemic
"Lately I keep having long menstrual periods, unpredictable menstruation, sharp abdominal pain, frequent menstruation, involuntary urination, vaginal discharge, painful menstruation and intermenstrual bleeding.",idiopathic excessive menstruation,Musculoskeletal/Other
"I came in because of sinus congestion, cough, congestion in chest and facial pain.",chronic sinusitis,Respiratory
"I feel unwell, with foot or toe swelling, irregular appearing nails, ankle pain, leg swelling, problems with movement, leg pain and knee swelling. It got worse overnight.",injury to the leg,Musculoskeletal/Other
"Patient reports headache, vomiting, fluid retention, sharp abdominal pain and burning abdominal pain.",infectious gastroenteritis,Febrile/Systemic
"I came in because of groin pain, pelvic pain, ache all over, hip pain and low back pain. This has lasted about a week.",arthritis of the hip,Musculoskeletal/Other
"I have weakness, dizziness, blood in stool, changes in stool appearance, nausea, vomiting and sharp abdominal pain.",gastrointestinal hemorrhage,Gastrointestinal
"For the past few days I've had headache, chills, cough, fever, ear pain, wheezing and coryza. This has lasted about a week.",common cold,Respiratory
"Chief complaint: diarrhea, burning abdominal pain, sharp abdominal pain and fever.",appendicitis,Gastrointestinal
"Lately I keep having difficulty breathing, fatigue, abnormal breathing sounds, difficulty in swallowing, insomnia and abnormal involuntary movements. It comes and goes.",obstructive sleep apnea (osa),Respiratory
"Complaining of blood in stool, rectal bleeding, fever, headache, chills and fluid retention. It got worse overnight.",noninfectious gastroenteritis,Febrile/Systemic
"The symptoms are nasal congestion, cough, hurts to breath, vomiting, decreased appetite and pulling at ears. This has lasted about a week.",acute bronchiolitis,Respiratory
"I feel unwell, with ear pain, sore throat, difficulty speaking, nasal congestion, fever and difficulty in swallowing. It started two days ago.",laryngitis,Respiratory
"Since yesterday I've noticed regurgitation.1, pain of the anus, regurgitation and diarrhea.",crohn disease,Gastrointestinal
"I've been experiencing foreign body sensation in eye, lip swelling, eye burns or stings, eye redness and itchiness of eye and I'm worried. It began this morning.",cornea infection,Musculoskeletal/Other
"Lately I keep having hurts to breath, fever, difficulty breathing, decreased appetite, pulling at ears, cough, vomiting and wheezing.",acute bronchiolitis,Respiratory
"I came in because of decreased appetite, headache, diarrhea, fever, vomiting and chills.",infectious gastroenteritis,Febrile/Systemic
"I have sharp abdominal pain, nausea, chest tightness and cough.",gastroesophageal reflux disease (gerd),Gastrointestinal
"The symptoms are skin rash, skin irritation, abnormal appearing skin, skin moles, irregular appearing scalp and skin lesion. It began this morning.",seborrheic keratosis,Dermatological
"For the past few days I've had blood in urine, lower abdominal pain, intermenstrual bleeding, spotting or bleeding during pregnancy and uterine contractions. It comes and goes.",uterine atony,Musculoskeletal/Other
"For the past few days I've had diminished hearing, swollen or red tonsils, nasal congestion and redness in ear.",tonsillitis,Respiratory
"For the past few days I've had irregular appearing scalp, skin dryness, peeling, scaliness, or roughness, abnormal appearing skin, itching of skin, skin swelling and skin irritation.",skin disorder,Dermatological
"I feel unwell, with excessive anger, insomnia, temper problems, low self-esteem, hostile behavior, delusions or hallucinations, anxiety and nervousness and fears and phobias. It comes and goes.",personality disorder,Musculoskeletal/Other
"Since yesterday I've noticed nausea, side pain, back pain, heartburn, burning abdominal pain and skin swelling.",gallstone,Gastrointestinal
"Lately I keep having difficulty breathing, pulling at ears, coryza, irritable infant and wheezing.",acute bronchiolitis,Respiratory
"I've been experiencing sharp abdominal pain, regurgitation, symptoms of the scrotum and testes, ache all over, irregular belly button, lower abdominal pain and regurgitation.1 and I'm worried.",abdominal hernia,Gastrointestinal
"I have fever, cough, shortness of breath, nasal congestion and difficulty breathing. This has lasted about a week.",acute bronchospasm,Respiratory
"I feel unwell, with heartburn, sharp abdominal pain, burning abdominal pain, nausea, shortness of breath, sore throat, upper abdominal pain, headache and cough.",esophagitis,Gastrointestinal
"Patient reports paresthesia, arm weakness and neck pain.",herniated disk,Gastrointestinal
"Complaining of leg swelling, leg pain, cough, hemoptysis, side pain and weakness. It began this morning.",pulmonary embolism,Respiratory
"Since yesterday I've noticed vomiting, flatulence, cough and diarrhea. It comes and goes.",intestinal malabsorption,Gastrointestinal
"Complaining of regurgitation, cough, nausea, hoarse voice, difficulty in swallowing, regurgitation.1 and sharp abdominal pain.",gastroesophageal reflux disease (gerd),Gastrointestinal
"Since yesterday I've noticed symptoms of the kidneys, back pain, sharp chest pain, side pain, sharp abdominal pain, regurgitation.1, stomach bloating and burning abdominal pain. It comes and goes.",cholecystitis,Gastrointestinal
"For the past few days I've had sleepiness, difficulty in swallowing, shortness of breath, apnea, abnormal breathing sounds and fatigue.",obstructive sleep apnea (osa),Respiratory
"Patient reports peripheral edema, congestion in chest, coryza, nasal congestion and wheezing. This has lasted about a week.",acute bronchitis,Respiratory
"Lately I keep having feeling ill, shortness of breath, weakness, chills, suprapubic pain and decreased appetite. It got worse overnight.",sepsis,Febrile/Systemic
"I've been experiencing depressive or psychotic symptoms, headache, fears and phobias, depression, palpitations and sharp chest pain and I'm worried.",anxiety,Musculoskeletal/Other
"Patient reports decreased appetite, difficulty breathing, fever and pulling at ears. It began this morning.",acute bronchiolitis,Respiratory
"I have sharp abdominal pain, hurts to breath, side pain and weakness. It began this morning.",pleural effusion,Respiratory
"Since yesterday I've noticed coryza, sharp chest pain, nasal congestion, coughing up sputum, difficulty breathing and fever.",asthma,Respiratory
"Patient reports back pain, regurgitation, sharp chest pain, upper abdominal pain and regurgitation.1. It got worse overnight.",hiatal hernia,Gastrointestinal
"The symptoms are nasal congestion, vomiting, fever, flu-like syndrome and chills. This has lasted about a week.",common cold,Respiratory
"I came in because of lacrimation, allergic reaction, coryza, ear pain and sneezing. It started two days ago.",seasonal allergies (hay fever),Febrile/Systemic
"My main problems are pulling at ears, coryza, nasal congestion, vomiting, wheezing, irritable infant and decreased appetite.",acute bronchiolitis,Respiratory
"Patient reports sweating, insomnia, mouth dryness, difficulty breathing, sleepiness, abnormal breathing sounds, difficulty in swallowing and abnormal involuntary movements. It got worse overnight.",obstructive sleep apnea (osa),Respiratory
"My main problems are weakness, diarrhea, peripheral edema, shortness of breath and sharp abdominal pain. This has lasted about a week.",liver disease,Gastrointestinal
"Lately I keep having abusing alcohol, sharp chest pain, vomiting, diarrhea, nausea, sharp abdominal pain, upper abdominal pain and hemoptysis. It comes and goes.",acute pancreatitis,Gastrointestinal
"Patient reports depressive or psychotic symptoms, sweating and problems with movement. It got worse overnight.",hypoglycemia,Musculoskeletal/Other
"Complaining of diminished hearing, plugged feeling in ear, pus draining from ear, cough, pulling at ears, redness in ear and ringing in ear. This has lasted about a week.",ear drum damage,Musculoskeletal/Other
"I feel unwell, with nausea and sharp chest pain. This has lasted about a week.",acute pancreatitis,Gastrointestinal
"I have sharp chest pain, depression, vomiting, sharp abdominal pain, regurgitation.1, fever, nausea and diarrhea.",gastritis,Gastrointestinal
"For the past few days I've had apnea, difficulty breathing, weight gain, sleepiness, sweating and insomnia. It started two days ago.",obstructive sleep apnea (osa),Respiratory
"My main problems are nasal congestion, fever, headache, sore throat, shortness of breath and wheezing. It comes and goes.",interstitial lung disease,Respiratory
"My main problems are rectal bleeding, burning abdominal pain, blood in stool, heartburn, melena and pain of the anus. It got worse overnight.",rectal disorder,Gastrointestinal
"Patient reports lower abdominal pain, sharp abdominal pain, nausea, burning abdominal pain, swollen lymph nodes and rectal bleeding. It started two days ago.",ulcerative colitis,Gastrointestinal
"For the past few days I've had nasal congestion, vomiting, wheezing, fever and chills.",pneumonia,Respiratory
"Complaining of sharp abdominal pain, nausea, lower abdominal pain, intermenstrual bleeding and vaginal discharge. It began this morning.",ectopic pregnancy,Musculoskeletal/Other
"My main problems are constipation, pain of the anus, vaginal itching, sharp abdominal pain, nausea and stomach bloating.",intestinal obstruction,Gastrointestinal
"The symptoms are diarrhea, side pain, sharp chest pain, upper abdominal pain, lower body pain, burning abdominal pain and hemoptysis. It started two days ago.",acute pancreatitis,Gastrointestinal
"Since yesterday I've noticed fever, side pain, upper abdominal pain, lower abdominal pain, sharp abdominal pain and decreased appetite.",appendicitis,Gastrointestinal
"I've been experiencing cough, wheezing, nasal congestion, vomiting, chest tightness, coryza and fever and I'm worried.",acute bronchospasm,Respiratory
"Complaining of cough, nasal congestion, wheezing, chills and coryza.",pneumonia,Respiratory
"Since yesterday I've noticed arm lump or mass, shoulder lump or mass, skin growth, back mass or lump and groin mass.",lipoma,Musculoskeletal/Other
"Lately I keep having nasal congestion, constipation, fever, skin rash and cough. It began this morning.",oral thrush (yeast infection),Musculoskeletal/Other
"Patient reports white discharge from eye, eye redness, foreign body sensation in eye, lacrimation, pain in eye and eye burns or stings. It began this morning.",foreign body in the eye,Musculoskeletal/Other
"Chief complaint: sore throat, coryza, nausea, headache, chills and ache all over.",flu,Respiratory
"Chief complaint: heartburn, nausea, cough and upper abdominal pain. It got worse overnight.",esophagitis,Gastrointestinal
"I came in because of nausea, upper abdominal pain, constipation, sharp abdominal pain, side pain, chills, blood in stool and burning abdominal pain. It started two days ago.",diverticulitis,Gastrointestinal
"I came in because of chills, fever, cough, headache and nausea.",flu,Respiratory
"I've been experiencing back pain, lower body pain, sharp chest pain, diarrhea, hemoptysis and vomiting and I'm worried. It started two days ago.",acute pancreatitis,Gastrointestinal
"I came in because of bones are painful, arm stiffness or tightness, wrist pain, arm pain, arm swelling, elbow swelling, hand or finger pain and joint pain. It began this morning.",injury to the arm,Musculoskeletal/Other
"Since yesterday I've noticed foot or toe pain, hand or finger weakness, wrist pain and arm pain. This has lasted about a week.",mononeuritis,Musculoskeletal/Other
"Patient reports nausea, upper abdominal pain and peripheral edema.",cirrhosis,Gastrointestinal
"I have skin irritation, jaw swelling, neck swelling, toothache, pain in gums, peripheral edema, facial pain and mouth pain.",dental caries,Musculoskeletal/Other
"Chief complaint: rectal bleeding, sharp abdominal pain, constipation, blood in stool, changes in stool appearance and lower abdominal pain.",chronic constipation,Gastrointestinal
"I feel unwell, with retention of urine, pain of the anus, burning abdominal pain, rectal bleeding, constipation, lower abdominal pain, vomiting and blood in stool.",chronic constipation,Gastrointestinal
"My main problems are irregular heartbeat, palpitations and burning chest pain. It began this morning.",coronary atherosclerosis,Musculoskeletal/Other
"I feel unwell, with sharp chest pain, difficulty breathing, nasal congestion, coryza, coughing up sputum, wheezing, shortness of breath, congestion in chest and sore throat.",acute bronchitis,Respiratory
"I've been experiencing cough, coryza, wheezing, sore throat, congestion in chest, headache and coughing up sputum and I'm worried. It got worse overnight.",acute bronchitis,Respiratory
"I've been experiencing eyelid lesion or rash, eyelid swelling, mass on eyelid, eye burns or stings, symptoms of eye and eye redness and I'm worried. It comes and goes.",stye,Musculoskeletal/Other
"Patient reports rectal bleeding, nausea, diarrhea, vomiting, sharp abdominal pain, burning abdominal pain and pain of the anus. It got worse overnight.",crohn disease,Gastrointestinal
"I have nausea, shortness of breath, upper abdominal pain, heartburn and side pain.",liver disease,Gastrointestinal
"I came in because of constipation, diarrhea, blood in stool, itching of the anus, melena, burning abdominal pain, pain of the anus and sharp abdominal pain.",rectal disorder,Gastrointestinal
"I feel unwell, with peripheral edema, elbow swelling and ache all over.",rheumatoid arthritis,Musculoskeletal/Other
"For the past few days I've had chills, diarrhea, fluid retention, lacrimation, flu-like syndrome and blood in stool. It comes and goes.",infectious gastroenteritis,Febrile/Systemic
"Lately I keep having painful urination, pelvic pain, burning abdominal pain, intermenstrual bleeding, back pain and suprapubic pain. This has lasted about a week.",pelvic inflammatory disease,Musculoskeletal/Other
"I feel unwell, with rectal bleeding, nausea, decreased appetite, chills and headache.",noninfectious gastroenteritis,Febrile/Systemic
"Since yesterday I've noticed burning abdominal pain, blood in stool, nausea, rectal bleeding and changes in stool appearance. This has lasted about a week.",chronic constipation,Gastrointestinal
"The symptoms are low back pain, leg pain, nausea, lower abdominal pain, neck pain, vomiting and sharp abdominal pain.",pain after an operation,Musculoskeletal/Other
"Complaining of mouth dryness, sweating, sleepiness, fatigue and shortness of breath.",obstructive sleep apnea (osa),Respiratory
"Chief complaint: heartburn, fever, burning abdominal pain, constipation and cramps and spasms.",rectal disorder,Gastrointestinal
"I feel unwell, with congestion in chest, difficulty breathing, coughing up sputum and shortness of breath.",acute bronchitis,Respiratory
"Since yesterday I've noticed burning abdominal pain, vomiting, fever, diarrhea, lower abdominal pain, nausea and constipation.",diverticulitis,Gastrointestinal
"I feel unwell, with allergic reaction, wheezing, coryza, chest tightness, nasal congestion, fever and sharp chest pain.",asthma,Respiratory
"Lately I keep having constipation, lower body pain, mass or swelling around the anus, melena, pain of the anus, changes in stool appearance and rectal bleeding.",hemorrhoids,Gastrointestinal
Chief complaint: intermenstrual bleeding and pain or soreness of breast.,fibrocystic breast disease,Musculoskeletal/Other
"Complaining of burning abdominal pain, vomiting, diarrhea, sharp chest pain, lower body pain and abusing alcohol. This has lasted about a week.",acute pancreatitis,Gastrointestinal
"Chief complaint: shortness of breath, rib pain, cough and weakness.",pleural effusion,Respiratory
"I came in because of diarrhea, decreased appetite, side pain, nausea and heavy menstrual flow. It got worse overnight.",appendicitis,Gastrointestinal
"I've been experiencing irregular belly button, ache all over, symptoms of the scrotum and testes, groin mass, regurgitation, sharp abdominal pain, lower abdominal pain and regurgitation.1 and I'm worried. It started two days ago.",abdominal hernia,Gastrointestinal
"I feel unwell, with weakness, blood in stool, vomiting blood, diarrhea, rectal bleeding and changes in stool appearance. It began this morning.",gastrointestinal hemorrhage,Gastrointestinal
"I've been experiencing sharp chest pain, headache, smoking problems, cough, drug abuse and hemoptysis and I'm worried. It started two days ago.",smoking or tobacco addiction,Musculoskeletal/Other
"For the past few days I've had fever, vomiting, weakness, chills, nasal congestion and sharp chest pain.",pneumonia,Respiratory
"Lately I keep having burning abdominal pain, sharp chest pain, sharp abdominal pain, nausea, sore throat and upper abdominal pain.",esophagitis,Gastrointestinal
"I have coryza, insomnia, vomiting and irritable infant. It comes and goes.",abscess of nose,Dermatological
"I came in because of lower body pain, vomiting, burning abdominal pain, sharp abdominal pain, symptoms of the kidneys, stomach bloating and upper abdominal pain.",cholecystitis,Gastrointestinal
"I have eyelid swelling, swollen eye, mass on eyelid, itchiness of eye, eye burns or stings, abnormal appearing skin, eyelid lesion or rash and eye redness. It comes and goes.",stye,Musculoskeletal/Other
"I've been experiencing hoarse voice, vomiting, fever, pulling at ears, cough, coryza and nasal congestion and I'm worried.",croup,Respiratory
"Complaining of acne or pimples, irregular appearing scalp, skin lesion, skin irritation, abnormal appearing skin, skin rash and allergic reaction.",eczema,Dermatological
"The symptoms are vomiting, depression, itching of skin, feeling ill and jaundice. It started two days ago.",hepatitis due to a toxin,Gastrointestinal
"For the past few days I've had lower body pain, rectal bleeding, changes in stool appearance, itching of the anus, heartburn and sharp abdominal pain. This has lasted about a week.",hemorrhoids,Gastrointestinal
"Lately I keep having weight gain, difficulty breathing, insomnia, abnormal involuntary movements, abnormal breathing sounds, sweating, sleepiness and shortness of breath. It started two days ago.",obstructive sleep apnea (osa),Respiratory
"I came in because of abnormal breathing sounds, sharp chest pain, apnea, facial pain, nasal congestion and allergic reaction. It began this morning.",deviated nasal septum,Respiratory
"I have fever, nasal congestion, chills, ache all over and skin rash.",strep throat,Musculoskeletal/Other
"I have sharp abdominal pain, diarrhea, lower abdominal pain, pain of the anus and vomiting. It began this morning.",ileus,Gastrointestinal
"I came in because of excessive anger, headache, insomnia, smoking problems and hostile behavior. It comes and goes.",neurosis,Musculoskeletal/Other
"Patient reports coughing up sputum, frontal headache, ear pain, nasal congestion and coryza. It comes and goes.",acute sinusitis,Respiratory
"For the past few days I've had hemoptysis, palpitations, shortness of breath, cough and feeling ill. This has lasted about a week.",pulmonary hypertension,Respiratory
"I feel unwell, with cramps and spasms, sharp abdominal pain, vaginal itching, pelvic pain, long menstrual periods and painful menstruation. It comes and goes.",idiopathic painful menstruation,Musculoskeletal/Other
"The symptoms are lower abdominal pain, heartburn, sharp abdominal pain and upper abdominal pain. It started two days ago.",hiatal hernia,Gastrointestinal
"For the past few days I've had insomnia, weight gain, mouth dryness, apnea, abnormal breathing sounds, difficulty breathing, sweating and fatigue. This has lasted about a week.",obstructive sleep apnea (osa),Respiratory
"Chief complaint: skin moles, headache, acne or pimples, warts, bumps on penis, lip swelling, skin growth, skin swelling and skin lesion. It comes and goes.",viral warts,Dermatological
"My main problems are headache, nasal congestion, coryza and allergic reaction. It got worse overnight.",seasonal allergies (hay fever),Febrile/Systemic
"Since yesterday I've noticed facial pain, sore throat, nosebleed, painful sinuses and allergic reaction. It started two days ago.",deviated nasal septum,Respiratory
"My main problems are fluid retention, rectal bleeding, blood in stool, burning abdominal pain, fever, facial pain and chills. It got worse overnight.",noninfectious gastroenteritis,Febrile/Systemic
"Since yesterday I've noticed chills, sharp abdominal pain, burning abdominal pain, flu-like syndrome, diarrhea and nausea.",infectious gastroenteritis,Febrile/Systemic
"The symptoms are difficulty breathing, apnea, vaginal discharge, difficulty in swallowing, weight gain, abnormal breathing sounds, mouth dryness, fatigue and sleepiness. It comes and goes.",obstructive sleep apnea (osa),Respiratory
"For the past few days I've had sharp abdominal pain, heartburn, difficulty in swallowing, vomiting, chest tightness and upper abdominal pain. It began this morning.",esophagitis,Gastrointestinal
"I came in because of groin mass, sharp abdominal pain, ache all over, nausea, symptoms of the scrotum and testes, swelling of scrotum and groin pain. It got worse overnight.",inguinal hernia,Gastrointestinal
"I have wheezing, cough, shortness of breath and fever.",asthma,Respiratory
"I feel unwell, with fever, tongue lesions, constipation, sore throat and irritable infant. It got worse overnight.",oral thrush (yeast infection),Musculoskeletal/Other
"I came in because of anxiety and nervousness, insomnia, depression and obsessions and compulsions.",neurosis,Musculoskeletal/Other
"I've been experiencing coryza, sneezing, nasal congestion and frontal headache and I'm worried.",seasonal allergies (hay fever),Febrile/Systemic
"Complaining of side pain, upper abdominal pain, sharp abdominal pain and heartburn. It comes and goes.",gallstone,Gastrointestinal
"Complaining of shoulder pain, wrist pain, arm swelling, elbow swelling, shoulder stiffness or tightness and arm stiffness or tightness.",fracture of the arm,Musculoskeletal/Other
"For the past few days I've had sharp chest pain, difficulty breathing, wheezing, nasal congestion, coughing up sputum and allergic reaction.",asthma,Respiratory
"Complaining of hoarse voice, burning abdominal pain, chest tightness, difficulty speaking, nausea and cough.",gastroesophageal reflux disease (gerd),Gastrointestinal
"Lately I keep having nasal congestion, allergic reaction, coughing up sputum, cough, coryza and sharp chest pain. It started two days ago.",asthma,Respiratory
"Patient reports diarrhea, heartburn, nausea, shortness of breath and sharp abdominal pain.",liver disease,Gastrointestinal
"Patient reports vomiting, headache, sharp abdominal pain, nausea, blood in stool, fluid retention, decreased appetite and flu-like syndrome.",infectious gastroenteritis,Febrile/Systemic
"Since yesterday I've noticed abnormal breathing sounds, wheezing, fever, headache and sore throat. It got worse overnight.",interstitial lung disease,Respiratory
"I feel unwell, with chills, burning abdominal pain, vomiting, constipation and nausea.",diverticulitis,Gastrointestinal
"For the past few days I've had difficulty speaking, cough and fever.",laryngitis,Respiratory
"For the past few days I've had fever, nasal congestion, wheezing, chest tightness and sore throat.",acute bronchospasm,Respiratory
"Patient reports abnormal appearing skin, swollen lymph nodes, skin lesion, skin growth and irregular appearing scalp.",melanoma,Dermatological
"I came in because of ear pain, coughing up sputum, sinus congestion, frontal headache, cough, fever and coryza.",acute sinusitis,Respiratory
"My main problems are ache all over, vomiting, back pain, diarrhea and abusing alcohol. It began this morning.",chronic pancreatitis,Gastrointestinal
"I've been experiencing side pain, diarrhea, peripheral edema, hurts to breath, blood in stool, heartburn, sharp abdominal pain, unusual color or odor to urine and nausea and I'm worried.",liver disease,Gastrointestinal
"The symptoms are weakness, difficulty breathing, back pain and hurts to breath.",pleural effusion,Respiratory
"Since yesterday I've noticed ankle pain, knee pain, diminished vision, shoulder pain, hand or finger pain, headache and back pain.",sprain or strain,Musculoskeletal/Other
"Lately I keep having nasal congestion, facial pain, sore throat, sinus congestion, fever, painful sinuses and ear pain.",acute sinusitis,Respiratory
"Patient reports abnormal breathing sounds, sleepiness, difficulty breathing, mouth dryness, insomnia, apnea, shortness of breath and sweating. This has lasted about a week.",obstructive sleep apnea (osa),Respiratory
"I've been experiencing suprapubic pain, feeling ill and fever and I'm worried. It began this morning.",sepsis,Febrile/Systemic
"Complaining of sharp abdominal pain, vomiting blood, sharp chest pain, blood in stool and nausea. It started two days ago.",gastroduodenal ulcer,Gastrointestinal
"I came in because of lower abdominal pain, back pain, headache, vomiting, leg pain and nausea. This has lasted about a week.",pain after an operation,Musculoskeletal/Other
"Complaining of coryza, sharp chest pain, congestion in chest, nasal congestion and difficulty breathing. This has lasted about a week.",acute bronchitis,Respiratory
"I came in because of blood in stool, vomiting, sharp abdominal pain, sharp chest pain and changes in stool appearance.",gastroduodenal ulcer,Gastrointestinal
"I have changes in stool appearance, vomiting, heartburn and upper abdominal pain. It got worse overnight.",gastroduodenal ulcer,Gastrointestinal
"Since yesterday I've noticed cough, nasal congestion, decreased heart rate and fever.",pulmonary congestion,Respiratory
"The symptoms are back pain, vomiting, regurgitation.1, sharp chest pain, side pain, lower body pain, upper abdominal pain and burning abdominal pain. It got worse overnight.",cholecystitis,Gastrointestinal
"The symptoms are nasal congestion, facial pain, nosebleed, difficulty breathing and abnormal breathing sounds. It started two days ago.",deviated nasal septum,Respiratory
"For the past few days I've had cough, coryza and ear pain. It comes and goes.",acute sinusitis,Respiratory
"My main problems are decreased appetite, difficulty breathing, weakness, sharp abdominal pain, suprapubic pain, chills and feeling ill.",sepsis,Febrile/Systemic
"I've been experiencing abnormal breathing sounds, throat redness, diminished hearing, nasal congestion and lump in throat and I'm worried.",tonsillitis,Respiratory
"I came in because of vomiting blood, sharp abdominal pain, vomiting, sharp chest pain, heartburn, changes in stool appearance and blood in stool. It began this morning.",gastroduodenal ulcer,Gastrointestinal
"Since yesterday I've noticed burning abdominal pain, blood in stool, chills, fluid retention, fever and nausea.",noninfectious gastroenteritis,Febrile/Systemic
"Complaining of allergic reaction, difficulty breathing, fever, chest tightness, wheezing and coughing up sputum. It got worse overnight.",asthma,Respiratory
"Complaining of sinus congestion, congestion in chest, headache and ear pain. It got worse overnight.",chronic sinusitis,Respiratory
"Chief complaint: shortness of breath, nausea, sore throat, vomiting, difficulty in swallowing and cough. It started two days ago.",esophagitis,Gastrointestinal
"For the past few days I've had nasal congestion, headache, feeling ill, fever, skin rash and cough.",mononucleosis,Febrile/Systemic
"I came in because of hostile behavior, temper problems, abusing alcohol, depressive or psychotic symptoms, delusions or hallucinations, drug abuse, excessive anger and disturbance of memory.",depression,Musculoskeletal/Other
"Patient reports sharp abdominal pain, vomiting, sharp chest pain, diarrhea, burning abdominal pain, lower abdominal pain and nausea. It started two days ago.",acute pancreatitis,Gastrointestinal
"I have back pain, nausea, regurgitation.1 and stomach bloating.",cholecystitis,Gastrointestinal
"I came in because of nausea, sharp abdominal pain, vomiting, difficulty in swallowing, cough and upper abdominal pain. This has lasted about a week.",esophagitis,Gastrointestinal
"I feel unwell, with nasal congestion, chest tightness, shortness of breath and wheezing.",acute bronchospasm,Respiratory
"Chief complaint: fever, coryza, nasal congestion, chest tightness and coughing up sputum. It comes and goes.",asthma,Respiratory
"I came in because of difficulty in swallowing, fatigue, sweating, abnormal breathing sounds, shortness of breath and apnea.",obstructive sleep apnea (osa),Respiratory
"Since yesterday I've noticed hip pain, leg pain, arm weakness, neck pain and back pain. It started two days ago.",herniated disk,Gastrointestinal
"Lately I keep having mouth ulcer, lip swelling, gum pain, bleeding gums, jaw swelling and fever. It began this morning.",gum disease,Musculoskeletal/Other
"I feel unwell, with shoulder pain, arm weakness, arm pain, back pain, loss of sensation, leg weakness and low back pain. It comes and goes.",herniated disk,Gastrointestinal
"My main problems are congestion in chest, coughing up sputum, coryza, shortness of breath, chest tightness and cough.",chronic obstructive pulmonary disease (copd),Respiratory
"I feel unwell, with coughing up sputum, fever, sinus congestion, nasal congestion and frontal headache. It comes and goes.",acute sinusitis,Respiratory
"I came in because of sharp abdominal pain, dizziness, burning abdominal pain, vomiting blood, difficulty in swallowing and back pain. It started two days ago.",hiatal hernia,Gastrointestinal
"My main problems are difficulty breathing, sharp chest pain, coryza and allergic reaction.",asthma,Respiratory
"I've been experiencing changes in stool appearance, rectal bleeding, constipation, pain of the anus, blood in stool, heartburn and ear pain and I'm worried.",hemorrhoids,Gastrointestinal
"The symptoms are low urine output, low self-esteem, depressive or psychotic symptoms, temper problems, antisocial behavior, restlessness and hostile behavior. It began this morning.",oppositional disorder,Musculoskeletal/Other
"Since yesterday I've noticed diarrhea, blood in stool, chills, headache and burning abdominal pain.",infectious gastroenteritis,Febrile/Systemic
"Since yesterday I've noticed hemoptysis, shortness of breath, leg swelling and side pain. This has lasted about a week.",pulmonary embolism,Respiratory
"Lately I keep having diarrhea, ache all over, nausea, fever and headache. This has lasted about a week.",flu,Respiratory
"For the past few days I've had sleepiness, difficulty in swallowing, abnormal involuntary movements, abnormal breathing sounds, insomnia, sweating and difficulty breathing.",obstructive sleep apnea (osa),Respiratory
"Patient reports chills, decreased appetite, cough, headache and fever.",strep throat,Musculoskeletal/Other
"I've been experiencing ache all over, decreased appetite, nasal congestion, chills, ear pain, vomiting and skin rash and I'm worried.",strep throat,Musculoskeletal/Other
"Patient reports facial pain, painful sinuses, fever, ear pain, coughing up sputum and sore throat. It began this morning.",acute sinusitis,Respiratory
"Since yesterday I've noticed diarrhea, pain of the anus, rectal bleeding, heartburn, vomiting, upper abdominal pain and sharp abdominal pain. This has lasted about a week.",colonic polyp,Gastrointestinal
"I feel unwell, with flatulence, nasal congestion, allergic reaction and cough.",intestinal malabsorption,Gastrointestinal
"I feel unwell, with nausea, sharp abdominal pain, blood in stool, chills, fever, rectal bleeding, diarrhea and burning abdominal pain. It began this morning.",noninfectious gastroenteritis,Febrile/Systemic
"I feel unwell, with sore throat, sneezing, fever, cough, itchiness of eye, lacrimation and ear pain.",seasonal allergies (hay fever),Febrile/Systemic
"The symptoms are hoarse voice, vomiting, nasal congestion and wheezing. It got worse overnight.",croup,Respiratory
"I feel unwell, with blood in stool, upper abdominal pain, vomiting, sharp chest pain, nausea, sharp abdominal pain and heartburn.",gastroduodenal ulcer,Gastrointestinal
"Chief complaint: diarrhea, headache, chills, rectal bleeding, vomiting, blood in stool, fluid retention and sharp abdominal pain. It began this morning.",noninfectious gastroenteritis,Febrile/Systemic
"For the past few days I've had cough, chills, difficulty breathing, sharp abdominal pain and fever. It started two days ago.",sepsis,Febrile/Systemic
"Complaining of arm pain, nasal congestion, sore throat, coryza and hoarse voice. It got worse overnight.",croup,Respiratory
"Complaining of vomiting blood, back pain, sharp abdominal pain, upper abdominal pain and heartburn. It started two days ago.",hiatal hernia,Gastrointestinal
"I've been experiencing coryza, vomiting, difficulty breathing and fever and I'm worried. This has lasted about a week.",pneumonia,Respiratory
"My main problems are skin dryness, peeling, scaliness, or roughness, skin rash, acne or pimples, allergic reaction, skin swelling, skin moles and skin irritation.",contact dermatitis,Dermatological
"Lately I keep having back mass or lump, side pain, ache all over, shortness of breath, hurts to breath, rib pain, bones are painful and back pain. It began this morning.",fracture of the rib,Musculoskeletal/Other
"For the past few days I've had congestion in chest, shortness of breath, coryza, coughing up sputum and wheezing. It started two days ago.",acute bronchitis,Respiratory
"My main problems are fluid retention, fever, decreased appetite, nausea, headache and chills. It comes and goes.",noninfectious gastroenteritis,Febrile/Systemic
Lately I keep having dizziness and paresthesia.,pulmonary eosinophilia,Respiratory
"The symptoms are anxiety and nervousness, nausea and sharp abdominal pain. It started two days ago.",irritable bowel syndrome,Gastrointestinal
"Patient reports headache, sore throat, congestion in chest, coryza, shortness of breath and cough. This has lasted about a week.",acute bronchitis,Respiratory
"I've been experiencing difficulty in swallowing, sharp abdominal pain, sharp chest pain, burning abdominal pain, heartburn, cough and shortness of breath and I'm worried.",esophagitis,Gastrointestinal
"I have fever, sharp abdominal pain, chills, fluid retention, headache, blood in stool and nausea.",infectious gastroenteritis,Febrile/Systemic
The symptoms are problems during pregnancy and cramps and spasms.,problem during pregnancy,Musculoskeletal/Other
"For the past few days I've had cough, sharp abdominal pain, coryza, frontal headache, allergic reaction and lacrimation. It comes and goes.",seasonal allergies (hay fever),Febrile/Systemic
"I came in because of sneezing, symptoms of eye, allergic reaction, swollen eye, nasal congestion, eye burns or stings and cough.",conjunctivitis due to allergy,Musculoskeletal/Other
"I came in because of abnormal appearing skin, skin rash, facial pain and sharp chest pain. It comes and goes.",shingles (herpes zoster),Dermatological
"My main problems are itching of the anus, sharp abdominal pain, heartburn, lower body pain, changes in stool appearance, mass or swelling around the anus and constipation.",hemorrhoids,Gastrointestinal
"I have back pain, upper abdominal pain, nausea, difficulty in swallowing, sharp abdominal pain, dizziness and shortness of breath. It started two days ago.",hiatal hernia,Gastrointestinal
"My main problems are vomiting, cough, flatulence, nasal congestion and allergic reaction. It got worse overnight.",intestinal malabsorption,Gastrointestinal
"Complaining of vomiting, sharp abdominal pain, vomiting blood, nausea, fainting and rectal bleeding. This has lasted about a week.",gastrointestinal hemorrhage,Gastrointestinal
"I've been experiencing leg pain, difficulty breathing, side pain and weakness and I'm worried. It got worse overnight.",pulmonary embolism,Respiratory
"For the past few days I've had diarrhea, constipation, headache, nausea, wrist swelling, burning abdominal pain and lower abdominal pain. It began this morning.",ileus,Gastrointestinal
"My main problems are changes in stool appearance, rectal bleeding, constipation, mass or swelling around the anus, pain of the anus and heartburn. It started two days ago.",hemorrhoids,Gastrointestinal
"I feel unwell, with sharp abdominal pain, symptoms of the kidneys, back pain, knee swelling and upper abdominal pain. It comes and goes.",cholecystitis,Gastrointestinal
"I have dizziness, melena, vomiting blood, weakness, blood in stool, rectal bleeding and sharp abdominal pain.",gastrointestinal hemorrhage,Gastrointestinal
"The symptoms are cough, sharp chest pain, difficulty in swallowing and hoarse voice. It started two days ago.",gastroesophageal reflux disease (gerd),Gastrointestinal
"Since yesterday I've noticed swollen abdomen, irregular belly button, symptoms of the scrotum and testes, groin mass and sharp abdominal pain. It got worse overnight.",abdominal hernia,Gastrointestinal
"Patient reports disturbance of memory, foot or toe pain, leg swelling, problems with movement, paresthesia, arm pain and leg weakness. It comes and goes.",peripheral nerve disorder,Musculoskeletal/Other
"For the past few days I've had vomiting, wheezing, leg swelling, shortness of breath, nasal congestion, decreased appetite, cough, pulling at ears and hurts to breath. It began this morning.",acute bronchiolitis,Respiratory
"My main problems are sore throat, cough, frontal headache, painful sinuses, ear pain, nasal congestion and fever.",acute sinusitis,Respiratory
"Patient reports painful urination, pelvic pain, lower abdominal pain, suprapubic pain, vaginal discharge, sharp abdominal pain and pain during intercourse. It started two days ago.",vaginitis,Musculoskeletal/Other
"I came in because of side pain, vaginal pain, back pain, painful urination and nausea. It began this morning.",vulvodynia,Musculoskeletal/Other
"My main problems are wheezing, coughing up sputum, sharp chest pain, congestion in chest and nasal congestion. It got worse overnight.",chronic obstructive pulmonary disease (copd),Respiratory
"Complaining of cough, irritable infant, fever, difficulty breathing, hurts to breath and shortness of breath.",acute bronchiolitis,Respiratory
"Since yesterday I've noticed burning abdominal pain, skin lesion, chills, sharp abdominal pain, headache, fluid retention and diarrhea. It began this morning.",infectious gastroenteritis,Febrile/Systemic
"Complaining of low back pain, arm pain, leg weakness, hip pain, paresthesia and arm weakness.",herniated disk,Gastrointestinal
"I've been experiencing vomiting blood, blood in stool, sharp chest pain, upper abdominal pain and vomiting and I'm worried.",gastroduodenal ulcer,Gastrointestinal
"Complaining of mass on eyelid, eyelid lesion or rash, symptoms of eye, eye burns or stings, skin swelling, increased heart rate and eyelid swelling.",stye,Musculoskeletal/Other
"My main problems are hesitancy, bedwetting, impotence, involuntary urination and retention of urine. It comes and goes.",bladder obstruction,Musculoskeletal/Other
"My main problems are painful sinuses, allergic reaction, abnormal breathing sounds and sore throat. It began this morning.",deviated nasal septum,Respiratory
"For the past few days I've had decreased appetite, rectal bleeding, fluid retention, vomiting, blood in stool, chills, sharp abdominal pain and diarrhea.",noninfectious gastroenteritis,Febrile/Systemic
"I have sharp chest pain, apnea, shortness of breath, feeling ill, fatigue, hemoptysis, difficulty breathing and palpitations. It comes and goes.",pulmonary hypertension,Respiratory
"I feel unwell, with fever, chills, difficulty breathing and sharp chest pain. It began this morning.",acute respiratory distress syndrome (ards),Respiratory
"I came in because of sharp abdominal pain, shortness of breath, unusual color or odor to urine, blood in stool, weakness and hoarse voice.",liver disease,Gastrointestinal
"Complaining of nausea, diarrhea, sharp abdominal pain, heartburn, upper abdominal pain and vomiting. It started two days ago.",diverticulosis,Gastrointestinal
"The symptoms are cough, shortness of breath, hurts to breath, weakness, sharp abdominal pain, back pain, rib pain and difficulty breathing. It got worse overnight.",pleural effusion,Respiratory
"I came in because of blood in stool, melena, pain of the anus, constipation, heartburn, itching of the anus and changes in stool appearance. It started two days ago.",hemorrhoids,Gastrointestinal
"Since yesterday I've noticed nausea, decreased appetite, chills, sharp abdominal pain, vomiting, rectal bleeding and fever. It got worse overnight.",noninfectious gastroenteritis,Febrile/Systemic
"My main problems are burning abdominal pain, constipation, chills, lower abdominal pain and side pain. It got worse overnight.",diverticulitis,Gastrointestinal
"Chief complaint: swollen lymph nodes, cough, feeling ill and skin rash. It began this morning.",mononucleosis,Febrile/Systemic
"I feel unwell, with coryza, cough, sharp chest pain, wheezing and shortness of breath. It got worse overnight.",asthma,Respiratory
"Chief complaint: side pain, upper abdominal pain, stomach bloating, sharp abdominal pain, nausea, decreased appetite and diarrhea. It got worse overnight.",appendicitis,Gastrointestinal
"Complaining of chest tightness, leg swelling, sharp chest pain, hemoptysis and cough. It started two days ago.",pulmonary embolism,Respiratory
"For the past few days I've had cough, vomiting, sharp abdominal pain, flatulence and diarrhea.",intestinal malabsorption,Gastrointestinal
"Chief complaint: fever, constipation, diarrhea, sharp abdominal pain, upper abdominal pain, side pain and vomiting. It comes and goes.",diverticulitis,Gastrointestinal
"I've been experiencing sharp abdominal pain, pain during pregnancy, pain during intercourse, pelvic pain, vaginal pain, vaginal redness, vaginal discharge, skin lesion and suprapubic pain and I'm worried. It started two days ago.",vaginitis,Musculoskeletal/Other
"Chief complaint: heartburn, sharp abdominal pain, peripheral edema, nausea, side pain, weakness, diarrhea and unusual color or odor to urine. It comes and goes.",liver disease,Gastrointestinal
"For the past few days I've had decreased appetite, difficulty breathing, hurts to breath, wheezing, vomiting and coryza. It got worse overnight.",acute bronchiolitis,Respiratory
"Chief complaint: warts, skin moles, skin lesion, skin rash, skin swelling and acne or pimples.",seborrheic keratosis,Dermatological
"I've been experiencing difficulty breathing, nasal congestion, headache, facial pain and apnea and I'm worried.",deviated nasal septum,Respiratory
"I've been experiencing difficulty breathing, decreased appetite, fever, vomiting, nasal congestion and coryza and I'm worried. It got worse overnight.",acute bronchiolitis,Respiratory
"Complaining of blood in stool, rectal bleeding, changes in stool appearance, lower abdominal pain and retention of urine. It got worse overnight.",chronic constipation,Gastrointestinal
"Patient reports leg pain, depression and insomnia. It began this morning.",restless leg syndrome,Musculoskeletal/Other
"For the past few days I've had upper abdominal pain, fever, decreased appetite and stomach bloating.",appendicitis,Gastrointestinal
"I have changes in stool appearance, mass or swelling around the anus, itching of the anus, lower body pain, rectal bleeding, blood in stool, sharp abdominal pain and heartburn.",hemorrhoids,Gastrointestinal
"Since yesterday I've noticed nasal congestion, sharp chest pain, difficulty breathing, fever and headache. This has lasted about a week.",acute bronchitis,Respiratory
"Complaining of nausea, chills, burning abdominal pain, vomiting, sore throat and ache all over.",flu,Respiratory
"Complaining of sinus congestion, coryza, coughing up sputum, painful sinuses, nasal congestion, facial pain, fever and cough. It got worse overnight.",acute sinusitis,Respiratory
"Patient reports vomiting, coryza, sore throat, nasal congestion, flu-like syndrome, wheezing, cough and fever. It began this morning.",common cold,Respiratory
"Chief complaint: difficulty breathing, nasal congestion, sore throat, weakness, coryza and fever. It got worse overnight.",pneumonia,Respiratory
"Complaining of itching of skin, skin moles, swollen eye, acne or pimples, skin irritation, skin dryness, peeling, scaliness, or roughness and abnormal appearing skin. It comes and goes.",contact dermatitis,Dermatological
"Patient reports cough, sore throat, wheezing and coryza. It comes and goes.",acute bronchospasm,Respiratory
"I have fever, sore throat, wheezing, vomiting, abnormal breathing sounds, shortness of breath, pulling at ears and coryza. It started two days ago.",croup,Respiratory
"The symptoms are lacrimation, frontal headache, sneezing, cough, ear pain and sore throat.",seasonal allergies (hay fever),Febrile/Systemic
Since yesterday I've noticed sharp abdominal pain and pain of the anus. It got worse overnight.,colonic polyp,Gastrointestinal
"I came in because of shortness of breath, weakness, difficulty breathing, sweating, hemoptysis, side pain, leg pain and chest tightness. It got worse overnight.",pulmonary embolism,Respiratory
"Complaining of sharp abdominal pain, sharp chest pain, upper abdominal pain, side pain and hemoptysis. This has lasted about a week.",acute pancreatitis,Gastrointestinal
"The symptoms are sore throat, weakness, vomiting, coryza and cough. It got worse overnight.",pneumonia,Respiratory
"I came in because of skin growth, acne or pimples, skin irritation, irregular appearing scalp, warts, skin moles, skin dryness, peeling, scaliness, or roughness and skin swelling.",skin polyp,Dermatological
"My main problems are irregular belly button, regurgitation, sharp abdominal pain, upper abdominal pain, regurgitation.1 and swollen abdomen.",abdominal hernia,Gastrointestinal
"Patient reports leg pain, joint pain, muscle pain, hand or finger pain, elbow pain, hip pain and knee pain. It started two days ago.",osteoarthritis,Musculoskeletal/Other
"For the past few days I've had pain of the anus, constipation, nausea, lower abdominal pain and burning abdominal pain.",ileus,Gastrointestinal
"Lately I keep having vomiting, fever, nausea, fluid retention, flu-like syndrome, diarrhea and decreased appetite. This has lasted about a week.",infectious gastroenteritis,Febrile/Systemic
"My main problems are nasal congestion, cough, wheezing, sharp chest pain, fever and coryza. It comes and goes.",pneumonia,Respiratory
"The symptoms are dizziness, fainting, vomiting, blood in stool, diarrhea and weakness. This has lasted about a week.",gastrointestinal hemorrhage,Gastrointestinal
"I came in because of restlessness, drug abuse, depressive or psychotic symptoms, temper problems and depression.",drug abuse (opioids),Musculoskeletal/Other
"I came in because of abnormal involuntary movements, mouth dryness, sweating, fatigue, abnormal breathing sounds and difficulty breathing. It began this morning.",obstructive sleep apnea (osa),Respiratory
"I've been experiencing sharp abdominal pain, fainting, weakness, blood in stool, nausea, vomiting blood, diarrhea and rectal bleeding and I'm worried.",gastrointestinal hemorrhage,Gastrointestinal
"Lately I keep having heartburn, delusions or hallucinations, nausea, burning abdominal pain and upper abdominal pain. It comes and goes.",gastroduodenal ulcer,Gastrointestinal
"Lately I keep having congestion in chest, fever, coryza, cough, sharp chest pain, nasal congestion, shortness of breath and wheezing.",chronic obstructive pulmonary disease (copd),Respiratory
"I've been experiencing fever, blood in urine, back pain, side pain, lower abdominal pain, suprapubic pain and painful urination and I'm worried.",urinary tract infection,Musculoskeletal/Other
"Complaining of slurring words, disturbance of memory, depressive or psychotic symptoms, hostile behavior, delusions or hallucinations and depression. It comes and goes.",delirium,Musculoskeletal/Other
"Patient reports hurts to breath, pulling at ears, decreased appetite, vomiting, nasal congestion, coryza and difficulty breathing. It comes and goes.",acute bronchiolitis,Respiratory
"I've been experiencing difficulty breathing, sore throat, fever, coryza and vomiting and I'm worried. It comes and goes.",pneumonia,Respiratory
"Since yesterday I've noticed shoulder pain, hip pain, arm pain, paresthesia, low back pain, arm weakness and loss of sensation. It comes and goes.",herniated disk,Gastrointestinal
Lately I keep having back pain and burning abdominal pain. It got worse overnight.,gallstone,Gastrointestinal
"I came in because of fatigue, shortness of breath, mouth dryness, weight gain and difficulty in swallowing. It got worse overnight.",obstructive sleep apnea (osa),Respiratory
"Since yesterday I've noticed sharp abdominal pain, lower abdominal pain, pelvic pain, suprapubic pain, symptoms of bladder and side pain. It comes and goes.",cystitis,Musculoskeletal/Other
"Since yesterday I've noticed nausea, sharp chest pain, difficulty in swallowing, burning abdominal pain, heartburn and sharp abdominal pain. It started two days ago.",hiatal hernia,Gastrointestinal
"I feel unwell, with gum pain, restlessness, facial pain and ear pain.",dental caries,Musculoskeletal/Other
"Patient reports leg swelling, knee stiffness or tightness, hip pain, knee swelling, back pain and leg pain.",chronic knee pain,Musculoskeletal/Other
"Complaining of coryza, hurts to breath, pulling at ears, shortness of breath, cough, irritable infant, difficulty breathing and anxiety and nervousness. It got worse overnight.",acute bronchiolitis,Respiratory
"I've been experiencing blood in urine, side pain, frequent urination, back pain, suprapubic pain and pelvic pain and I'm worried. It comes and goes.",cystitis,Musculoskeletal/Other
"My main problems are sharp chest pain, fever, decreased heart rate, redness in ear, cough, chest tightness and nasal congestion.",pulmonary congestion,Respiratory
"I have constipation, melena, pain of the anus and heartburn. This has lasted about a week.",hemorrhoids,Gastrointestinal
"The symptoms are uterine contractions, pain during pregnancy, back cramps or spasms, intermenstrual bleeding and spotting or bleeding during pregnancy. It began this morning.",uterine atony,Musculoskeletal/Other
"I have nasal congestion, fever, shortness of breath, wheezing and hoarse voice.",croup,Respiratory
"Since yesterday I've noticed vomiting, sharp abdominal pain, blood in stool, heartburn, upper abdominal pain and changes in stool appearance. This has lasted about a week.",gastroduodenal ulcer,Gastrointestinal
"Chief complaint: sharp abdominal pain, lower abdominal pain, retention of urine, back pain, painful urination, impotence and fainting. It started two days ago.",prostatitis,Musculoskeletal/Other
"I've been experiencing nasal congestion, sore throat, frontal headache, cough, facial pain and sinus congestion and I'm worried.",acute sinusitis,Respiratory
"For the past few days I've had sharp abdominal pain, abusing alcohol, abnormal involuntary movements and peripheral edema. This has lasted about a week.",alcoholic liver disease,Gastrointestinal
"The symptoms are irregular belly button, symptoms of the scrotum and testes, swollen abdomen, regurgitation.1, groin mass and regurgitation.",abdominal hernia,Gastrointestinal
"The symptoms are vomiting, symptoms of the kidneys, side pain, lower body pain, sharp abdominal pain, sharp chest pain and back pain. It got worse overnight.",cholecystitis,Gastrointestinal
"Since yesterday I've noticed sharp chest pain, ache all over, back pain, hip pain, heartburn, arm pain, vomiting and leg pain. It got worse overnight.",sickle cell crisis,Musculoskeletal/Other
"Complaining of nausea, difficulty in swallowing, burning abdominal pain, cough and vomiting. It got worse overnight.",esophagitis,Gastrointestinal
"Lately I keep having shortness of breath, wheezing, cough, hoarse voice and coryza.",croup,Respiratory
"The symptoms are difficulty breathing, sharp chest pain, cough, fever, coryza, shortness of breath, vomiting and sore throat. It comes and goes.",acute bronchospasm,Respiratory
"The symptoms are difficulty breathing, feeling ill, hemoptysis, sharp chest pain, shortness of breath and fatigue. It started two days ago.",pulmonary hypertension,Respiratory
"Patient reports eye burns or stings, swollen eye, skin swelling, eyelid lesion or rash and itchiness of eye. It comes and goes.",stye,Musculoskeletal/Other
"Since yesterday I've noticed regurgitation.1, regurgitation, sharp abdominal pain, vomiting blood, blood in stool, abdominal distention and shortness of breath. It began this morning.",cirrhosis,Gastrointestinal
"Complaining of side pain, leg pain, shortness of breath, difficulty breathing, leg swelling, chest tightness and sweating. It comes and goes.",pulmonary embolism,Respiratory
"For the past few days I've had cough, irritable infant, vomiting, coryza, nasal congestion and shortness of breath. It started two days ago.",acute bronchiolitis,Respiratory
"Patient reports chest tightness, depressive or psychotic symptoms, sharp chest pain, cough, difficulty breathing, fever and shortness of breath.",acute respiratory distress syndrome (ards),Respiratory
"Since yesterday I've noticed cough, sinus congestion, frontal headache and coryza.",acute sinusitis,Respiratory
"I have decreased heart rate, shortness of breath, sharp chest pain, fever, nasal congestion and leg swelling.",pulmonary congestion,Respiratory
"I came in because of leg pain, palpitations, hemoptysis, feeling ill, shortness of breath and fatigue.",pulmonary hypertension,Respiratory
"I've been experiencing chills, wheezing, difficulty breathing, cough, chest tightness and shortness of breath and I'm worried. It comes and goes.",acute respiratory distress syndrome (ards),Respiratory
"Lately I keep having nausea, vomiting, burning abdominal pain, stomach bloating, sharp chest pain and symptoms of the kidneys. This has lasted about a week.",cholecystitis,Gastrointestinal
"Patient reports headache, decreased appetite, rectal bleeding, diarrhea, fluid retention, chills and vomiting. It got worse overnight.",noninfectious gastroenteritis,Febrile/Systemic
"I have loss of sensation, hip pain, leg pain, paresthesia, low back pain, neck pain and shoulder pain.",spinal stenosis,Musculoskeletal/Other
"I have facial pain, allergic reaction, frontal headache and painful sinuses. It comes and goes.",nasal polyp,Respiratory
"I feel unwell, with decreased appetite, weakness, vomiting, feeling ill, cough and shortness of breath.",sepsis,Febrile/Systemic
"I have upper abdominal pain, abdominal distention, shortness of breath and peripheral edema.",cirrhosis,Gastrointestinal
"Lately I keep having upper abdominal pain, cough, heartburn, chest tightness and nausea. This has lasted about a week.",esophagitis,Gastrointestinal
"I feel unwell, with sharp chest pain, wheezing, shortness of breath, allergic reaction, cough, intermenstrual bleeding, difficulty breathing and chest tightness. It comes and goes.",asthma,Respiratory
"For the past few days I've had pain of the anus, diarrhea and rectal bleeding. It got worse overnight.",colonic polyp,Gastrointestinal
"I have chest tightness, sharp chest pain, shortness of breath, nausea, sore throat, difficulty in swallowing and vomiting. It comes and goes.",esophagitis,Gastrointestinal
"My main problems are diarrhea, vomiting, blood in stool, pain of the anus, nausea and sharp abdominal pain. It started two days ago.",crohn disease,Gastrointestinal
"The symptoms are low back pain, stiffness all over, back pain and leg pain. It began this morning.",spondylitis,Musculoskeletal/Other
"Lately I keep having skin growth, skin lesion, itchy eyelid, skin swelling and swollen lymph nodes. It got worse overnight.",melanoma,Dermatological
"The symptoms are headache, sore throat and mouth pain.",aphthous ulcer,Gastrointestinal
"For the past few days I've had hip pain, leg pain, arm pain, shoulder pain and low back pain. It got worse overnight.",neuralgia,Musculoskeletal/Other
"I feel unwell, with frequent urination, painful urination, side pain, back pain, sharp abdominal pain and symptoms of prostate. This has lasted about a week.",urinary tract obstruction,Musculoskeletal/Other
"Chief complaint: fluid retention, decreased appetite, sharp abdominal pain and diarrhea. It began this morning.",infectious gastroenteritis,Febrile/Systemic
"I have vomiting, fever, shortness of breath, cough and difficulty breathing. It got worse overnight.",sepsis,Febrile/Systemic
"I came in because of heartburn, shortness of breath, peripheral edema, upper abdominal pain and side pain.",liver disease,Gastrointestinal
"For the past few days I've had burning abdominal pain, pain of the anus, sharp abdominal pain and constipation.",rectal disorder,Gastrointestinal
"I've been experiencing wheezing, fever, shortness of breath, chills and sore throat and I'm worried. It comes and goes.",pneumonia,Respiratory
"I came in because of changes in stool appearance, lower abdominal pain, pain of the anus, sharp abdominal pain, vomiting, burning abdominal pain and blood in stool.",chronic constipation,Gastrointestinal
"Complaining of heartburn, back pain, regurgitation.1, upper abdominal pain, sharp chest pain and side pain. It comes and goes.",gallstone,Gastrointestinal
"Since yesterday I've noticed upper abdominal pain, regurgitation.1, lower body pain, nausea and heartburn.",gallstone,Gastrointestinal
"Complaining of back pain, retention of urine, frequent urination, side pain and pelvic pain. It started two days ago.",cystitis,Musculoskeletal/Other
"Complaining of pain of the anus, blood in stool, burning abdominal pain, hand or finger swelling, nausea and vomiting. It got worse overnight.",crohn disease,Gastrointestinal
"Since yesterday I've noticed heavy menstrual flow, spotting or bleeding during pregnancy, problems during pregnancy, pelvic pain and lower abdominal pain. It comes and goes.",spontaneous abortion,Musculoskeletal/Other
"I have nausea, fainting, changes in stool appearance, diarrhea, vomiting, rectal bleeding and blood in stool. This has lasted about a week.",gastrointestinal hemorrhage,Gastrointestinal
"My main problems are vomiting blood, fainting, weakness, changes in stool appearance, rectal bleeding and blood in stool.",gastrointestinal hemorrhage,Gastrointestinal
"I have abnormal involuntary movements, disturbance of memory, back pain, paresthesia, arm weakness, dizziness, arm pain and foot or toe pain.",peripheral nerve disorder,Musculoskeletal/Other
"For the past few days I've had congestion in chest, frontal headache, fever, sore throat, ear pain and headache.",chronic sinusitis,Respiratory
"I came in because of sharp abdominal pain, blood in stool, itching of the anus, diarrhea, rectal bleeding and cramps and spasms.",rectal disorder,Gastrointestinal
Lately I keep having fever and headache. This has lasted about a week.,lyme disease,Febrile/Systemic
"I feel unwell, with back pain, upper abdominal pain, dizziness, heartburn, nausea and difficulty in swallowing. This has lasted about a week.",hiatal hernia,Gastrointestinal
"I've been experiencing mass or swelling around the anus, sharp abdominal pain, heartburn, constipation and changes in stool appearance and I'm worried. It got worse overnight.",hemorrhoids,Gastrointestinal
"The symptoms are rectal bleeding, upper abdominal pain, vomiting and blood in stool.",diverticulosis,Gastrointestinal
"I feel unwell, with knee pain, frontal headache, nasal congestion, painful sinuses, coryza, coughing up sputum and sinus congestion. It started two days ago.",acute sinusitis,Respiratory
"Lately I keep having difficulty breathing, muscle pain, cough, sharp abdominal pain, shortness of breath and vomiting. It began this morning.",sepsis,Febrile/Systemic
"Lately I keep having pain of the anus, constipation, vomiting, changes in stool appearance, rectal bleeding, nausea, sharp abdominal pain and retention of urine. This has lasted about a week.",chronic constipation,Gastrointestinal
"I feel unwell, with coryza, coughing up sputum, sharp chest pain, fever, wheezing, shortness of breath and nasal congestion. It comes and goes.",asthma,Respiratory
"Complaining of constipation, fever, diarrhea and burning abdominal pain.",diverticulitis,Gastrointestinal
"Patient reports shortness of breath, heartburn, unusual color or odor to urine, weakness and sharp abdominal pain. It comes and goes.",liver disease,Gastrointestinal
"My main problems are dizziness, regurgitation.1, regurgitation, vomiting blood, difficulty in swallowing, upper abdominal pain, burning abdominal pain and nausea. It comes and goes.",hiatal hernia,Gastrointestinal
"Patient reports diarrhea, back pain, abusing alcohol, upper abdominal pain, sharp abdominal pain, burning abdominal pain, side pain and vomiting.",acute pancreatitis,Gastrointestinal
"Chief complaint: constipation, abnormal involuntary movements, diarrhea, rectal bleeding, burning abdominal pain and melena.",rectal disorder,Gastrointestinal
"Patient reports lack of growth, seizures, headache and abnormal breathing sounds. This has lasted about a week.",epilepsy,Musculoskeletal/Other
"Lately I keep having fever, nasal congestion, difficulty breathing, sharp chest pain, shortness of breath and coughing up sputum. It comes and goes.",asthma,Respiratory
"Since yesterday I've noticed coryza, difficulty breathing, sharp chest pain, sore throat, cough and coughing up sputum.",acute bronchitis,Respiratory
"My main problems are skin lesion, warts, skin irritation, cough, skin swelling, allergic reaction and skin dryness, peeling, scaliness, or roughness. This has lasted about a week.",eczema,Dermatological
"Chief complaint: upper abdominal pain, chest tightness and burning abdominal pain. It comes and goes.",esophagitis,Gastrointestinal
"Patient reports joint pain, hand or finger swelling, hand or finger pain, peripheral edema and elbow swelling.",rheumatoid arthritis,Musculoskeletal/Other
"Patient reports leg swelling, sharp chest pain, decreased heart rate, chest tightness and cough.",pulmonary congestion,Respiratory
"I feel unwell, with allergic reaction, eye redness, diminished vision and sneezing.",conjunctivitis due to allergy,Musculoskeletal/Other
"I've been experiencing headache, sore throat, frontal headache, fever, difficulty eating, facial pain and sinus congestion and I'm worried.",chronic sinusitis,Respiratory
"Complaining of nasal congestion, hurts to breath, difficulty breathing, cough, coryza, vomiting and irritable infant. It comes and goes.",acute bronchiolitis,Respiratory
"Lately I keep having nasal congestion, cough, coryza, jaw swelling, fever, headache, shortness of breath and sharp chest pain. It began this morning.",acute bronchitis,Respiratory
For the past few days I've had shortness of breath and weakness. It started two days ago.,pulmonary congestion,Respiratory
"The symptoms are cough, shortness of breath, sore throat, nasal congestion, chills and wheezing. This has lasted about a week.",pneumonia,Respiratory
"Since yesterday I've noticed leg pain, side pain, shortness of breath, weakness, leg swelling, sharp chest pain and cough. It began this morning.",pulmonary embolism,Respiratory
"Lately I keep having headache, chills, fluid retention, vomiting, sharp abdominal pain, decreased appetite, blood in stool and fever.",noninfectious gastroenteritis,Febrile/Systemic
"Patient reports vomiting, difficulty breathing, sore throat, shortness of breath, wheezing, fever and sharp chest pain. It started two days ago.",acute bronchospasm,Respiratory
"For the past few days I've had painful urination, retention of urine, fever and blood in urine. It started two days ago.",prostatitis,Musculoskeletal/Other
"The symptoms are upper abdominal pain, leg pain, side pain, vomiting, diarrhea, blood in stool, fever and chills. It began this morning.",diverticulitis,Gastrointestinal
"For the past few days I've had fever, skin swelling, skin rash and throat swelling. It got worse overnight.",scarlet fever,Febrile/Systemic
"For the past few days I've had rectal bleeding, pain of the anus, mass or swelling around the anus, changes in stool appearance, blood in stool, itching of the anus, constipation and lower body pain.",hemorrhoids,Gastrointestinal
"For the past few days I've had sharp chest pain, vomiting, shortness of breath, difficulty in swallowing, upper abdominal pain, cough and headache. It comes and goes.",esophagitis,Gastrointestinal
"Lately I keep having weakness, wheezing, sharp chest pain, cough, nasal congestion, fever and vomiting. It started two days ago.",pneumonia,Respiratory
"My main problems are wheezing, difficulty breathing, coryza, fever, chest tightness, coughing up sputum and sharp chest pain. It began this morning.",asthma,Respiratory
"Since yesterday I've noticed nausea, back pain, regurgitation.1, side pain, heartburn and burning abdominal pain.",gallstone,Gastrointestinal
"For the past few days I've had fainting, rectal bleeding, dizziness, blood in stool, vomiting blood, diarrhea, sharp abdominal pain and weakness. It comes and goes.",gastrointestinal hemorrhage,Gastrointestinal
"I came in because of cough, chest tightness, sharp abdominal pain, vomiting and burning abdominal pain.",esophagitis,Gastrointestinal
"My main problems are fever, sleepiness, headache, sore throat and nausea. It started two days ago.",interstitial lung disease,Respiratory
"My main problems are apnea, abnormal involuntary movements, weight gain, mouth dryness, fatigue, pain in eye and insomnia. It started two days ago.",obstructive sleep apnea (osa),Respiratory
"Lately I keep having sharp chest pain, vomiting, sharp abdominal pain, side pain, lower body pain, burning abdominal pain, nausea and regurgitation.1.",cholecystitis,Gastrointestinal
"I have difficulty breathing, wheezing, allergic reaction and chest tightness.",asthma,Respiratory
"Patient reports sharp chest pain, nausea, regurgitation.1, heartburn, back pain, difficulty in swallowing, regurgitation and sharp abdominal pain. It began this morning.",hiatal hernia,Gastrointestinal
"Complaining of sharp chest pain, difficulty breathing, chest tightness, cough, weakness and leg swelling.",pulmonary embolism,Respiratory
"Since yesterday I've noticed allergic reaction, nasal congestion, facial pain, headache, painful sinuses and cough.",nasal polyp,Respiratory
"I feel unwell, with fever, headache, nausea, rectal bleeding, vomiting, chills, decreased appetite and diarrhea.",noninfectious gastroenteritis,Febrile/Systemic
"I feel unwell, with ear pain, hoarse voice, cough, nasal congestion and difficulty speaking.",laryngitis,Respiratory
"For the past few days I've had retention of urine, blood in urine, frequent urination, back pain, fever, impotence and sharp abdominal pain. It got worse overnight.",prostatitis,Musculoskeletal/Other
"Lately I keep having fatigue, sweating, abnormal breathing sounds and apnea.",obstructive sleep apnea (osa),Respiratory
"I came in because of insomnia, apnea, mouth dryness, abnormal breathing sounds, difficulty breathing and fatigue.",obstructive sleep apnea (osa),Respiratory
"I came in because of regurgitation, sharp chest pain, difficulty in swallowing, dizziness, upper abdominal pain, regurgitation.1, vomiting blood and heartburn. It got worse overnight.",hiatal hernia,Gastrointestinal
"I've been experiencing vomiting, cough, shortness of breath, heartburn, chest tightness and sharp chest pain and I'm worried. It started two days ago.",esophagitis,Gastrointestinal
"I came in because of hesitancy, symptoms of prostate, blood in urine, vomiting, involuntary urination, symptoms of bladder, retention of urine and excessive urination at night. It got worse overnight.",benign prostatic hyperplasia (bph),Musculoskeletal/Other
"I feel unwell, with pain of the anus, rectal bleeding, diarrhea and cramps and spasms.",rectal disorder,Gastrointestinal
"The symptoms are blood in stool, rectal bleeding, diarrhea, vomiting, nausea, vomiting blood, sharp abdominal pain and dizziness. It began this morning.",gastrointestinal hemorrhage,Gastrointestinal
"Lately I keep having lower abdominal pain, upper abdominal pain, sharp abdominal pain, stomach bloating and burning abdominal pain.",appendicitis,Gastrointestinal
"I have sharp abdominal pain, swollen lymph nodes, burning abdominal pain, diarrhea and blood in stool. It started two days ago.",ulcerative colitis,Gastrointestinal
"Lately I keep having headache, sinus congestion, sore throat, congestion in chest, fluid in ear and frontal headache.",chronic sinusitis,Respiratory
"Since yesterday I've noticed cough, decreased appetite, fever, difficulty breathing, wheezing, vomiting and nasal congestion.",acute bronchiolitis,Respiratory
"I've been experiencing weakness, diarrhea, sharp abdominal pain, peripheral edema, heartburn and jaundice and I'm worried. It started two days ago.",liver disease,Gastrointestinal
"Lately I keep having weakness, hurts to breath, back pain, shortness of breath and sharp chest pain.",pleural effusion,Respiratory
"Lately I keep having fever, feeling ill, cough, weakness, decreased appetite and sharp abdominal pain.",sepsis,Febrile/Systemic
"I've been experiencing shortness of breath, chills, chest tightness, wheezing and fever and I'm worried.",acute respiratory distress syndrome (ards),Respiratory
"I've been experiencing arm pain, shortness of breath and irregular heartbeat and I'm worried. It started two days ago.",angina,Musculoskeletal/Other
"For the past few days I've had nasal congestion, shortness of breath, allergic reaction and sharp chest pain.",asthma,Respiratory
"Chief complaint: nasal congestion, shortness of breath and weakness.",pneumonia,Respiratory
"For the past few days I've had nasal congestion, wheezing, cough, chest tightness, difficulty breathing, sharp chest pain, arm weakness and allergic reaction.",asthma,Respiratory
"Since yesterday I've noticed back pain, burning abdominal pain, symptoms of the kidneys, sharp abdominal pain and upper abdominal pain.",cholecystitis,Gastrointestinal
"My main problems are neck pain, difficulty speaking, dizziness, facial pain, sleepiness, vomiting, double vision and headache. It started two days ago.",concussion,Musculoskeletal/Other
"I came in because of diarrhea, lower abdominal pain, sharp abdominal pain, nausea and vomiting. It began this morning.",diverticulitis,Gastrointestinal
"For the past few days I've had unusual color or odor to urine, diarrhea, peripheral edema and jaundice.",liver disease,Gastrointestinal
"Lately I keep having coryza, sharp chest pain, cough, shortness of breath, wheezing, sore throat, coughing up sputum and nasal congestion. It got worse overnight.",chronic obstructive pulmonary disease (copd),Respiratory
"I came in because of burning abdominal pain, vomiting, constipation, changes in stool appearance and retention of urine. It comes and goes.",chronic constipation,Gastrointestinal
"My main problems are sharp abdominal pain, upper abdominal pain, fever, shortness of breath, heartburn and jaundice. This has lasted about a week.",liver disease,Gastrointestinal
"I've been experiencing abnormal breathing sounds, arm swelling, headache, fever and sore throat and I'm worried. It began this morning.",interstitial lung disease,Respiratory
"Since yesterday I've noticed leg pain, arm weakness, shoulder pain, hip pain, paresthesia, low back pain and arm pain.",herniated disk,Gastrointestinal
"The symptoms are fluid in ear, coryza, pulling at ears, diminished hearing, plugged feeling in ear and cough. It began this morning.",otitis media,Musculoskeletal/Other
"Patient reports swollen eye, melena, blood in stool, vomiting blood, sharp abdominal pain and weakness.",gastrointestinal hemorrhage,Gastrointestinal
"For the past few days I've had peripheral edema, blood in stool, sharp abdominal pain, vomiting blood, shortness of breath and abdominal distention. It comes and goes.",cirrhosis,Gastrointestinal
"For the past few days I've had hoarse voice, ringing in ear, fluid in ear, low self-esteem and diminished hearing. It got worse overnight.",conductive hearing loss,Musculoskeletal/Other
"For the past few days I've had sharp abdominal pain, vomiting, cough, fever, shortness of breath and difficulty breathing.",sepsis,Febrile/Systemic
"I've been experiencing redness in ear, throat redness, abnormal breathing sounds, throat feels tight and lump in throat and I'm worried. This has lasted about a week.",tonsillitis,Respiratory
"I feel unwell, with shortness of breath, apnea, cough and feeling ill. It comes and goes.",pulmonary hypertension,Respiratory
"I have decreased appetite, vomiting and weakness.",diabetic ketoacidosis,Musculoskeletal/Other
"I've been experiencing fainting, temper problems, hostile behavior and abusing alcohol and I'm worried. It got worse overnight.",conduct disorder,Musculoskeletal/Other
"For the past few days I've had lower body pain, hip pain, loss of sensation, neck pain, back cramps or spasms, side pain and low back pain.",chronic back pain,Musculoskeletal/Other
"I have stomach bloating, regurgitation.1, side pain, nausea, vomiting, upper abdominal pain, sharp chest pain and back pain. It started two days ago.",cholecystitis,Gastrointestinal
"Lately I keep having arm pain, hand or finger swelling, shoulder pain, foot or toe pain, knee pain, leg pain and ankle pain.",tendinitis,Musculoskeletal/Other
"Lately I keep having lower abdominal pain, pelvic pain, frequent menstruation, sharp abdominal pain and infertility. It got worse overnight.",idiopathic irregular menstrual cycle,Musculoskeletal/Other
"Complaining of apnea, mouth dryness, fatigue, abnormal breathing sounds and abnormal involuntary movements.",obstructive sleep apnea (osa),Respiratory
"For the past few days I've had changes in stool appearance, rectal bleeding, blood in stool, constipation and nausea. It began this morning.",chronic constipation,Gastrointestinal
"The symptoms are dizziness, stiffness all over, focal weakness, weakness, leg stiffness or tightness and abnormal involuntary movements. This has lasted about a week.",parkinson disease,Musculoskeletal/Other
"The symptoms are chills, fever, wheezing and difficulty breathing. This has lasted about a week.",pneumonia,Respiratory
"I came in because of sharp chest pain, wheezing, chills, difficulty breathing, depressive or psychotic symptoms and chest tightness. It began this morning.",acute respiratory distress syndrome (ards),Respiratory
"The symptoms are lower abdominal pain, rectal bleeding, sharp abdominal pain, swollen lymph nodes, burning abdominal pain and diarrhea. It began this morning.",ulcerative colitis,Gastrointestinal
"Since yesterday I've noticed sharp abdominal pain, cough, back pain, difficulty breathing and weakness. It comes and goes.",pleural effusion,Respiratory
"Since yesterday I've noticed weakness, sweating, depressive or psychotic symptoms and dizziness.",hypoglycemia,Musculoskeletal/Other
"I came in because of paresthesia, leg pain, arm pain, shoulder pain, neck pain, hip pain, loss of sensation and leg weakness. It began this morning.",herniated disk,Gastrointestinal
"I feel unwell, with symptoms of the scrotum and testes, sharp abdominal pain, groin pain and groin mass.",inguinal hernia,Gastrointestinal
"Chief complaint: sharp chest pain, chills, fever, wheezing and depressive or psychotic symptoms. It comes and goes.",acute respiratory distress syndrome (ards),Respiratory
"Since yesterday I've noticed hemoptysis, burning abdominal pain, sharp chest pain, abusing alcohol and upper abdominal pain. It began this morning.",acute pancreatitis,Gastrointestinal
"Patient reports shortness of breath, weight gain, difficulty breathing, sweating and difficulty in swallowing.",obstructive sleep apnea (osa),Respiratory
"Chief complaint: vomiting, diarrhea, lower body pain, nausea, burning abdominal pain, upper abdominal pain, back pain and abusing alcohol. It began this morning.",acute pancreatitis,Gastrointestinal
"I have neck pain, fever, vomiting and ache all over. It comes and goes.",meningitis,Febrile/Systemic
"I've been experiencing skin rash, skin growth, too little hair, acne or pimples and itching of skin and I'm worried. It started two days ago.",alopecia,Dermatological
"I feel unwell, with wheezing, sore throat, difficulty breathing, fever, cough, chills and weakness. It got worse overnight.",pneumonia,Respiratory
"My main problems are dizziness, lower abdominal pain, sharp abdominal pain, pain of the anus and burning abdominal pain. It got worse overnight.",ileus,Gastrointestinal
"My main problems are vomiting, chills, sore throat and coryza.",pneumonia,Respiratory
Patient reports throat feels tight and foot or toe swelling. This has lasted about a week.,intestinal cancer,Gastrointestinal
"I've been experiencing cough, painful sinuses and facial pain and I'm worried. It began this morning.",acute sinusitis,Respiratory
"I've been experiencing fever, cough, coughing up sputum, shortness of breath, wheezing, nasal congestion and sore throat and I'm worried.",acute bronchitis,Respiratory
"My main problems are groin pain, ache all over, lower abdominal pain, swelling of scrotum, pain in testicles, groin mass, sharp abdominal pain and swollen abdomen. This has lasted about a week.",inguinal hernia,Gastrointestinal
"I came in because of facial pain, headache, sinus congestion, fever and ear pain.",chronic sinusitis,Respiratory
"For the past few days I've had shortness of breath, weakness, suprapubic pain, sharp abdominal pain, cough, difficulty breathing and vomiting. It began this morning.",sepsis,Febrile/Systemic
"I feel unwell, with chills, sore throat and fever.",pneumonia,Respiratory
"For the past few days I've had sharp abdominal pain, nausea, vomiting blood, vomiting, sharp chest pain and changes in stool appearance. It got worse overnight.",gastroduodenal ulcer,Gastrointestinal
"Since yesterday I've noticed cough, fever, facial pain, ear pain and sore throat. It began this morning.",acute sinusitis,Respiratory
"The symptoms are mass or swelling around the anus, heartburn, constipation, changes in stool appearance, itching of the anus, lower body pain, rectal bleeding and sharp abdominal pain. It began this morning.",hemorrhoids,Gastrointestinal
"I've been experiencing tongue lesions, sore throat, cough, gum pain, facial pain, fever and mouth pain and I'm worried. It began this morning.",oral mucosal lesion,Musculoskeletal/Other
"My main problems are hoarse voice, nausea, sharp abdominal pain, difficulty in swallowing and cough. It got worse overnight.",gastroesophageal reflux disease (gerd),Gastrointestinal
"Lately I keep having sharp chest pain, fatigue, cough, difficulty breathing and feeling ill.",pulmonary hypertension,Respiratory
"For the past few days I've had difficulty in swallowing, abnormal breathing sounds, sweating, fatigue, weight gain and shortness of breath. This has lasted about a week.",obstructive sleep apnea (osa),Respiratory
"I have feeling ill, cough, chills and vomiting.",sepsis,Febrile/Systemic
"Patient reports irritable infant, coryza, hurts to breath, shortness of breath, decreased appetite, nasal congestion, pulling at ears and difficulty breathing. It got worse overnight.",acute bronchiolitis,Respiratory
"I've been experiencing burning abdominal pain, lower abdominal pain, sharp abdominal pain, constipation and nausea and I'm worried. This has lasted about a week.",ileus,Gastrointestinal
"Lately I keep having side pain, heartburn, shortness of breath, sharp abdominal pain, diarrhea and nausea. It comes and goes.",liver disease,Gastrointestinal
"I came in because of foreign body sensation in eye, mass on eyelid, spots or clouds in vision and symptoms of eye.",chronic glaucoma,Musculoskeletal/Other
"Complaining of sharp chest pain, pulling at ears, nasal congestion, fever, cough, hoarse voice, wheezing and shortness of breath.",croup,Respiratory
"The symptoms are vomiting, stomach bloating, diarrhea, side pain and upper abdominal pain.",appendicitis,Gastrointestinal
"Chief complaint: frontal headache, cough and hoarse voice. It began this morning.",nasal polyp,Respiratory
"My main problems are coryza, cough, chest tightness, wheezing, nasal congestion, shortness of breath and congestion in chest.",chronic obstructive pulmonary disease (copd),Respiratory
"I came in because of side pain, leg pain, cough and sweating. It comes and goes.",pulmonary embolism,Respiratory
"Lately I keep having constipation, burning abdominal pain, nausea, sharp abdominal pain and blood in stool. This has lasted about a week.",ischemia of the bowel,Gastrointestinal
"I've been experiencing heartburn, blood in stool, vomiting and nausea and I'm worried.",diverticulosis,Gastrointestinal
"I feel unwell, with frontal headache, fever, facial pain, ear pain and nasal congestion. It began this morning.",acute sinusitis,Respiratory
"Patient reports nasal congestion, difficulty breathing, coughing up sputum, allergic reaction, wheezing and cough. This has lasted about a week.",asthma,Respiratory
"My main problems are weakness, difficulty breathing, leg pain, cough, leg swelling, chest tightness and sweating.",pulmonary embolism,Respiratory
"Complaining of frontal headache, cough, fever and nasal congestion.",acute sinusitis,Respiratory
"I feel unwell, with irregular heartbeat, sharp chest pain, shortness of breath, sweating and hot flashes.",angina,Musculoskeletal/Other
"I came in because of low back pain, shoulder pain, arm pain, leg pain, arm weakness, hip pain and leg weakness. It comes and goes.",herniated disk,Gastrointestinal
Lately I keep having abusing alcohol and hostile behavior.,drug abuse (methamphetamine),Musculoskeletal/Other
"Patient reports shortness of breath, cough, coryza, wheezing, weakness, fever and vomiting. It began this morning.",pneumonia,Respiratory
"I have upper abdominal pain, shortness of breath, chest tightness, difficulty in swallowing and nausea. It comes and goes.",esophagitis,Gastrointestinal
"Complaining of arm swelling, jaundice, diarrhea and ache all over. It comes and goes.",pancreatic cancer,Gastrointestinal
"Lately I keep having rectal bleeding, cramps and spasms, blood in stool, itching of the anus, diarrhea, heartburn, burning abdominal pain and pain of the anus.",rectal disorder,Gastrointestinal
"Since yesterday I've noticed sore throat, coryza, facial pain, nasal congestion, painful sinuses, fever, sinus congestion and ear pain. This has lasted about a week.",acute sinusitis,Respiratory
"Chief complaint: flatulence, sharp abdominal pain, upper abdominal pain, insomnia, lower abdominal pain and burning abdominal pain. It got worse overnight.",irritable bowel syndrome,Gastrointestinal
"The symptoms are pelvic pain, pain or soreness of breast, vaginal itching, heartburn and absence of menstruation. It comes and goes.",idiopathic absence of menstruation,Musculoskeletal/Other
"My main problems are vomiting, fever, suprapubic pain, retention of urine, painful urination, frequent urination, nausea and blood in urine. It got worse overnight.",urinary tract infection,Musculoskeletal/Other
"Since yesterday I've noticed lymphedema, paresthesia, leg pain, foot or toe pain and skin lesion. This has lasted about a week.",diabetic peripheral neuropathy,Musculoskeletal/Other
"I have sharp chest pain, shortness of breath, nasal congestion and dizziness. This has lasted about a week.",pulmonary eosinophilia,Respiratory
"I have burning abdominal pain, diarrhea, regurgitation, rectal bleeding and regurgitation.1.",crohn disease,Gastrointestinal
"Complaining of arm weakness, paresthesia, leg pain, back pain, hip pain and shoulder pain. It started two days ago.",herniated disk,Gastrointestinal
"My main problems are skin growth, skin lesion, skin irritation, itchy scalp, pelvic pain, acne or pimples, skin dryness, peeling, scaliness, or roughness and abnormal appearing skin. This has lasted about a week.",fungal infection of the hair,Dermatological
"Since yesterday I've noticed lower body pain, vomiting, diarrhea, nausea, side pain and sharp abdominal pain. It started two days ago.",acute pancreatitis,Gastrointestinal
"I feel unwell, with fatigue, hip pain, depressive or psychotic symptoms, headache, fever, symptoms of the face and abnormal appearing skin. It started two days ago.",lyme disease,Febrile/Systemic
"I've been experiencing side pain, regurgitation.1, sharp chest pain, upper abdominal pain, symptoms of the kidneys and back pain and I'm worried. It comes and goes.",cholecystitis,Gastrointestinal
"For the past few days I've had ache all over, leg pain, vomiting, low back pain, knee pain and burning abdominal pain. This has lasted about a week.",sickle cell crisis,Musculoskeletal/Other
"For the past few days I've had decreased appetite, difficulty in swallowing, nasal congestion, fever, chills, ache all over, vomiting and skin rash.",strep throat,Musculoskeletal/Other
"Chief complaint: hand or finger stiffness or tightness, bones are painful and back pain. It started two days ago.",fracture of the vertebra,Musculoskeletal/Other
"Patient reports weakness, decreased appetite, fluid retention and vomiting. This has lasted about a week.",diabetic ketoacidosis,Musculoskeletal/Other
"I came in because of fever, nasal congestion, shoulder stiffness or tightness, feeling ill, skin rash, cough, swollen lymph nodes and headache. It started two days ago.",mononucleosis,Febrile/Systemic
"Complaining of allergic reaction, painful sinuses, difficulty breathing and headache.",deviated nasal septum,Respiratory
"Since yesterday I've noticed apnea, sharp chest pain, palpitations, hemoptysis and feeling ill. It comes and goes.",pulmonary hypertension,Respiratory
"Lately I keep having foreign body sensation in eye, abnormal movement of eyelid, symptoms of eye and eye redness. It began this morning.",dry eye of unknown cause,Musculoskeletal/Other
"I've been experiencing back pain, leg weakness, leg pain, loss of sensation and arm pain and I'm worried.",herniated disk,Gastrointestinal
"For the past few days I've had painful urination, sharp abdominal pain and vaginal discharge. It got worse overnight.",cervicitis,Musculoskeletal/Other
"Lately I keep having constipation, diarrhea and cramps and spasms. It comes and goes.",rectal disorder,Gastrointestinal
"Patient reports weakness, sweating, leg swelling, sharp chest pain and hemoptysis.",pulmonary embolism,Respiratory
"My main problems are shortness of breath, coryza and allergic reaction.",asthma,Respiratory
"Patient reports hip pain, leg pain, hand or finger swelling and wrist pain.",tendinitis,Musculoskeletal/Other
"Chief complaint: toothache, fever, mouth pain, mouth ulcer, cough and headache. It got worse overnight.",aphthous ulcer,Gastrointestinal
"I have diminished vision, pain in eye, itchiness of eye and eyelid swelling.",corneal abrasion,Musculoskeletal/Other
"I've been experiencing vomiting blood, burning abdominal pain, changes in stool appearance, sharp abdominal pain and upper abdominal pain and I'm worried.",gastroduodenal ulcer,Gastrointestinal
"Complaining of ache all over, upper abdominal pain, symptoms of the scrotum and testes, groin mass, itchy eyelid and swollen abdomen. It got worse overnight.",abdominal hernia,Gastrointestinal
I have cramps and spasms and intermenstrual bleeding.,induced abortion,Musculoskeletal/Other
"Lately I keep having difficulty in swallowing, back pain, abnormal involuntary movements, shortness of breath, fatigue and difficulty breathing. It started two days ago.",obstructive sleep apnea (osa),Respiratory
"I've been experiencing cough, fever, nasal congestion, coryza, facial pain, nosebleed and difficulty breathing and I'm worried. It started two days ago.",nose disorder,Musculoskeletal/Other
