text,label,syndrome_category
"Lately I keep having low self-esteem, delusions or hallucinations, fears and phobias, excessive anger, hostile behavior and abusing alcohol.",marijuana abuse,Musculoskeletal/Other
"I have sinus congestion, coryza, irritable infant and fever.",abscess of nose,Dermatological
"Complaining of sharp chest pain, difficulty breathing, wheezing, nasal congestion, fever, coryza, chest tightness and sore throat. It got worse overnight.",acute bronchospasm,Respiratory
"I came in because of knee lump or mass, knee pain, hand or finger pain and wrist swelling.",ganglion cyst,Musculoskeletal/Other
"The symptoms are skin lesion, cough and facial pain. This has lasted about a week.",impetigo,Dermatological
"I have sore throat, skin rash, feeling ill, headache, swollen lymph nodes and fever.",mononucleosis,Febrile/Systemic
"The symptoms are vomiting, wheezing and difficulty breathing.",acute bronchospasm,Respiratory
"Since yesterday I've noticed delusions or hallucinations, depressive or psychotic symptoms, smoking problems, hostile behavior, anxiety and nervousness, drug abuse and insomnia. It got worse overnight.",neurosis,Musculoskeletal/Other
"For the past few days I've had headache, allergic reaction, cough, itchiness of eye, frontal headache, nasal congestion, sneezing and coryza. This has lasted about a week.",seasonal allergies (hay fever),Febrile/Systemic
"I came in because of lower body pain, hip pain, leg cramps or spasms, leg pain and back cramps or spasms. This has lasted about a week.",sciatica,Musculoskeletal/Other
"I've been experiencing peripheral edema, weakness, unusual color or odor to urine, heartburn, jaundice and upper abdominal pain and I'm worried.",liver disease,Gastrointestinal
"I came in because of side pain, fever, painful urination, back pain, suprapubic pain, retention of urine and frequent urination.",urinary tract infection,Musculoskeletal/Other
"I have skin rash, skin growth, itching of skin, skin dryness, peeling, scaliness, or roughness, abnormal appearing skin and symptoms of the face.",actinic keratosis,Dermatological
"I've been experiencing fever, skin rash, abnormal appearing skin, cough and skin swelling and I'm worried.",viral exanthem,Musculoskeletal/Other
"Since yesterday I've noticed painful urination, dizziness and low back pain. It started two days ago.",headache after lumbar puncture,Musculoskeletal/Other
"I feel unwell, with swollen lymph nodes, sharp abdominal pain, blood in stool, skin rash, lower abdominal pain and nausea. It began this morning.",ulcerative colitis,Gastrointestinal
"The symptoms are skin lesion, neck mass, skin growth, arm lump or mass and shoulder lump or mass. It comes and goes.",lipoma,Musculoskeletal/Other
"I feel unwell, with depression and sharp abdominal pain.",hepatitis due to a toxin,Gastrointestinal
"I have chest tightness, nasal congestion, sharp chest pain, cough and coryza. It comes and goes.",acute bronchospasm,Respiratory
"For the past few days I've had involuntary urination, symptoms of bladder, suprapubic pain, symptoms of prostate and painful urination.",urethral stricture,Musculoskeletal/Other
"For the past few days I've had cough, wheezing, sore throat, coryza, flu-like syndrome, fever and difficulty in swallowing. It started two days ago.",common cold,Respiratory
"I came in because of problems during pregnancy, paresthesia, headache, focal weakness, disturbance of memory, dizziness and leg weakness.",multiple sclerosis,Musculoskeletal/Other
"For the past few days I've had shortness of breath, hemoptysis, weakness and leg pain. It started two days ago.",pulmonary embolism,Respiratory
"I have abnormal appearing skin, skin dryness, peeling, scaliness, or roughness, skin swelling, skin moles and acne or pimples.",dermatitis due to sun exposure,Dermatological
"Patient reports slurring words, weakness, abnormal involuntary movements, headache and problems with movement.",hemiplegia,Musculoskeletal/Other
"I feel unwell, with sore throat, cough, abnormal breathing sounds, fever and vomiting.",croup,Respiratory
"I feel unwell, with nausea, eyelid swelling, fever, sore throat, cough and ache all over.",flu,Respiratory
Chief complaint: mouth pain and gum pain. It began this morning.,oral mucosal lesion,Musculoskeletal/Other
"I've been experiencing itching of skin, skin dryness, peeling, scaliness, or roughness, skin moles, abnormal appearing skin, skin irritation, skin rash and skin growth and I'm worried.",actinic keratosis,Dermatological
"Complaining of frontal headache, headache, lacrimation and ear pain.",seasonal allergies (hay fever),Febrile/Systemic
"I've been experiencing sore throat, cough, congestion in chest, fever, sharp chest pain, nasal congestion, coryza and difficulty breathing and I'm worried.",acute bronchitis,Respiratory
"My main problems are tongue lesions, mouth ulcer, toothache, cough, sore throat and mouth pain.",aphthous ulcer,Gastrointestinal
"Patient reports throat swelling, headache, fever and sharp chest pain. This has lasted about a week.",abscess of the pharynx,Dermatological
"My main problems are weakness, vomiting blood, blood in stool, fainting, vomiting, diarrhea and dizziness. It began this morning.",gastrointestinal hemorrhage,Gastrointestinal
"I feel unwell, with symptoms of the face, skin irritation, irregular appearing scalp, skin moles and skin dryness, peeling, scaliness, or roughness. It began this morning.",actinic keratosis,Dermatological
"For the past few days I've had weakness, difficulty breathing, sharp chest pain, vomiting and coryza. It started two days ago.",pneumonia,Respiratory
"Chief complaint: sharp abdominal pain, dizziness, difficulty in swallowing, vomiting blood, heartburn, burning abdominal pain and sharp chest pain.",hiatal hernia,Gastrointestinal
"The symptoms are sharp abdominal pain, chills, fever, headache and nausea. It began this morning.",infectious gastroenteritis,Febrile/Systemic
"I've been experiencing itchy scalp, itching of skin and skin swelling and I'm worried.",psoriasis,Dermatological
"I have sore in nose, skin lesion and skin swelling. It comes and goes.",impetigo,Dermatological
"Since yesterday I've noticed itching of skin, skin moles, acne or pimples, skin irritation, skin rash and abnormal appearing skin. It comes and goes.",seborrheic keratosis,Dermatological
"Patient reports leg pain, neck pain, shoulder pain, low back pain, arm pain, ankle pain and knee pain. It got worse overnight.",sprain or strain,Musculoskeletal/Other
Chief complaint: chest tightness and palpitations.,chronic rheumatic fever,Febrile/Systemic
"I've been experiencing fluid retention, sharp abdominal pain, chills, headache, blood in stool, burning abdominal pain and rectal bleeding and I'm worried. It got worse overnight.",noninfectious gastroenteritis,Febrile/Systemic
"I have diminished vision, symptoms of eye, facial pain and pain in eye. It got worse overnight.",subconjunctival hemorrhage,Musculoskeletal/Other
"I came in because of foot or toe swelling, foot or toe pain, skin rash and acne or pimples. It started two days ago.",callus,Dermatological
"Since yesterday I've noticed sore throat, cough, coryza, chest tightness, shortness of breath and vomiting.",acute bronchospasm,Respiratory
"Complaining of throat feels tight, sharp chest pain, dizziness, chest tightness and increased heart rate. It comes and goes.",chronic rheumatic fever,Febrile/Systemic
"Complaining of low self-esteem, flu-like syndrome, sharp abdominal pain, vomiting, fever and decreased appetite. This has lasted about a week.",infectious gastroenteritis,Febrile/Systemic
"I feel unwell, with abnormal appearing skin, itching of skin, skin lesion, skin irritation, skin rash, skin moles and warts. It began this morning.",seborrheic keratosis,Dermatological
"My main problems are fever, knee swelling and hip pain.",septic arthritis,Febrile/Systemic
"Complaining of skin moles, itching of skin, skin swelling and skin irritation. It got worse overnight.",seborrheic keratosis,Dermatological
"The symptoms are sharp abdominal pain, constipation, burning abdominal pain, nausea, chills, fever, lower abdominal pain and diarrhea.",diverticulitis,Gastrointestinal
"Lately I keep having palpitations, difficulty breathing and feeling ill. It began this morning.",pulmonary hypertension,Respiratory
"Chief complaint: retention of urine, stomach bloating, burning abdominal pain, nausea and constipation. This has lasted about a week.",intestinal obstruction,Gastrointestinal
"The symptoms are fever, headache, chills, nausea and decreased appetite. It got worse overnight.",noninfectious gastroenteritis,Febrile/Systemic
"The symptoms are decreased appetite, chills, fluid retention, burning abdominal pain, diarrhea and fever. It began this morning.",infectious gastroenteritis,Febrile/Systemic
"I've been experiencing painful sinuses, sore throat, difficulty breathing, facial pain and allergic reaction and I'm worried. It comes and goes.",deviated nasal septum,Respiratory
"I feel unwell, with skin dryness, peeling, scaliness, or roughness, allergic reaction, skin irritation, acne or pimples, skin swelling and swollen eye. It comes and goes.",contact dermatitis,Dermatological
"The symptoms are blood in stool, rectal bleeding, diarrhea, vomiting, nausea, vomiting blood, sharp abdominal pain and dizziness. It began this morning.",gastrointestinal hemorrhage,Gastrointestinal
"Since yesterday I've noticed skin rash, swollen lymph nodes, headache, fever and feeling ill.",mononucleosis,Febrile/Systemic
"For the past few days I've had sharp chest pain, vomiting, coryza and fever. It started two days ago.",acute bronchospasm,Respiratory
"I feel unwell, with skin rash, cough, diarrhea, fever and temper problems. It started two days ago.",diaper rash,Dermatological
"I've been experiencing burning abdominal pain, diarrhea, rectal bleeding, sharp abdominal pain, cramps and spasms, constipation, low back pain and itching of the anus and I'm worried.",rectal disorder,Gastrointestinal
"Since yesterday I've noticed redness in ear, drug abuse, difficulty speaking, ear pain, dizziness, fluid in ear, hoarse voice, diminished hearing and low self-esteem.",conductive hearing loss,Musculoskeletal/Other
"Chief complaint: regurgitation.1, upper abdominal pain, stomach bloating, nausea and lower body pain. It comes and goes.",cholecystitis,Gastrointestinal
"The symptoms are cough, flu-like syndrome, headache, wheezing, fever, ear pain, chills and nasal congestion. It started two days ago.",common cold,Respiratory
"Lately I keep having vomiting, back pain, regurgitation.1, nausea and lower body pain. It got worse overnight.",gallstone,Gastrointestinal
"Patient reports headache, lacrimation, ear pain, pain in eye, sneezing, sore throat, nasal congestion and frontal headache. It got worse overnight.",seasonal allergies (hay fever),Febrile/Systemic
"Patient reports burning abdominal pain, headache, pain of the anus, vomiting and diarrhea. It got worse overnight.",ileus,Gastrointestinal
"Lately I keep having cramps and spasms, rectal bleeding, diarrhea, sharp abdominal pain, blood in stool and constipation.",rectal disorder,Gastrointestinal
"I have cough, difficulty in swallowing, sharp abdominal pain, sharp chest pain and frequent urination. It started two days ago.",gastroesophageal reflux disease (gerd),Gastrointestinal
"Lately I keep having diarrhea, blood in stool, fever, fluid retention and chills. It began this morning.",infectious gastroenteritis,Febrile/Systemic
"My main problems are swollen eye, abnormal appearing skin, skin rash, allergic reaction, itching of skin, skin dryness, peeling, scaliness, or roughness and skin lesion.",contact dermatitis,Dermatological
"I came in because of fever, hoarse voice, shortness of breath and abnormal breathing sounds. It comes and goes.",croup,Respiratory
"The symptoms are itching of skin, abnormal appearing skin, skin swelling and symptoms of eye.",rosacea,Dermatological
"Lately I keep having fever, coryza, sharp chest pain, coughing up sputum and cough. It began this morning.",asthma,Respiratory
"I have ache all over, back pain, sharp abdominal pain, diarrhea and skin growth.",chronic pancreatitis,Gastrointestinal
"The symptoms are nasal congestion, wheezing, chills, difficulty breathing and weakness. It got worse overnight.",pneumonia,Respiratory
"I've been experiencing sharp abdominal pain, headache, diarrhea, vomiting, fever and decreased appetite and I'm worried. It comes and goes.",infectious gastroenteritis,Febrile/Systemic
"For the past few days I've had coryza, wheezing, chills and flu-like syndrome. It comes and goes.",common cold,Respiratory
"The symptoms are skin swelling, fever, sore in nose, cough and mouth ulcer.",impetigo,Dermatological
"Chief complaint: lacrimation, sneezing, ear pain, nasal congestion and itchiness of eye.",seasonal allergies (hay fever),Febrile/Systemic
"My main problems are allergic reaction, infertility, long menstrual periods, painful menstruation, frequent menstruation, lower abdominal pain, unpredictable menstruation, intermenstrual bleeding and sharp abdominal pain. It started two days ago.",idiopathic irregular menstrual cycle,Musculoskeletal/Other
"I came in because of cough, palpitations, chest tightness, fluid retention, weakness, difficulty breathing and hurts to breath.",heart failure,Musculoskeletal/Other
Lately I keep having sharp chest pain and fainting.,intestinal disease,Gastrointestinal
"The symptoms are skin irritation, skin moles, irregular appearing scalp, skin swelling, skin growth, abnormal appearing skin and acne or pimples.",skin disorder,Dermatological
"The symptoms are itching of skin, allergic reaction, abnormal appearing skin, skin rash, vomiting and hand or finger swelling. It began this morning.",food allergy,Musculoskeletal/Other
"Patient reports anxiety and nervousness, drug abuse, temper problems, insomnia and depressive or psychotic symptoms. It started two days ago.",drug abuse (opioids),Musculoskeletal/Other
"I feel unwell, with itching of the anus, rectal bleeding, sharp abdominal pain, blood in stool and changes in stool appearance. It got worse overnight.",hemorrhoids,Gastrointestinal
"Complaining of neck swelling, sharp abdominal pain, fever, rectal bleeding, burning abdominal pain, headache and blood in stool. This has lasted about a week.",noninfectious gastroenteritis,Febrile/Systemic
"I have weakness, cough, vomiting and fever.",sepsis,Febrile/Systemic
"Complaining of sharp chest pain, difficulty breathing, weakness, decreased heart rate, shortness of breath and arm swelling. It started two days ago.",cardiac arrest,Musculoskeletal/Other
"The symptoms are jaundice, unusual color or odor to urine, nausea, weakness, heartburn, diarrhea and sharp abdominal pain. It got worse overnight.",liver disease,Gastrointestinal
"My main problems are side pain, difficulty breathing, shortness of breath, rib pain, weakness, sharp abdominal pain and hurts to breath. It comes and goes.",pleural effusion,Respiratory
"I came in because of sharp abdominal pain, side pain, blood in stool, vomiting, chills, diarrhea, fever and nausea. It started two days ago.",diverticulitis,Gastrointestinal
"Lately I keep having fluid retention, decreased appetite, sharp abdominal pain, fever and flu-like syndrome. It comes and goes.",infectious gastroenteritis,Febrile/Systemic
"Lately I keep having eye redness, diminished vision, itchiness of eye, foreign body sensation in eye and lacrimation.",glaucoma,Musculoskeletal/Other
"I have sore throat, vomiting, cough, coryza, weakness, sharp chest pain and nasal congestion.",pneumonia,Respiratory
"I've been experiencing melena, heartburn, pain of the anus and lower body pain and I'm worried. It comes and goes.",hemorrhoids,Gastrointestinal
"The symptoms are blood in stool, upper abdominal pain, regurgitation.1, regurgitation and shortness of breath. It got worse overnight.",cirrhosis,Gastrointestinal
"Patient reports headache, abnormal breathing sounds, facial pain and allergic reaction.",deviated nasal septum,Respiratory
"I came in because of skin swelling, skin lesion, itching of skin, abnormal appearing skin, skin rash, skin dryness, peeling, scaliness, or roughness, joint pain and itchy scalp.",psoriasis,Dermatological
"I have skin moles, skin growth, skin dryness, peeling, scaliness, or roughness, skin rash and abnormal appearing skin.",psoriasis,Dermatological
"Patient reports sweating, abnormal involuntary movements, apnea, difficulty in swallowing and abnormal breathing sounds. It started two days ago.",obstructive sleep apnea (osa),Respiratory
"I came in because of painful urination, vaginal itching, pelvic pain and pain during pregnancy. It started two days ago.",vaginitis,Musculoskeletal/Other
"The symptoms are sharp abdominal pain, stomach bloating, vaginal itching, constipation and vomiting. This has lasted about a week.",intestinal obstruction,Gastrointestinal
"For the past few days I've had sharp abdominal pain, headache, burning abdominal pain, decreased appetite, fever and fluid retention.",infectious gastroenteritis,Febrile/Systemic
"Since yesterday I've noticed side pain, weakness, hemoptysis, sharp chest pain, sweating, chest tightness and leg pain. This has lasted about a week.",pulmonary embolism,Respiratory
"For the past few days I've had hurts to breath, shortness of breath, pulling at ears, difficulty breathing and wheezing. This has lasted about a week.",acute bronchiolitis,Respiratory
"I feel unwell, with skin irritation, lip swelling, wrinkles on skin and acne or pimples. It started two days ago.",atrophic skin condition,Dermatological
"I feel unwell, with constipation, heartburn, cramps and spasms, burning abdominal pain, pain of the anus and cough. It got worse overnight.",rectal disorder,Gastrointestinal
"I came in because of vomiting, back pain, low back pain, side pain and painful urination. It started two days ago.",kidney stone,Musculoskeletal/Other
"Lately I keep having skin growth, skin lesion, foot or toe pain, skin rash, abnormal appearing skin, irregular appearing nails, vomiting and foot or toe swelling.",callus,Dermatological
"I've been experiencing hoarse voice, sore throat, difficulty speaking, difficulty in swallowing, cough, throat feels tight and nasal congestion and I'm worried. It comes and goes.",laryngitis,Respiratory
"For the past few days I've had sharp abdominal pain, flu-like syndrome, fever, fluid retention and vomiting.",infectious gastroenteritis,Febrile/Systemic
"My main problems are nausea, fever and vomiting. This has lasted about a week.",infectious gastroenteritis,Febrile/Systemic
"Since yesterday I've noticed sharp abdominal pain, rectal bleeding, itching of the anus, melena and constipation. It started two days ago.",rectal disorder,Gastrointestinal
"I feel unwell, with suprapubic pain, symptoms of bladder, involuntary urination, delusions or hallucinations, blood in urine, vaginal pain and vaginal discharge. It began this morning.",pelvic organ prolapse,Musculoskeletal/Other
"For the past few days I've had vomiting, nausea, rectal bleeding, retention of urine, changes in stool appearance, lower abdominal pain and burning abdominal pain. It got worse overnight.",chronic constipation,Gastrointestinal
"The symptoms are redness in ear, ringing in ear, low self-esteem, ear pain, plugged feeling in ear, hoarse voice, dizziness and difficulty speaking.",conductive hearing loss,Musculoskeletal/Other
"My main problems are ache all over, groin mass, sharp abdominal pain, symptoms of the scrotum and testes, swelling of scrotum, swollen abdomen and lower abdominal pain. It began this morning.",inguinal hernia,Gastrointestinal
"I have nausea, ache all over, sore throat, coryza, headache, diarrhea and fever.",flu,Respiratory
"Complaining of flu-like syndrome, headache, nausea, decreased appetite, chills and fluid retention.",infectious gastroenteritis,Febrile/Systemic
"My main problems are fainting, nausea, changes in stool appearance, melena, back pain and vomiting blood. It started two days ago.",gastrointestinal hemorrhage,Gastrointestinal
"I came in because of itching of skin, skin lesion, abnormal appearing skin, facial pain, pain in eye, skin rash and sharp chest pain. It got worse overnight.",shingles (herpes zoster),Dermatological
"Lately I keep having sharp abdominal pain, lower abdominal pain, side pain, chills, upper abdominal pain and diarrhea.",diverticulitis,Gastrointestinal
"The symptoms are cough, itchiness of eye, lacrimation, headache, nasal congestion, allergic reaction, coryza and frontal headache. It got worse overnight.",seasonal allergies (hay fever),Febrile/Systemic
"My main problems are weakness, sharp abdominal pain, suprapubic pain, shortness of breath, chills, decreased appetite and feeling ill. It started two days ago.",sepsis,Febrile/Systemic
"Since yesterday I've noticed retention of urine, symptoms of prostate, pain in testicles, excessive urination at night, involuntary urination, blood in urine and symptoms of bladder.",benign prostatic hyperplasia (bph),Musculoskeletal/Other
"I came in because of headache, sinus congestion, painful sinuses and sore throat. This has lasted about a week.",chronic sinusitis,Respiratory
"Complaining of ear pain, flu-like syndrome, coryza, chills, headache, vomiting and wheezing. It began this morning.",common cold,Respiratory
"Lately I keep having vomiting, upper abdominal pain, heartburn, sharp chest pain, lower body pain, headache and regurgitation.1. It got worse overnight.",gallstone,Gastrointestinal
"Complaining of weakness, nasal congestion, cough, chest tightness, chills and vomiting. It started two days ago.",pneumonia,Respiratory
"I have nausea, cough, diarrhea, headache, fever and coryza.",flu,Respiratory
"Patient reports back pain, joint pain, problems with movement, hip pain, leg pain, ache all over, hip stiffness or tightness and low back pain.",arthritis of the hip,Musculoskeletal/Other
"Chief complaint: headache, cough, nasal congestion, ear pain, flu-like syndrome and fever. This has lasted about a week.",common cold,Respiratory
"Since yesterday I've noticed rectal bleeding, swollen lymph nodes, diarrhea and vomiting.",ulcerative colitis,Gastrointestinal
"My main problems are arm swelling, shoulder pain, elbow pain, elbow swelling and knee pain. It started two days ago.",bursitis,Musculoskeletal/Other
"Since yesterday I've noticed heartburn, pain of the anus, melena, changes in stool appearance, rectal bleeding and itching of the anus. It began this morning.",hemorrhoids,Gastrointestinal
"Since yesterday I've noticed side pain, weakness, upper abdominal pain, unusual color or odor to urine, peripheral edema and diarrhea. It comes and goes.",liver disease,Gastrointestinal
"I have back cramps or spasms, dizziness, nausea, neck pain and headache. It began this morning.",tension headache,Musculoskeletal/Other
"Lately I keep having mouth pain, jaw swelling, skin swelling and facial pain.",tooth abscess,Dermatological
"For the past few days I've had weakness, vomiting, suprapubic pain, sharp abdominal pain, shortness of breath and chills. It comes and goes.",sepsis,Febrile/Systemic
"I have skin dryness, peeling, scaliness, or roughness, skin swelling, swollen eye, skin lesion, skin irritation, acne or pimples and skin moles. It comes and goes.",contact dermatitis,Dermatological
"I've been experiencing hoarse voice, vomiting, coryza, abnormal breathing sounds, cough and sore throat and I'm worried. It started two days ago.",croup,Respiratory
"Since yesterday I've noticed neck pain, sore throat, nasal congestion, headache and shortness of breath. It started two days ago.",temporomandibular joint disorder,Musculoskeletal/Other
"Complaining of nasal congestion, difficulty breathing, sharp chest pain, chest tightness, coryza, fever and allergic reaction. It began this morning.",asthma,Respiratory
"I've been experiencing nausea, vomiting, upper abdominal pain, sharp abdominal pain and burning abdominal pain and I'm worried. It got worse overnight.",gastroparesis,Gastrointestinal
"Patient reports cough, acne or pimples, irregular appearing scalp, itching of skin, skin dryness, peeling, scaliness, or roughness and skin irritation. It began this morning.",eczema,Dermatological
"My main problems are skin swelling, neck swelling, peripheral edema, lip swelling, mouth pain, gum pain, pain in gums and sharp chest pain.",tooth abscess,Dermatological
"My main problems are abnormal involuntary movements, weakness, diminished vision, symptoms of eye, symptoms of the face, facial pain and loss of sensation.",bell palsy,Musculoskeletal/Other
"I came in because of irregular appearing scalp, skin swelling, fever, joint pain, skin lesion and itching of skin.",psoriasis,Dermatological
"For the past few days I've had skin lesion, irregular appearing scalp, itching of skin, skin moles, warts and skin swelling. This has lasted about a week.",skin polyp,Dermatological
"For the past few days I've had insomnia, mouth dryness, shortness of breath, sleepiness, difficulty in swallowing and abnormal involuntary movements.",obstructive sleep apnea (osa),Respiratory
"I have fluid retention, nausea, sharp abdominal pain, burning abdominal pain and fever. This has lasted about a week.",noninfectious gastroenteritis,Febrile/Systemic
"Lately I keep having melena, heartburn, rectal bleeding, blood in stool, diarrhea and vomiting.",diverticulosis,Gastrointestinal
"I have fainting, headache and knee lump or mass.",malaria,Febrile/Systemic
"For the past few days I've had cough, headache and ear pain. It started two days ago.",seasonal allergies (hay fever),Febrile/Systemic
"My main problems are depression, insomnia, drug abuse, restlessness, anxiety and nervousness and delusions or hallucinations. It got worse overnight.",drug abuse (opioids),Musculoskeletal/Other
"Since yesterday I've noticed skin growth, irregular appearing scalp, itchy scalp, skin rash, joint pain and skin moles. It comes and goes.",psoriasis,Dermatological
"For the past few days I've had sore throat, cough, feeling ill, swollen lymph nodes and fever. It comes and goes.",mononucleosis,Febrile/Systemic
"The symptoms are difficulty breathing, weakness, sharp abdominal pain, shortness of breath, fever and vomiting. This has lasted about a week.",sepsis,Febrile/Systemic
"For the past few days I've had sleepiness, weight gain, abnormal involuntary movements, apnea, shortness of breath, difficulty breathing, abnormal breathing sounds and fatigue. It got worse overnight.",obstructive sleep apnea (osa),Respiratory
"I feel unwell, with skin dryness, peeling, scaliness, or roughness, skin moles, warts, skin lesion and acne or pimples.",skin polyp,Dermatological
"I have sore throat, coryza, cough, ache all over, diarrhea, chills, fever and headache.",flu,Respiratory
"Lately I keep having skin moles, abnormal appearing skin, arm lump or mass, skin swelling, irregular appearing scalp, back mass or lump and skin growth.",sebaceous cyst,Musculoskeletal/Other
"Complaining of bumps on penis, warts, skin moles, lip swelling and skin lesion. It began this morning.",viral warts,Dermatological
"For the past few days I've had coryza, nasal congestion, cough, shortness of breath, wheezing, difficulty breathing, coughing up sputum and headache. It began this morning.",acute bronchitis,Respiratory
"I came in because of plugged feeling in ear, hoarse voice, hemoptysis, sore throat and throat feels tight.",head and neck cancer,Musculoskeletal/Other
"The symptoms are skin rash, irregular appearing nails, foot or toe swelling and eye redness. This has lasted about a week.",callus,Dermatological
"Complaining of mouth ulcer, abnormal breathing sounds, cough, itching of skin and skin rash. It began this morning.",impetigo,Dermatological
"The symptoms are chills, decreased appetite, weakness, difficulty breathing and feeling ill. It started two days ago.",sepsis,Febrile/Systemic
"For the past few days I've had irregular appearing scalp, skin rash, itchy scalp and abnormal appearing skin. This has lasted about a week.",fungal infection of the skin,Dermatological
"Since yesterday I've noticed difficulty breathing, weakness, decreased appetite, feeling ill and vomiting. It started two days ago.",sepsis,Febrile/Systemic
"For the past few days I've had problems during pregnancy, blood clots during menstrual periods, cramps and spasms and back pain. It comes and goes.",threatened pregnancy,Musculoskeletal/Other
"Patient reports frequent urination, nausea, suprapubic pain, lower abdominal pain and sharp abdominal pain. This has lasted about a week.",pyelonephritis,Musculoskeletal/Other
"I've been experiencing lower abdominal pain, retention of urine, constipation and rectal bleeding and I'm worried. It comes and goes.",chronic constipation,Gastrointestinal
"Chief complaint: eye redness, white discharge from eye, lacrimation and swollen eye.",conjunctivitis,Musculoskeletal/Other
"For the past few days I've had abnormal breathing sounds, nasal congestion and headache.",deviated nasal septum,Respiratory
"I have cough, itchiness of eye, nasal congestion, headache and sneezing. It began this morning.",seasonal allergies (hay fever),Febrile/Systemic
"Lately I keep having paresthesia, allergic reaction, skin dryness, peeling, scaliness, or roughness, itching of skin, abnormal appearing skin, acne or pimples, swollen eye and skin irritation. It began this morning.",contact dermatitis,Dermatological
"For the past few days I've had skin swelling, pelvic pain, abnormal appearing skin and skin rash.",fungal infection of the hair,Dermatological
"Patient reports chest tightness, sharp chest pain, sore throat, burning abdominal pain, vomiting, difficulty in swallowing, shortness of breath and cough. It began this morning.",esophagitis,Gastrointestinal
"Chief complaint: skin lesion, itching of skin, warts, irregular appearing scalp and skin growth.",seborrheic keratosis,Dermatological
"I came in because of anxiety and nervousness, arm pain, excessive anger, depressive or psychotic symptoms, low self-esteem, drug abuse, hostile behavior and delusions or hallucinations.",marijuana abuse,Musculoskeletal/Other
"Patient reports fever, fluid retention, headache, flu-like syndrome and nausea. It started two days ago.",infectious gastroenteritis,Febrile/Systemic
"Lately I keep having fluid retention, chills, diarrhea and nausea.",noninfectious gastroenteritis,Febrile/Systemic
"Chief complaint: shortness of breath, cough, abnormal breathing sounds, nasal congestion, sore throat and headache.",interstitial lung disease,Respiratory
"I have coryza, chills, sore throat, delusions or hallucinations and cough.",pneumonia,Respiratory
"I came in because of sharp abdominal pain, vomiting blood, difficulty in swallowing, upper abdominal pain, dizziness, nausea and burning abdominal pain.",hiatal hernia,Gastrointestinal
"For the past few days I've had irregular heartbeat, feeling ill, headache, weakness, fainting, abnormal involuntary movements and sharp chest pain.",orthostatic hypotension,Musculoskeletal/Other
"I have heartburn, sharp abdominal pain, pain of the anus, cramps and spasms, constipation and chest tightness.",rectal disorder,Gastrointestinal
"Lately I keep having low back pain, skin growth, blood in urine, retention of urine and sharp abdominal pain.",polycystic kidney disease,Musculoskeletal/Other
"Patient reports pelvic pain, itching of skin, skin dryness, peeling, scaliness, or roughness, skin growth, skin lesion, skin swelling, skin irritation, dizziness and itchy scalp. This has lasted about a week.",fungal infection of the hair,Dermatological
"I feel unwell, with frontal headache, nasal congestion, allergic reaction, headache, burning abdominal pain, sneezing and lacrimation.",seasonal allergies (hay fever),Febrile/Systemic
"I've been experiencing vaginal itching, problems with movement, nausea, vomiting, stomach bloating and sharp abdominal pain and I'm worried. This has lasted about a week.",intestinal obstruction,Gastrointestinal
"I feel unwell, with fatigue, itching of skin, symptoms of the face, headache and hip pain. It began this morning.",lyme disease,Febrile/Systemic
"The symptoms are painful sinuses, allergic reaction, nosebleed, abnormal breathing sounds and facial pain.",deviated nasal septum,Respiratory
"Chief complaint: suprapubic pain, sharp abdominal pain, symptoms of bladder, regurgitation, blood in urine and regurgitation.1. It got worse overnight.",temporary or benign blood in urine,Musculoskeletal/Other
"Lately I keep having chills, rectal bleeding, symptoms of the kidneys, fever, headache, burning abdominal pain and diarrhea. It got worse overnight.",noninfectious gastroenteritis,Febrile/Systemic
"Patient reports pain in eye, chest tightness, peripheral edema, facial pain and cough. It started two days ago.",sarcoidosis,Musculoskeletal/Other
"Chief complaint: congestion in chest, coughing up sputum, shortness of breath, chest tightness, sore throat, cough, sharp chest pain and nasal congestion. It comes and goes.",chronic obstructive pulmonary disease (copd),Respiratory
"I have skin rash, itching of skin, skin dryness, peeling, scaliness, or roughness, irregular appearing scalp, skin moles, abnormal appearing skin and acne or pimples. It began this morning.",skin pigmentation disorder,Dermatological
"Patient reports facial pain, nasal congestion, nosebleed and sore throat. This has lasted about a week.",deviated nasal septum,Respiratory
"My main problems are gum pain, mouth ulcer, facial pain, pain in gums, toothache and fever.",gum disease,Musculoskeletal/Other
"Chief complaint: sharp abdominal pain, blood in stool, vomiting, burning abdominal pain, changes in stool appearance and vomiting blood.",gastroduodenal ulcer,Gastrointestinal
"I've been experiencing sharp chest pain, regurgitation.1, back pain, upper abdominal pain, vomiting blood and regurgitation and I'm worried. It started two days ago.",hiatal hernia,Gastrointestinal
"Complaining of stomach bloating, regurgitation.1, burning abdominal pain, upper abdominal pain, symptoms of the kidneys, nausea, vomiting and sharp chest pain.",cholecystitis,Gastrointestinal
"Chief complaint: vomiting, suprapubic pain, weakness, difficulty breathing and cough. It began this morning.",sepsis,Febrile/Systemic
"The symptoms are burning abdominal pain, heartburn, difficulty in swallowing, sharp chest pain, sharp abdominal pain, nausea, back pain and dizziness. It began this morning.",hiatal hernia,Gastrointestinal
"Chief complaint: weakness, sharp abdominal pain, burning abdominal pain and vomiting blood. It started two days ago.",hiatal hernia,Gastrointestinal
"I have foot or toe pain, hand or finger pain, shoulder pain, arm pain, vomiting blood and leg pain.",mononeuritis,Musculoskeletal/Other
"Patient reports nasal congestion, cough, sore throat, coryza, pulling at ears and vomiting. It began this morning.",croup,Respiratory
"I have blood in stool, fluid retention, headache, flu-like syndrome, vomiting, nausea and diarrhea.",infectious gastroenteritis,Febrile/Systemic
"Chief complaint: fever, cough, sore throat, coryza, coughing up sputum and ear pain. It got worse overnight.",acute sinusitis,Respiratory
"Patient reports abnormal appearing skin, itching of skin, skin irritation, acne or pimples and pelvic pain. It began this morning.",fungal infection of the hair,Dermatological
"I've been experiencing headache, feeling ill, fever, nasal congestion, cough and eyelid swelling and I'm worried. It began this morning.",mononucleosis,Febrile/Systemic
"I came in because of lip swelling, skin moles, toothache, pain in gums, jaw swelling and skin swelling. It started two days ago.",tooth abscess,Dermatological
"I have ear pain, coryza, hoarse voice, difficulty in swallowing, cough, sore throat and fever. It began this morning.",laryngitis,Respiratory
"I've been experiencing fever, diaper rash, cough, vomiting, temper problems, blood in stool and irritable infant and I'm worried.",diaper rash,Dermatological
"I've been experiencing side pain, blood in urine, excessive urination at night, painful urination, back pain, retention of urine and sharp abdominal pain and I'm worried. It started two days ago.",urinary tract obstruction,Musculoskeletal/Other
"I've been experiencing blood in stool, chills, fever, burning abdominal pain, decreased appetite, fluid retention, vomiting and diarrhea and I'm worried.",noninfectious gastroenteritis,Febrile/Systemic
"Complaining of fluid retention, vomiting, sharp abdominal pain, fever, flu-like syndrome, itching of skin, headache, burning abdominal pain and chills. It began this morning.",infectious gastroenteritis,Febrile/Systemic
"I've been experiencing irregular appearing scalp, warts, itching of skin, skin dryness, peeling, scaliness, or roughness, skin swelling, skin rash, allergic reaction and abnormal appearing skin and I'm worried. It comes and goes.",eczema,Dermatological
"I came in because of pelvic pain, blood in urine, suprapubic pain, painful urination and back pain. It started two days ago.",cystitis,Musculoskeletal/Other
"Patient reports vomiting, heartburn, sharp abdominal pain, nausea and vomiting blood. It got worse overnight.",gastroduodenal ulcer,Gastrointestinal
"Since yesterday I've noticed headache, fever, ear pain, chills, coryza and nasal congestion.",common cold,Respiratory
"I have diarrhea, burning abdominal pain, vomiting, sharp abdominal pain, chills, headache and decreased appetite.",infectious gastroenteritis,Febrile/Systemic
"Since yesterday I've noticed cough, fever, ear pain, skin rash, nasal congestion and ache all over. It got worse overnight.",strep throat,Musculoskeletal/Other
"The symptoms are heartburn, sharp chest pain, vomiting blood, burning abdominal pain, dizziness, nausea and sharp abdominal pain.",hiatal hernia,Gastrointestinal
"Complaining of skin irritation, symptoms of the face, abnormal appearing skin, irregular appearing scalp and itching of skin. It began this morning.",actinic keratosis,Dermatological
"Chief complaint: rectal bleeding, blood in stool, constipation, retention of urine, lower abdominal pain, burning abdominal pain and vomiting.",chronic constipation,Gastrointestinal
"Complaining of loss of sensation, lower body pain, arm pain, leg pain, joint pain, shoulder pain and low back pain. It got worse overnight.",degenerative disc disease,Musculoskeletal/Other
"I came in because of acne or pimples, skin moles, irregular appearing scalp and itching of skin. It got worse overnight.",skin polyp,Dermatological
"For the past few days I've had allergic reaction, itching of skin, skin lesion, acne or pimples, skin swelling, warts, skin irritation and abnormal appearing skin. It comes and goes.",eczema,Dermatological
"Chief complaint: unusual color or odor to urine, heartburn, shortness of breath, nausea, weakness, peripheral edema, loss of sensation, jaundice and sharp abdominal pain. It started two days ago.",liver disease,Gastrointestinal
"Chief complaint: flu-like syndrome, coryza, nasal congestion, chills and vomiting.",common cold,Respiratory
"Complaining of fever, headache, nasal congestion, throat swelling and sharp chest pain. It began this morning.",abscess of the pharynx,Dermatological
"I have sneezing, itchiness of eye, ear pain, lacrimation, coryza and allergic reaction. It started two days ago.",seasonal allergies (hay fever),Febrile/Systemic
"Lately I keep having fever, shortness of breath, nasal congestion, cough, wheezing and weakness. It began this morning.",pneumonia,Respiratory
"I've been experiencing knee pain, fever, chills, nasal congestion, vomiting, coryza and wheezing and I'm worried. It began this morning.",common cold,Respiratory
"I feel unwell, with irregular appearing scalp, skin swelling, lack of growth, skin rash and acne or pimples. It began this morning.",dermatitis due to sun exposure,Dermatological
"Patient reports cough, ache all over, nausea, fever, headache and vomiting. This has lasted about a week.",meningitis,Febrile/Systemic
"Chief complaint: unusual color or odor to urine, side pain, shortness of breath, sharp abdominal pain and heartburn. It comes and goes.",liver disease,Gastrointestinal
"I've been experiencing burning abdominal pain, vomiting and knee pain and I'm worried.",sickle cell crisis,Musculoskeletal/Other
"Complaining of swelling of scrotum, pain in testicles, skin lesion, pain of the anus and abnormal appearing skin. It began this morning.",perirectal infection,Gastrointestinal
"I came in because of fever, ear pain, coryza, leg pain, nasal congestion, sinus congestion, sore throat and coughing up sputum.",acute sinusitis,Respiratory
"For the past few days I've had irregular appearing scalp, acne or pimples, skin dryness, peeling, scaliness, or roughness and skin irritation. It comes and goes.",eczema,Dermatological
"Complaining of headache, nausea, vomiting, sharp abdominal pain, decreased appetite, chills and fever. It comes and goes.",infectious gastroenteritis,Febrile/Systemic
"For the past few days I've had fluid retention, decreased appetite, sharp abdominal pain, nausea, chills, blood in stool, vomiting and burning abdominal pain. It got worse overnight.",noninfectious gastroenteritis,Febrile/Systemic
"My main problems are side pain, burning abdominal pain, skin growth, nausea, back pain and symptoms of the kidneys. It comes and goes.",cholecystitis,Gastrointestinal
"Lately I keep having sharp abdominal pain, feeling ill, chills, difficulty breathing, fever, decreased appetite, weakness and suprapubic pain. It began this morning.",sepsis,Febrile/Systemic
"I came in because of burning abdominal pain, fever, fluid retention and flu-like syndrome. It started two days ago.",infectious gastroenteritis,Febrile/Systemic
"For the past few days I've had nausea, back pain, lower abdominal pain, neck pain and leg pain.",pain after an operation,Musculoskeletal/Other
"My main problems are skin moles, irregular appearing scalp, side pain, skin lesion, skin dryness, peeling, scaliness, or roughness, itching of skin, skin swelling and skin growth.",actinic keratosis,Dermatological
"Patient reports shortness of breath, vomiting blood, regurgitation, regurgitation.1 and upper abdominal pain.",cirrhosis,Gastrointestinal
"Chief complaint: weakness, shortness of breath, cough, decreased appetite and fever.",sepsis,Febrile/Systemic
"I came in because of insomnia, weight gain, abnormal involuntary movements, mouth dryness and abnormal breathing sounds.",obstructive sleep apnea (osa),Respiratory
"I've been experiencing sharp chest pain, anxiety and nervousness, fears and phobias, irregular heartbeat, shortness of breath, increased heart rate, depressive or psychotic symptoms and abnormal involuntary movements and I'm worried. It began this morning.",anxiety,Musculoskeletal/Other
"Since yesterday I've noticed nasal congestion, headache, sore throat, fever, congestion in chest and cough.",acute bronchitis,Respiratory
"Patient reports frontal headache, itchiness of eye, coryza, allergic reaction, nasal congestion and lacrimation.",seasonal allergies (hay fever),Febrile/Systemic
"Complaining of throat swelling, sore throat, ear pain and swollen lymph nodes. This has lasted about a week.",peritonsillar abscess,Dermatological
"I've been experiencing back pain, dizziness, nausea and burning abdominal pain and I'm worried. It comes and goes.",hiatal hernia,Gastrointestinal
"I've been experiencing sharp abdominal pain, weakness, rib pain and difficulty breathing and I'm worried. It began this morning.",pleural effusion,Respiratory
"For the past few days I've had swollen lymph nodes, abnormal appearing skin and itchy eyelid. It began this morning.",melanoma,Dermatological
"Patient reports painful urination, vaginal itching, lower abdominal pain, pain during pregnancy, suprapubic pain and pain during intercourse.",vaginitis,Musculoskeletal/Other
"I have ache all over, coryza, headache and sore throat. It began this morning.",flu,Respiratory
"I've been experiencing unusual color or odor to urine, lack of growth, diarrhea and jaundice and I'm worried. This has lasted about a week.",liver disease,Gastrointestinal
"Complaining of nasal congestion, eye redness, swollen eye, pain in eye, white discharge from eye and coryza.",conjunctivitis,Musculoskeletal/Other
Since yesterday I've noticed itching of skin and cough.,chickenpox,Febrile/Systemic
"Chief complaint: lacrimation, ear pain, nasal congestion, allergic reaction, frontal headache and itchiness of eye. It comes and goes.",seasonal allergies (hay fever),Febrile/Systemic
"Chief complaint: skin rash, itching of skin, skin lesion, skin dryness, peeling, scaliness, or roughness, skin moles and allergic reaction. It comes and goes.",contact dermatitis,Dermatological
"The symptoms are abnormal appearing skin, long menstrual periods, skin moles and irregular appearing scalp.",acne,Dermatological
"I feel unwell, with allergic reaction, skin moles, skin irritation and skin lesion. It comes and goes.",contact dermatitis,Dermatological
"Since yesterday I've noticed frontal headache, lacrimation, coryza, allergic reaction, sneezing and sore throat. This has lasted about a week.",seasonal allergies (hay fever),Febrile/Systemic
"The symptoms are chest tightness, suprapubic pain, burning abdominal pain, nausea and sore throat.",esophagitis,Gastrointestinal
"Lately I keep having itchy scalp, irregular appearing scalp and skin swelling. It got worse overnight.",fungal infection of the hair,Dermatological
"The symptoms are lower body pain, stomach bloating, symptoms of the kidneys, burning abdominal pain, sharp chest pain, pelvic pain, side pain and regurgitation.1. It began this morning.",cholecystitis,Gastrointestinal
"Lately I keep having wheezing, flu-like syndrome, cough, headache and fever. It started two days ago.",common cold,Respiratory
"I have cough, diminished vision, itchiness of eye, nasal congestion, white discharge from eye and pain in eye. It began this morning.",conjunctivitis due to virus,Musculoskeletal/Other
"I've been experiencing nasal congestion, wheezing, vomiting, sharp chest pain, sore throat, shortness of breath and cough and I'm worried. It started two days ago.",acute bronchospasm,Respiratory
"For the past few days I've had skin rash, foot or toe swelling, irregular appearing nails, abnormal appearing skin, foot or toe pain and acne or pimples. It started two days ago.",callus,Dermatological
"The symptoms are wheezing, hurts to breath, shortness of breath, fever, vomiting and coryza. This has lasted about a week.",acute bronchiolitis,Respiratory
"The symptoms are feeling ill, difficulty breathing, suprapubic pain, fever, cough, vomiting and shortness of breath. It began this morning.",sepsis,Febrile/Systemic
"I have lower abdominal pain, groin pain, swollen abdomen, ache all over, itching of skin, sharp abdominal pain, swelling of scrotum and symptoms of the scrotum and testes. It comes and goes.",inguinal hernia,Gastrointestinal
"I came in because of sharp chest pain, sharp abdominal pain, difficulty in swallowing, upper abdominal pain, vomiting blood, leg swelling, back pain and nausea. It got worse overnight.",hiatal hernia,Gastrointestinal
"Complaining of wheezing, sore throat, fever, congestion in chest, headache, shortness of breath, sharp chest pain and coryza.",acute bronchitis,Respiratory
"For the past few days I've had loss of sensation, problems with movement, paresthesia, leg pain, ache all over, foot or toe pain and hand or finger pain.",complex regional pain syndrome,Musculoskeletal/Other
"My main problems are allergic reaction, cough and sneezing. This has lasted about a week.",seasonal allergies (hay fever),Febrile/Systemic
"Complaining of skin rash, itching of skin, skin swelling, skin growth, warts, abnormal appearing skin and irregular appearing scalp. It started two days ago.",seborrheic keratosis,Dermatological
"Complaining of congestion in chest, coughing up sputum, wheezing, shortness of breath, difficulty breathing and coryza.",acute bronchitis,Respiratory
"The symptoms are acne or pimples, skin growth, too little hair, symptoms of the face, skin rash and skin dryness, peeling, scaliness, or roughness. It started two days ago.",seborrheic dermatitis,Dermatological
"For the past few days I've had allergic reaction, cough, painful sinuses, headache, hoarse voice, frontal headache and facial pain.",nasal polyp,Respiratory
"I have wrist swelling, hand or finger pain, elbow pain, loss of sensation, elbow swelling, wrist pain, bones are painful and arm stiffness or tightness. It started two days ago.",injury to the arm,Musculoskeletal/Other
"For the past few days I've had bones are painful, elbow swelling, hand or finger pain, elbow pain, arm pain and arm stiffness or tightness. It started two days ago.",injury to the arm,Musculoskeletal/Other
"My main problems are nasal congestion, sore throat, coryza and chest tightness. This has lasted about a week.",acute bronchospasm,Respiratory
"Patient reports back pain, seizures, weakness, fainting and sharp abdominal pain. It started two days ago.",hyponatremia,Musculoskeletal/Other
"Lately I keep having blood in stool, burning abdominal pain, rectal bleeding, vomiting and diarrhea. It comes and goes.",noninfectious gastroenteritis,Febrile/Systemic
"My main problems are lack of growth, sharp chest pain and hand or finger stiffness or tightness. It comes and goes.",congenital heart defect,Musculoskeletal/Other
"Since yesterday I've noticed shortness of breath, chest tightness, swollen eye, sharp chest pain, muscle pain, palpitations, dizziness, fatigue and peripheral edema. It comes and goes.",ischemic heart disease,Musculoskeletal/Other
"Patient reports weakness, sharp chest pain, decreased heart rate, vomiting, dizziness, depressive or psychotic symptoms, difficulty in swallowing and shortness of breath.",hyperkalemia,Musculoskeletal/Other
"Complaining of abdominal distention, upper abdominal pain, blood in stool, peripheral edema, regurgitation.1, regurgitation and shortness of breath. It started two days ago.",cirrhosis,Gastrointestinal
"I came in because of flu-like syndrome, coryza, nasal congestion, chills, wheezing and ear pain. This has lasted about a week.",common cold,Respiratory
"Lately I keep having irregular appearing scalp, skin growth, skin swelling, arm lump or mass, skin moles and skin lesion. It started two days ago.",sebaceous cyst,Musculoskeletal/Other
"Patient reports foot or toe pain, leg pain, leg swelling, hand or finger swelling, skin rash, vomiting, foot or toe swelling and abnormal appearing skin.",pyogenic skin infection,Dermatological
"Complaining of involuntary urination, symptoms of bladder, painful urination and back pain. It began this morning.",cystitis,Musculoskeletal/Other
"My main problems are fever, nausea, sharp abdominal pain and flu-like syndrome. This has lasted about a week.",infectious gastroenteritis,Febrile/Systemic
"Patient reports abusing alcohol, problems during pregnancy, weight gain, insomnia and decreased appetite. This has lasted about a week.",eating disorder,Musculoskeletal/Other
"Since yesterday I've noticed abnormal breathing sounds, headache, shortness of breath and cough. It started two days ago.",interstitial lung disease,Respiratory
"For the past few days I've had blood in stool, decreased appetite, diarrhea and fever. It started two days ago.",infectious gastroenteritis,Febrile/Systemic
"I feel unwell, with changes in stool appearance, lack of growth, irritable infant and jaundice. It started two days ago.",neonatal jaundice,Gastrointestinal
"I came in because of back pain, frequent urination, blood in urine, retention of urine and symptoms of prostate. This has lasted about a week.",urinary tract obstruction,Musculoskeletal/Other
"The symptoms are apnea, weight gain and sleepiness. It got worse overnight.",obstructive sleep apnea (osa),Respiratory
"I came in because of fever, flu-like syndrome, cough, nasal congestion, coryza, headache, chills and sore throat.",common cold,Respiratory
"For the past few days I've had fluid retention, vomiting, sharp abdominal pain, blood in stool, chills, diarrhea and decreased appetite.",infectious gastroenteritis,Febrile/Systemic
"Since yesterday I've noticed nausea, rectal bleeding, retention of urine, changes in stool appearance, constipation and burning abdominal pain. It started two days ago.",chronic constipation,Gastrointestinal
"The symptoms are sharp abdominal pain, weakness, suprapubic pain, decreased appetite, fever, cough and chills.",sepsis,Febrile/Systemic
"I have skin moles, itching of skin, skin dryness, peeling, scaliness, or roughness, skin swelling, warts, irregular appearing scalp, skin rash and abnormal appearing skin.",skin pigmentation disorder,Dermatological
"The symptoms are acne or pimples, skin rash, skin lesion, skin swelling, cough and abnormal appearing skin.",impetigo,Dermatological
"For the past few days I've had difficulty breathing, chills, vomiting, weakness, coryza, cough, nasal congestion and shortness of breath.",pneumonia,Respiratory
"My main problems are lacrimation, cough, headache, ear pain, nasal congestion, allergic reaction and coryza.",seasonal allergies (hay fever),Febrile/Systemic
"Since yesterday I've noticed shortness of breath, chest tightness, vomiting, wheezing and nasal congestion. It started two days ago.",acute bronchospasm,Respiratory
"I have blood in stool, shortness of breath, peripheral edema, upper abdominal pain, jaundice, diarrhea and unusual color or odor to urine. It started two days ago.",liver disease,Gastrointestinal
"For the past few days I've had warts, abnormal appearing skin, irregular appearing scalp, skin lesion, allergic reaction, cough, skin swelling and itching of skin.",eczema,Dermatological
"I've been experiencing allergic reaction, headache, lacrimation and sore throat and I'm worried.",seasonal allergies (hay fever),Febrile/Systemic
"Chief complaint: sharp abdominal pain, vomiting, pain of the anus, burning abdominal pain, rectal bleeding, changes in stool appearance, retention of urine and lower abdominal pain. It got worse overnight.",chronic constipation,Gastrointestinal
"My main problems are skin irritation, acne or pimples, abnormal appearing skin, skin growth, skin moles, skin lesion, lip swelling and skin swelling.",atrophic skin condition,Dermatological
"I have frontal headache, sore throat, coryza, ear pain, sneezing and lacrimation.",seasonal allergies (hay fever),Febrile/Systemic
"Lately I keep having feeling ill, cough, skin rash, headache and nasal congestion. It began this morning.",mononucleosis,Febrile/Systemic
"I have constipation, diarrhea, blood in stool, sharp abdominal pain, itching of the anus, cramps and spasms and rectal bleeding. It got worse overnight.",rectal disorder,Gastrointestinal
"I've been experiencing hip pain, neck pain, low back pain, loss of sensation, leg pain and shoulder pain and I'm worried. It got worse overnight.",neuralgia,Musculoskeletal/Other
"Lately I keep having back pain, hurts to breath, weakness and side pain.",pleural effusion,Respiratory
"The symptoms are back pain, upper abdominal pain, side pain and burning abdominal pain. It started two days ago.",gallstone,Gastrointestinal
"I've been experiencing fluid retention, headache, burning abdominal pain, fever, sharp abdominal pain, blood in stool and decreased appetite and I'm worried. This has lasted about a week.",noninfectious gastroenteritis,Febrile/Systemic
"I came in because of sharp abdominal pain, fluid retention, nausea, rectal bleeding, diarrhea and decreased appetite.",noninfectious gastroenteritis,Febrile/Systemic
"Since yesterday I've noticed shortness of breath, side pain, hemoptysis, leg swelling, chest tightness, leg pain and difficulty breathing. It got worse overnight.",pulmonary embolism,Respiratory
"The symptoms are fever, fluid retention, diarrhea and nausea.",infectious gastroenteritis,Febrile/Systemic
"Complaining of loss of sensation, hip pain, arm pain, back pain, neck pain and leg pain.",herniated disk,Gastrointestinal
"I have decreased appetite, fever, vomiting, side pain, upper abdominal pain, sharp abdominal pain and burning abdominal pain.",appendicitis,Gastrointestinal
"I came in because of mouth ulcer, itching of skin and skin lesion. This has lasted about a week.",impetigo,Dermatological
"The symptoms are unusual color or odor to urine, diarrhea, nausea, jaundice, upper abdominal pain, peripheral edema and side pain. This has lasted about a week.",liver disease,Gastrointestinal
"I've been experiencing ankle pain, foot or toe swelling, leg swelling, infant feeding problem, knee pain, problems with movement and irregular appearing nails and I'm worried.",injury to the leg,Musculoskeletal/Other
"Chief complaint: acne or pimples, irregular appearing scalp, itching of skin, skin dryness, peeling, scaliness, or roughness, skin lesion, abnormal appearing skin, skin rash and skin moles. It began this morning.",skin pigmentation disorder,Dermatological
"Complaining of abnormal appearing skin, itching of skin, skin rash, skin lesion, pelvic pain and skin growth. This has lasted about a week.",fungal infection of the hair,Dermatological
"Lately I keep having chills, difficulty breathing, feeling ill, shortness of breath, cough, weakness, fever and sharp abdominal pain. It began this morning.",sepsis,Febrile/Systemic
"Chief complaint: acne or pimples, wrinkles on skin and skin swelling.",atrophic skin condition,Dermatological
"Patient reports foot or toe swelling, lymphedema, skin lesion, leg pain, leg stiffness or tightness and headache.",vasculitis,Musculoskeletal/Other
"Since yesterday I've noticed blood in stool, sharp abdominal pain, itching of the anus, heartburn, pain of the anus and diarrhea.",rectal disorder,Gastrointestinal
"Complaining of painful sinuses, facial pain, fever, frontal headache and coughing up sputum.",acute sinusitis,Respiratory
"I came in because of disturbance of memory, depression, drug abuse, insomnia, fears and phobias, hostile behavior, abusing alcohol, delusions or hallucinations and temper problems.",depression,Musculoskeletal/Other
"For the past few days I've had burning abdominal pain, upper abdominal pain, back pain, stomach bloating, nausea, vomiting, side pain and bones are painful. It started two days ago.",cholecystitis,Gastrointestinal
"Complaining of dizziness, sinus congestion, chest tightness, depression, irregular heartbeat, anxiety and nervousness and depressive or psychotic symptoms.",panic disorder,Musculoskeletal/Other
"Patient reports fever, vomiting, sore throat, cough, chills, headache and nausea. It began this morning.",flu,Respiratory
"The symptoms are low self-esteem, depression, depressive or psychotic symptoms, delusions or hallucinations, abusing alcohol, temper problems and difficulty speaking. It began this morning.",marijuana abuse,Musculoskeletal/Other
"I came in because of diarrhea, irritable infant, nasal congestion, pulling at ears, temper problems and diaper rash. It started two days ago.",diaper rash,Dermatological
"I came in because of diarrhea, rectal bleeding, fever, sharp abdominal pain, nausea and headache. It comes and goes.",noninfectious gastroenteritis,Febrile/Systemic
"Patient reports frontal headache, coryza, cough, back pain and painful sinuses.",acute sinusitis,Respiratory
"Patient reports lower abdominal pain, blood clots during menstrual periods, painful menstruation, unpredictable menstruation, long menstrual periods and cramps and spasms.",idiopathic painful menstruation,Musculoskeletal/Other
"Lately I keep having sharp abdominal pain, blood in stool and diarrhea.",colonic polyp,Gastrointestinal
"Complaining of sore throat, chest tightness, coughing up sputum and sharp chest pain.",chronic obstructive pulmonary disease (copd),Respiratory
"Since yesterday I've noticed chills, difficulty breathing, shortness of breath and weakness. It began this morning.",sepsis,Febrile/Systemic
"Since yesterday I've noticed ear pain, mouth ulcer, toothache, lip swelling, gum pain and jaw swelling. It comes and goes.",gum disease,Musculoskeletal/Other
"Lately I keep having burning abdominal pain, chills, upper abdominal pain, blood in stool, fever, sharp abdominal pain and lower abdominal pain.",diverticulitis,Gastrointestinal
"I have coughing up sputum, chest tightness, difficulty breathing, shortness of breath, wheezing, nasal congestion and coryza.",asthma,Respiratory
"Patient reports shortness of breath, sore throat, weakness and vomiting. This has lasted about a week.",pneumonia,Respiratory
"For the past few days I've had peripheral edema, hand or finger pain, skin rash, hand or finger swelling, leg pain and leg swelling.",pyogenic skin infection,Dermatological
"I've been experiencing vomiting, burning abdominal pain, sharp abdominal pain, sore throat, sharp chest pain and shortness of breath and I'm worried.",esophagitis,Gastrointestinal
"Patient reports back pain, difficulty speaking, lack of growth, nasal congestion, cough and seizures. It started two days ago.",down syndrome,Musculoskeletal/Other
"My main problems are headache, fluid retention, blood in stool and sharp abdominal pain. It comes and goes.",infectious gastroenteritis,Febrile/Systemic
"For the past few days I've had side pain, weakness, sharp abdominal pain, back pain and difficulty breathing. It started two days ago.",pleural effusion,Respiratory
"I feel unwell, with headache, nasal congestion, shortness of breath, sore throat and wheezing.",acute bronchitis,Respiratory
"I've been experiencing redness in ear, ear pain, decreased appetite, fever and cough and I'm worried. It got worse overnight.",teething syndrome,Musculoskeletal/Other
"Chief complaint: skin lesion, skin rash, acne or pimples, skin swelling, warts, irregular appearing scalp, skin irritation and abnormal appearing skin.",seborrheic keratosis,Dermatological
"Since yesterday I've noticed symptoms of the face, irregular appearing scalp, skin lesion, skin moles, skin irritation and skin rash. It comes and goes.",actinic keratosis,Dermatological
"Complaining of nasal congestion, sore throat, difficulty in swallowing, throat feels tight, hoarse voice, coryza, cough and fever. It got worse overnight.",laryngitis,Respiratory
"Complaining of fluid retention, decreased appetite, blood in stool, vomiting, sharp abdominal pain and diarrhea. This has lasted about a week.",noninfectious gastroenteritis,Febrile/Systemic
"Lately I keep having nasal congestion, sore throat, feeling ill, headache and fever.",mononucleosis,Febrile/Systemic
"I feel unwell, with skin irritation, skin swelling, itching of skin, warts, acne or pimples, skin dryness, peeling, scaliness, or roughness, abnormal appearing skin and irregular appearing scalp. It started two days ago.",skin polyp,Dermatological
"My main problems are changes in stool appearance, rectal bleeding, burning abdominal pain, sharp abdominal pain and pain of the anus. It started two days ago.",chronic constipation,Gastrointestinal
"Chief complaint: skin lesion, skin rash, lack of growth, acne or pimples, skin swelling and abnormal appearing skin.",dermatitis due to sun exposure,Dermatological
"Chief complaint: upper abdominal pain, burning abdominal pain, regurgitation.1, regurgitation, sharp abdominal pain, dizziness and nausea.",hiatal hernia,Gastrointestinal
"I have skin irritation, skin moles, skin lesion, irregular appearing scalp, skin dryness, peeling, scaliness, or roughness, skin growth, abnormal appearing skin, symptoms of the face and burning chest pain.",actinic keratosis,Dermatological
"For the past few days I've had nasal congestion, lump in throat and throat feels tight. It comes and goes.",tonsillitis,Respiratory
"For the past few days I've had sharp abdominal pain, chills, decreased appetite, vomiting, headache, rectal bleeding and fever.",noninfectious gastroenteritis,Febrile/Systemic
"The symptoms are hip pain, leg pain, low back pain, neck pain, arm pain, leg weakness, loss of sensation and paresthesia. This has lasted about a week.",herniated disk,Gastrointestinal
"I feel unwell, with fever, cough, sharp abdominal pain, weakness, difficulty breathing and shortness of breath.",sepsis,Febrile/Systemic
"For the past few days I've had ache all over, arm pain, paresthesia, hip pain, lower body pain and shoulder pain.",spondylosis,Musculoskeletal/Other
"I came in because of diarrhea, burning abdominal pain, pain of the anus, nausea, abnormal movement of eyelid, vomiting, lower abdominal pain and headache. It started two days ago.",ileus,Gastrointestinal
"I feel unwell, with fever, sharp abdominal pain, cough and neck swelling.",lymphadenitis,Musculoskeletal/Other
"The symptoms are fever, nausea, diarrhea, headache and rectal bleeding.",noninfectious gastroenteritis,Febrile/Systemic
"I came in because of nasal congestion, irritable infant, wheezing, hurts to breath, decreased appetite and vomiting. It started two days ago.",acute bronchiolitis,Respiratory
"I've been experiencing problems with movement, fatigue, leg weakness and headache and I'm worried. It comes and goes.",multiple sclerosis,Musculoskeletal/Other
"Since yesterday I've noticed lack of growth, fainting, acne or pimples, skin moles and irregular appearing scalp.",dermatitis due to sun exposure,Dermatological
"The symptoms are vomiting, lump in throat, sharp abdominal pain and regurgitation. It got worse overnight.",foreign body in the gastrointestinal tract,Gastrointestinal
"I've been experiencing delusions or hallucinations, low self-esteem, hysterical behavior, fears and phobias, temper problems and insomnia and I'm worried. It began this morning.",schizophrenia,Musculoskeletal/Other
"I've been experiencing frequent urination, excessive urination at night, hesitancy, symptoms of bladder, pain in testicles and blood in urine and I'm worried.",benign prostatic hyperplasia (bph),Musculoskeletal/Other
"My main problems are itching of skin, skin rash, symptoms of the face, skin growth and skin lesion. It started two days ago.",actinic keratosis,Dermatological
"Chief complaint: sharp abdominal pain, pain of the anus, burning abdominal pain, rectal bleeding, melena, shortness of breath, heartburn and blood in stool.",rectal disorder,Gastrointestinal
"I have fever, burning abdominal pain, chills, flu-like syndrome, nausea, blood in stool, vomiting and diarrhea.",infectious gastroenteritis,Febrile/Systemic
"I've been experiencing allergic reaction, swollen eye, skin lesion, skin moles and skin dryness, peeling, scaliness, or roughness and I'm worried. It got worse overnight.",contact dermatitis,Dermatological
"For the past few days I've had diarrhea, nausea, decreased appetite, fluid retention and sharp abdominal pain. It started two days ago.",noninfectious gastroenteritis,Febrile/Systemic
"Patient reports lip swelling, skin moles, skin dryness, peeling, scaliness, or roughness and skin lesion.",skin cancer,Dermatological
"For the past few days I've had skin swelling, skin lesion, skin irritation, acne or pimples and abnormal appearing skin. It got worse overnight.",fungal infection of the hair,Dermatological
"My main problems are vomiting, lower abdominal pain, sharp abdominal pain, constipation, diarrhea, blood in stool and nausea. It got worse overnight.",diverticulitis,Gastrointestinal
"For the past few days I've had stomach bloating, sharp chest pain, burning abdominal pain and upper abdominal pain. It began this morning.",cholecystitis,Gastrointestinal
"I've been experiencing burning abdominal pain, difficulty in swallowing, sharp abdominal pain and sharp chest pain and I'm worried. This has lasted about a week.",gastroesophageal reflux disease (gerd),Gastrointestinal
"The symptoms are sore throat, feeling ill, nasal congestion, cough, headache, fever, skin rash and swollen lymph nodes. It started two days ago.",mononucleosis,Febrile/Systemic
"Chief complaint: fever, ear pain, chills, nasal congestion, headache and wheezing. This has lasted about a week.",common cold,Respiratory
"My main problems are vomiting, back pain, sharp abdominal pain and diarrhea. It comes and goes.",acute pancreatitis,Gastrointestinal
"Since yesterday I've noticed foot or toe pain, irregular appearing nails, skin swelling, acne or pimples and foot or toe swelling. This has lasted about a week.",callus,Dermatological
"I feel unwell, with itching of skin, symptoms of the face, skin growth, skin swelling, skin lesion and skin dryness, peeling, scaliness, or roughness. It comes and goes.",actinic keratosis,Dermatological
"Patient reports lower abdominal pain, uterine contractions, intermenstrual bleeding, pain during pregnancy, spotting or bleeding during pregnancy, problems during pregnancy, cramps and spasms and pelvic pain. It started two days ago.",spontaneous abortion,Musculoskeletal/Other
"Complaining of depressive or psychotic symptoms, fever, cough, shortness of breath, chills and wheezing. It comes and goes.",acute respiratory distress syndrome (ards),Respiratory
"The symptoms are constipation, retention of urine, blood in stool, nausea, vomiting and burning abdominal pain.",ischemia of the bowel,Gastrointestinal
"I have coryza, vomiting, diarrhea and chills. It started two days ago.",flu,Respiratory
"The symptoms are lip swelling, mouth pain, pain in gums and jaw swelling. It began this morning.",tooth abscess,Dermatological
"For the past few days I've had blood in stool, changes in stool appearance, heartburn, rectal bleeding and constipation.",hemorrhoids,Gastrointestinal
"My main problems are paresthesia, arm pain, low back pain, headache and elbow pain. It got worse overnight.",brachial neuritis,Musculoskeletal/Other
"My main problems are sharp abdominal pain, fever, decreased appetite, shortness of breath and vomiting. This has lasted about a week.",sepsis,Febrile/Systemic
"I have warts, difficulty breathing, vomiting, decreased appetite, sharp abdominal pain, cough, shortness of breath and suprapubic pain. It started two days ago.",sepsis,Febrile/Systemic
"Complaining of ankle swelling, ankle weakness, ankle pain and leg pain. It began this morning.",fracture of the ankle,Musculoskeletal/Other
"I have itching of skin, itchiness of eye, skin rash and allergic reaction. This has lasted about a week.",allergy,Musculoskeletal/Other
"I feel unwell, with skin rash, abnormal appearing skin, acne or pimples and lack of growth. It comes and goes.",dermatitis due to sun exposure,Dermatological
"For the past few days I've had nasal congestion, cough, coryza and coughing up sputum. It got worse overnight.",asthma,Respiratory
"For the past few days I've had stomach bloating, leg cramps or spasms, disturbance of memory and early or late onset of menopause.",osteoporosis,Musculoskeletal/Other
"For the past few days I've had fever, vomiting, diarrhea, headache and rectal bleeding. This has lasted about a week.",noninfectious gastroenteritis,Febrile/Systemic
"Lately I keep having vomiting, diarrhea, chills, rectal bleeding and fever. It started two days ago.",noninfectious gastroenteritis,Febrile/Systemic
"I came in because of sharp abdominal pain, uterine contractions, spotting or bleeding during pregnancy and problems during pregnancy.",threatened pregnancy,Musculoskeletal/Other
"My main problems are skin irritation, skin moles and acne or pimples. It comes and goes.",skin polyp,Dermatological
"Complaining of shortness of breath, chills and sharp chest pain.",acute respiratory distress syndrome (ards),Respiratory
"I came in because of pulling at ears, irritable infant, temper problems, diarrhea, diaper rash, vomiting, nasal congestion and blood in stool. This has lasted about a week.",diaper rash,Dermatological
"Patient reports vomiting, cough, sharp chest pain and chest tightness.",acute bronchospasm,Respiratory
"Lately I keep having sharp abdominal pain, decreased appetite, vomiting, fluid retention, fever, nausea, burning abdominal pain and headache. This has lasted about a week.",noninfectious gastroenteritis,Febrile/Systemic
"I have eye redness, symptoms of the kidneys, regurgitation.1, vomiting, side pain, back pain, sharp chest pain, stomach bloating and lower body pain. It started two days ago.",cholecystitis,Gastrointestinal
"My main problems are blood in stool, heartburn, rectal bleeding, upper abdominal pain, vomiting and nausea. It comes and goes.",diverticulosis,Gastrointestinal
"The symptoms are vomiting, dizziness, melena, weakness, vomiting blood and nausea. This has lasted about a week.",gastrointestinal hemorrhage,Gastrointestinal
"Patient reports sharp abdominal pain, blood in stool, flu-like syndrome, vomiting and nausea. It started two days ago.",infectious gastroenteritis,Febrile/Systemic
"I came in because of heartburn, melena, blood in stool, pain of the anus, constipation and sharp abdominal pain.",rectal disorder,Gastrointestinal
"My main problems are nasal congestion, sore throat, fever and headache.",mononucleosis,Febrile/Systemic
"My main problems are fluid retention, fever, flu-like syndrome, headache, nausea, vomiting and sharp abdominal pain.",infectious gastroenteritis,Febrile/Systemic
"My main problems are abnormal appearing skin, skin moles, skin dryness, peeling, scaliness, or roughness, skin rash, skin lesion and acne or pimples.",dermatitis due to sun exposure,Dermatological
"Chief complaint: sharp abdominal pain, chills and fever. It comes and goes.",sepsis,Febrile/Systemic
"The symptoms are ankle pain, low back pain, wrist pain, neck pain, foot or toe pain, headache, arm pain and knee pain. This has lasted about a week.",sprain or strain,Musculoskeletal/Other
"Lately I keep having abnormal appearing skin, dry or flaky scalp, too little hair and irregular appearing scalp. This has lasted about a week.",seborrheic dermatitis,Dermatological
"Chief complaint: foot or toe swelling, hand or finger swelling, hand or finger pain, skin swelling, foot or toe pain and skin rash.",pyogenic skin infection,Dermatological
"I've been experiencing vomiting, pain during intercourse, neck pain, cough and headache and I'm worried.",meningitis,Febrile/Systemic
"Chief complaint: leg pain, chest tightness, sweating, leg swelling, sharp chest pain, cough and difficulty breathing. It began this morning.",pulmonary embolism,Respiratory
"Since yesterday I've noticed fever, cough and nausea. It comes and goes.",meningitis,Febrile/Systemic
"I've been experiencing headache, blood in stool, diarrhea, sharp abdominal pain, flu-like syndrome, decreased appetite and fluid retention and I'm worried. It started two days ago.",infectious gastroenteritis,Febrile/Systemic
"I came in because of vomiting blood, regurgitation.1, difficulty in swallowing, regurgitation, nausea and dizziness. It started two days ago.",hiatal hernia,Gastrointestinal
"I have diarrhea, melena, blood in stool, cramps and spasms, itching of the anus, sharp abdominal pain, rectal bleeding and burning abdominal pain. This has lasted about a week.",rectal disorder,Gastrointestinal
"Chief complaint: hand or finger lump or mass, hand or finger swelling, hand or finger pain, foot or toe pain and foot or toe swelling. It started two days ago.",paronychia,Musculoskeletal/Other
"I came in because of fever, sharp chest pain, wheezing, nasal congestion, shortness of breath, weakness and chills. This has lasted about a week.",pneumonia,Respiratory
"My main problems are weakness, rib pain and difficulty breathing.",pleural effusion,Respiratory
"Complaining of itchiness of eye, lacrimation, stomach bloating, diminished vision, eye burns or stings, sneezing, nasal congestion and allergic reaction. It got worse overnight.",conjunctivitis due to allergy,Musculoskeletal/Other
"I've been experiencing depressive or psychotic symptoms, paresthesia, dizziness and loss of sensation and I'm worried.",transient ischemic attack,Musculoskeletal/Other
"Lately I keep having fluid retention, skin lesion, leg swelling and skin swelling. This has lasted about a week.",insect bite,Musculoskeletal/Other
"I've been experiencing feeling ill, irregular heartbeat, increased heart rate, palpitations and decreased heart rate and I'm worried. It comes and goes.",sinus bradycardia,Musculoskeletal/Other
"The symptoms are coryza, allergic reaction, nasal congestion, cough, frontal headache, sore throat, headache and sneezing.",seasonal allergies (hay fever),Febrile/Systemic
"Since yesterday I've noticed skin lesion, skin moles, symptoms of eye and skin dryness, peeling, scaliness, or roughness. It comes and goes.",rosacea,Dermatological
"The symptoms are sharp abdominal pain, fever, burning abdominal pain, chills and diarrhea.",noninfectious gastroenteritis,Febrile/Systemic
"Lately I keep having skin rash, skin moles, skin irritation, skin lesion, skin swelling and swollen eye. This has lasted about a week.",contact dermatitis,Dermatological
"I have loss of sensation, insomnia, disturbance of memory and dizziness.",encephalitis,Febrile/Systemic
"I have low back pain, leg pain, headache, loss of sensation and arm pain. It started two days ago.",muscle spasm,Musculoskeletal/Other
"I feel unwell, with peripheral edema, shortness of breath, headache, nausea and throat swelling.",drug reaction,Musculoskeletal/Other
"I feel unwell, with fluid retention and fever. It got worse overnight.",noninfectious gastroenteritis,Febrile/Systemic
"I've been experiencing feeling ill, decreased appetite, fever, shortness of breath, cough, sharp abdominal pain, weakness and vomiting and I'm worried. It began this morning.",sepsis,Febrile/Systemic
"Patient reports cough, hoarse voice, regurgitation, difficulty in swallowing, chest tightness and regurgitation.1.",gastroesophageal reflux disease (gerd),Gastrointestinal
"My main problems are disturbance of memory, low back pain, neck stiffness or tightness, arm pain and insomnia.",pain disorder affecting the neck,Musculoskeletal/Other
"I have weakness, peripheral edema, shortness of breath, sharp abdominal pain, blood in stool, headache and unusual color or odor to urine. It started two days ago.",liver disease,Gastrointestinal
"Since yesterday I've noticed decreased appetite, feeling ill, shortness of breath, weakness, suprapubic pain, sharp abdominal pain, vomiting and difficulty breathing. It started two days ago.",sepsis,Febrile/Systemic
"I've been experiencing facial pain, headache, irritable infant and dizziness and I'm worried. It comes and goes.",subdural hemorrhage,Musculoskeletal/Other
"Patient reports decreased appetite, feeling ill, weakness, fever, sharp abdominal pain, vomiting and shortness of breath. This has lasted about a week.",sepsis,Febrile/Systemic
"Chief complaint: burning abdominal pain, vomiting, nausea, fever, decreased appetite, flu-like syndrome and fluid retention.",infectious gastroenteritis,Febrile/Systemic
"Complaining of abnormal breathing sounds, hoarse voice, pulling at ears, coryza, vomiting, nasal congestion and wheezing. It comes and goes.",croup,Respiratory
"I came in because of irritable infant, pulling at ears, nasal congestion, skin rash, fever and temper problems. It comes and goes.",diaper rash,Dermatological
"I have toothache, pain in gums, lip swelling, gum pain and mouth pain. This has lasted about a week.",tooth abscess,Dermatological
"I feel unwell, with skin lesion, skin rash, warts, itching of skin, allergic reaction, skin swelling and skin dryness, peeling, scaliness, or roughness. This has lasted about a week.",eczema,Dermatological
"Chief complaint: side pain, nausea, back pain, lower body pain, burning abdominal pain, abusing alcohol, hemoptysis and sharp abdominal pain. It started two days ago.",acute pancreatitis,Gastrointestinal
"I've been experiencing pulling at ears, irritable infant, hurts to breath, cough, wheezing, shortness of breath and vomiting and I'm worried. It got worse overnight.",acute bronchiolitis,Respiratory
"I've been experiencing heartburn, chest tightness, nausea, irregular heartbeat, sharp chest pain and arm pain and I'm worried. It got worse overnight.",heart attack,Musculoskeletal/Other
"Lately I keep having nosebleed, apnea, allergic reaction, nasal congestion, painful sinuses and facial pain.",deviated nasal septum,Respiratory
"For the past few days I've had leg pain, low back pain, foot or toe pain, ankle pain, arm pain, headache, knee pain and hand or finger pain.",sprain or strain,Musculoskeletal/Other
"I came in because of recent pregnancy, leg swelling, drug abuse, weakness and heartburn. It started two days ago.",hypertensive heart disease,Musculoskeletal/Other
"I've been experiencing spots or clouds in vision, eye moves abnormally and pain in eye and I'm worried. It began this morning.",myopia,Musculoskeletal/Other
"Lately I keep having fever, shortness of breath, hurts to breath, cough, pulling at ears, wheezing, nasal congestion and difficulty breathing. It began this morning.",acute bronchiolitis,Respiratory
"Complaining of diarrhea, nausea, chills, fever, vomiting, rectal bleeding, sharp abdominal pain and decreased appetite. It got worse overnight.",noninfectious gastroenteritis,Febrile/Systemic
"Lately I keep having peripheral edema, paresthesia, neck pain, hand or finger stiffness or tightness, wrist swelling, elbow pain and loss of sensation.",carpal tunnel syndrome,Musculoskeletal/Other
"The symptoms are upper abdominal pain, vomiting, burning abdominal pain, back pain and regurgitation.1.",gallstone,Gastrointestinal
"Since yesterday I've noticed sharp abdominal pain, dizziness, changes in stool appearance and vomiting blood.",gastrointestinal hemorrhage,Gastrointestinal
"For the past few days I've had paresthesia, focal weakness, headache, difficulty speaking, weakness, symptoms of the face and intermenstrual bleeding. This has lasted about a week.",transient ischemic attack,Musculoskeletal/Other
"The symptoms are infertility, pelvic pain, lower abdominal pain, frequent menstruation, sharp abdominal pain and cramps and spasms. This has lasted about a week.",idiopathic irregular menstrual cycle,Musculoskeletal/Other
"The symptoms are sore throat, coryza, ear pain, lacrimation and allergic reaction. It got worse overnight.",seasonal allergies (hay fever),Febrile/Systemic
"For the past few days I've had difficulty breathing, congestion in chest, cough, sharp chest pain, coryza and wheezing.",acute bronchitis,Respiratory
"Lately I keep having fever, cough, nasal congestion, decreased heart rate, weakness and leg swelling. It began this morning.",pulmonary congestion,Respiratory
"My main problems are itching of skin, fever, skin rash, feeling ill, cough, sore throat and headache.",mononucleosis,Febrile/Systemic
"I have fatigue, cough, smoking problems, shortness of breath and hemoptysis. It got worse overnight.",lung cancer,Respiratory
"My main problems are cramps and spasms, painful menstruation, intermenstrual bleeding, involuntary urination and long menstrual periods. It got worse overnight.",idiopathic excessive menstruation,Musculoskeletal/Other
"The symptoms are vomiting, hoarse voice, pulling at ears, fever, shortness of breath and cough. This has lasted about a week.",croup,Respiratory
"For the past few days I've had cough, fever, shortness of breath, chills, suprapubic pain and decreased appetite.",sepsis,Febrile/Systemic
"Chief complaint: lacrimation, allergic reaction, nasal congestion, itchiness of eye, sore throat, ear pain, sneezing and cough. It comes and goes.",seasonal allergies (hay fever),Febrile/Systemic
"My main problems are increased heart rate, sharp chest pain, lower body pain, hot flashes, spots or clouds in vision and sweating. It got worse overnight.",angina,Musculoskeletal/Other
"Since yesterday I've noticed sharp chest pain, hoarse voice, back pain, chest tightness, difficulty in swallowing and burning abdominal pain. It started two days ago.",gastroesophageal reflux disease (gerd),Gastrointestinal
"I've been experiencing sweating, fatigue, sleepiness and abnormal breathing sounds and I'm worried.",obstructive sleep apnea (osa),Respiratory
"For the past few days I've had nasal congestion, allergic reaction, cough, sneezing, sore throat, headache, coryza and ear pain.",seasonal allergies (hay fever),Febrile/Systemic
"Chief complaint: cough, sore throat, abnormal breathing sounds, redness in ear, fever, difficulty in swallowing, bones are painful and nasal congestion.",tonsillar hypertrophy,Respiratory
"The symptoms are burning abdominal pain, blood in stool, changes in stool appearance, sharp chest pain and vomiting. This has lasted about a week.",gastroduodenal ulcer,Gastrointestinal
"I came in because of smoking problems, abusing alcohol, antisocial behavior and anxiety and nervousness. It comes and goes.",drug abuse,Musculoskeletal/Other
"I've been experiencing lower body pain, symptoms of the kidneys, vomiting, sharp abdominal pain, upper abdominal pain, burning abdominal pain and regurgitation.1 and I'm worried. It got worse overnight.",cholecystitis,Gastrointestinal
"I have hip pain, arm pain, headache and muscle pain. This has lasted about a week.",fibromyalgia,Musculoskeletal/Other
"I have wheezing, nasal congestion, flu-like syndrome and vomiting. It comes and goes.",common cold,Respiratory
"Complaining of burning abdominal pain, upper abdominal pain, symptoms of the kidneys and regurgitation.1.",cholecystitis,Gastrointestinal
"The symptoms are sharp abdominal pain, regurgitation.1, upper abdominal pain, lower body pain, back pain and weakness. It got worse overnight.",gallstone,Gastrointestinal
"I came in because of neck swelling, pain in gums, skin irritation, restlessness, jaw swelling, skin swelling and ear pain.",dental caries,Musculoskeletal/Other
"I've been experiencing sharp chest pain, nausea, sweating, heartburn and shortness of breath and I'm worried.",heart attack,Musculoskeletal/Other
"Patient reports upper abdominal pain, weakness, unusual color or odor to urine, peripheral edema and abnormal appearing skin. This has lasted about a week.",liver disease,Gastrointestinal
"I feel unwell, with vomiting, fever, cough and nausea. It started two days ago.",meningitis,Febrile/Systemic
"My main problems are fainting, melena, sharp abdominal pain, vomiting, drug abuse, rectal bleeding, changes in stool appearance, weakness and blood in stool. It began this morning.",gastrointestinal hemorrhage,Gastrointestinal
"Patient reports itching of skin, skin dryness, peeling, scaliness, or roughness, skin irritation, irregular appearing scalp, skin rash, itchy scalp, skin growth and skin swelling. It comes and goes.",fungal infection of the hair,Dermatological
"My main problems are fever, chills, sharp abdominal pain and vomiting. It began this morning.",sepsis,Febrile/Systemic
"My main problems are frontal headache, cough, nasal congestion, headache and hoarse voice. It started two days ago.",nasal polyp,Respiratory
"I have double vision, itchiness of eye, blindness, foreign body sensation in eye and lacrimation. This has lasted about a week.",macular degeneration,Musculoskeletal/Other
"I feel unwell, with skin dryness, peeling, scaliness, or roughness, warts, skin swelling, irregular appearing scalp, skin lesion, itching of skin and skin rash. It comes and goes.",skin pigmentation disorder,Dermatological
"Lately I keep having irregular appearing scalp, skin lesion, skin irritation, cough, acne or pimples, abnormal appearing skin and skin dryness, peeling, scaliness, or roughness. It began this morning.",eczema,Dermatological
"For the past few days I've had involuntary urination, blood in urine, frequent urination, intermenstrual bleeding, suprapubic pain and vaginal pain.",pelvic organ prolapse,Musculoskeletal/Other
"For the past few days I've had skin growth, acne or pimples, symptoms of the face, irregular appearing scalp, itching of skin, itchiness of eye and too little hair.",seborrheic dermatitis,Dermatological
"I've been experiencing fatigue, apnea, sharp chest pain, difficulty breathing, shortness of breath, palpitations and hemoptysis and I'm worried. It started two days ago.",pulmonary hypertension,Respiratory
"Chief complaint: frequent urination, sharp abdominal pain, painful urination, suprapubic pain and abnormal involuntary movements. It comes and goes.",pyelonephritis,Musculoskeletal/Other
"I came in because of decreased appetite, suprapubic pain, feeling ill and difficulty breathing. This has lasted about a week.",sepsis,Febrile/Systemic
"Lately I keep having decreased appetite, fever, difficulty breathing, shortness of breath, suprapubic pain, sharp abdominal pain, cough and vomiting. This has lasted about a week.",sepsis,Febrile/Systemic
"Chief complaint: pulling at ears, nasal congestion, coryza, abnormal breathing sounds, cough, vomiting and hoarse voice. It started two days ago.",croup,Respiratory
"For the past few days I've had skin lesion, itchy scalp, skin rash, skin dryness, peeling, scaliness, or roughness, abnormal appearing skin, irregular appearing scalp and sharp abdominal pain.",fungal infection of the skin,Dermatological
"Chief complaint: disturbance of memory, knee stiffness or tightness and problems with movement. It got worse overnight.",vitamin b12 deficiency,Musculoskeletal/Other
"The symptoms are flu-like syndrome, headache, chills, sharp abdominal pain, vomiting, fluid retention, blood in stool and diarrhea. It began this morning.",infectious gastroenteritis,Febrile/Systemic
"I feel unwell, with abnormal involuntary movements, dizziness, seizures, depressive or psychotic symptoms, nausea, problems with movement, sleepiness and fainting. This has lasted about a week.",hypoglycemia,Musculoskeletal/Other
"Patient reports cough, difficulty breathing, shortness of breath, decreased appetite, fever, weakness and suprapubic pain. It began this morning.",sepsis,Febrile/Systemic
"Patient reports sharp abdominal pain, burning abdominal pain, rectal bleeding and blood in stool. This has lasted about a week.",rectal disorder,Gastrointestinal
"For the past few days I've had cough, sore throat, coryza, itchiness of eye, headache, lacrimation and allergic reaction.",seasonal allergies (hay fever),Febrile/Systemic
"I have diarrhea, vomiting, flu-like syndrome, nausea and sharp abdominal pain.",infectious gastroenteritis,Febrile/Systemic
"Patient reports coryza, itchiness of eye, cough, ear pain, lacrimation and headache. It began this morning.",seasonal allergies (hay fever),Febrile/Systemic
"Chief complaint: anxiety and nervousness, low self-esteem, fears and phobias and insomnia.",personality disorder,Musculoskeletal/Other
"Patient reports cough, lacrimation, itchiness of eye, headache, nasal congestion and coryza.",seasonal allergies (hay fever),Febrile/Systemic
"I feel unwell, with leg weakness, paresthesia, problems with movement, arm pain, leg pain, foot or toe pain and loss of sensation.",peripheral nerve disorder,Musculoskeletal/Other
"I have sharp abdominal pain, diarrhea, abnormal involuntary movements and stomach bloating. It started two days ago.",alcoholic liver disease,Gastrointestinal
"I've been experiencing shortness of breath, weakness, sore throat, chills, vomiting and coryza and I'm worried.",pneumonia,Respiratory
"The symptoms are dizziness, diarrhea, coryza, vomiting blood, changes in stool appearance, sharp abdominal pain, weakness and melena. It started two days ago.",gastrointestinal hemorrhage,Gastrointestinal
"The symptoms are fever, shortness of breath, nasal congestion, abnormal breathing sounds and pulling at ears. It got worse overnight.",croup,Respiratory
"Since yesterday I've noticed skin lesion, allergic reaction, acne or pimples, skin dryness, peeling, scaliness, or roughness, skin rash, skin irritation and warts. It started two days ago.",eczema,Dermatological
"I have skin dryness, peeling, scaliness, or roughness, abnormal appearing skin, acne or pimples, long menstrual periods, skin swelling and skin moles.",acne,Dermatological
"Complaining of ear pain, lacrimation and allergic reaction. It got worse overnight.",seasonal allergies (hay fever),Febrile/Systemic
"Since yesterday I've noticed rectal bleeding, heartburn, melena, pain of the anus and lower body pain. It started two days ago.",hemorrhoids,Gastrointestinal
"Patient reports coryza, nasal congestion, wheezing, chest tightness, sharp chest pain, sore throat and cough.",chronic obstructive pulmonary disease (copd),Respiratory
"Since yesterday I've noticed acne or pimples, skin growth, too little hair, itching of skin, symptoms of the face, skin dryness, peeling, scaliness, or roughness, dry or flaky scalp and low back pain.",seborrheic dermatitis,Dermatological
"I feel unwell, with sharp chest pain, nasal congestion, congestion in chest, wheezing, coughing up sputum and difficulty breathing. It got worse overnight.",acute bronchitis,Respiratory
"Since yesterday I've noticed diarrhea, headache, nausea, flu-like syndrome, decreased appetite, blood in stool and chills. It comes and goes.",infectious gastroenteritis,Febrile/Systemic
"Since yesterday I've noticed vomiting, sharp chest pain, upper abdominal pain, vomiting blood and heartburn.",gastroduodenal ulcer,Gastrointestinal
"The symptoms are sneezing, ear pain, frontal headache and headache.",seasonal allergies (hay fever),Febrile/Systemic
"I came in because of arm pain, hip pain, neck pain, back pain and shoulder pain. It began this morning.",spondylosis,Musculoskeletal/Other
"Since yesterday I've noticed pain of the anus, vomiting, diarrhea, rectal bleeding, blood in stool, burning abdominal pain, nausea and sharp abdominal pain. It comes and goes.",crohn disease,Gastrointestinal
"Since yesterday I've noticed cough, skin dryness, peeling, scaliness, or roughness and abnormal appearing skin. It began this morning.",eczema,Dermatological
"Lately I keep having vomiting, sharp chest pain, nausea, back pain, hemoptysis and diarrhea. It started two days ago.",acute pancreatitis,Gastrointestinal
"I feel unwell, with lower abdominal pain, upper abdominal pain, nausea, blood in stool, melena and diarrhea. This has lasted about a week.",diverticulosis,Gastrointestinal
"The symptoms are problems with movement, loss of sensation, ache all over, leg pain, hand or finger pain, low back pain and paresthesia. It began this morning.",complex regional pain syndrome,Musculoskeletal/Other
"For the past few days I've had symptoms of eye, swollen or red tonsils, sore throat, abnormal breathing sounds and plugged feeling in ear. It began this morning.",eustachian tube dysfunction (ear disorder),Musculoskeletal/Other
"Chief complaint: nasal congestion, fever, headache and skin rash. It got worse overnight.",mononucleosis,Febrile/Systemic
"Chief complaint: sore throat, skin rash, cough, headache, nasal congestion and swollen lymph nodes.",mononucleosis,Febrile/Systemic
"The symptoms are decreased appetite, fluid retention, vomiting and diarrhea. It started two days ago.",infectious gastroenteritis,Febrile/Systemic
"For the past few days I've had blood in urine, lower abdominal pain, sharp abdominal pain, retention of urine and side pain.",kidney stone,Musculoskeletal/Other
"Lately I keep having elbow swelling, joint pain, arm pain, wrist pain and loss of sensation.",injury to the arm,Musculoskeletal/Other
"I came in because of difficulty breathing, cough, sharp abdominal pain, feeling ill, weakness and shortness of breath.",sepsis,Febrile/Systemic
"The symptoms are coryza, difficulty breathing, hostile behavior, wheezing, vomiting and fever.",pneumonia,Respiratory
"I've been experiencing problems with movement, leg swelling, irregular appearing nails, leg pain, ankle pain, skin dryness, peeling, scaliness, or roughness and knee stiffness or tightness and I'm worried. It comes and goes.",injury to the leg,Musculoskeletal/Other
"My main problems are stomach bloating, decreased appetite and groin mass. This has lasted about a week.",liver cancer,Gastrointestinal
"I feel unwell, with skin swelling, skin lesion, skin irritation, symptoms of the face, itching of skin and abnormal appearing skin.",actinic keratosis,Dermatological
"I came in because of rectal bleeding, decreased appetite, blood in stool, fluid retention, vomiting and headache. It started two days ago.",noninfectious gastroenteritis,Febrile/Systemic
"The symptoms are irregular appearing scalp, symptoms of the face, abnormal appearing skin, itching of skin, acne or pimples, skin rash, skin growth and skin dryness, peeling, scaliness, or roughness.",seborrheic dermatitis,Dermatological
"I have lower abdominal pain, swollen abdomen, sharp abdominal pain, symptoms of the scrotum and testes, pain in testicles, mass in scrotum and groin mass. This has lasted about a week.",inguinal hernia,Gastrointestinal
"Lately I keep having antisocial behavior, low self-esteem, restlessness and fainting. This has lasted about a week.",oppositional disorder,Musculoskeletal/Other
"Chief complaint: coryza, facial pain, coughing up sputum and sinus congestion.",acute sinusitis,Respiratory
"Chief complaint: cough, neck stiffness or tightness, fever, nausea, headache, vomiting, neck pain and leg pain.",meningitis,Febrile/Systemic
"Complaining of cough, vomiting, fever, sharp chest pain, weakness and nasal congestion. It started two days ago.",pneumonia,Respiratory
"Since yesterday I've noticed decreased appetite, eye redness, diarrhea, fluid retention, nausea, blood in stool, rectal bleeding, burning abdominal pain and headache.",noninfectious gastroenteritis,Febrile/Systemic
"Lately I keep having vomiting, wheezing, coryza, sore throat, chest tightness and sharp chest pain.",acute bronchospasm,Respiratory
"For the past few days I've had shortness of breath, difficulty breathing, feeling ill, sharp abdominal pain and vomiting. It started two days ago.",sepsis,Febrile/Systemic
"I've been experiencing eye burns or stings, spots or clouds in vision, eye redness, itchiness of eye, pain in eye, symptoms of eye and white discharge from eye and I'm worried. It comes and goes.",blepharitis,Musculoskeletal/Other
"I feel unwell, with vomiting, retention of urine, blood in urine, back pain, side pain, low back pain, frequent urination and suprapubic pain. It comes and goes.",kidney stone,Musculoskeletal/Other
"Chief complaint: nausea, headache, cough, ache all over, vomiting and neck pain. It started two days ago.",meningitis,Febrile/Systemic
"I came in because of fever, nasal congestion, shortness of breath, sore throat, chills, weakness and sharp chest pain.",pneumonia,Respiratory
"My main problems are skin dryness, peeling, scaliness, or roughness, skin growth and skin swelling. It comes and goes.",actinic keratosis,Dermatological
"The symptoms are flu-like syndrome, decreased appetite, fluid retention, nausea, fever and headache.",infectious gastroenteritis,Febrile/Systemic
"I feel unwell, with abnormal appearing skin, neck pain, depressive or psychotic symptoms, fatigue, fever and hip pain. It comes and goes.",lyme disease,Febrile/Systemic
"I've been experiencing sharp chest pain, weakness, wheezing, sore throat, fever, shortness of breath and chills and I'm worried.",pneumonia,Respiratory
"I came in because of skin dryness, peeling, scaliness, or roughness, skin growth, irregular appearing scalp, abnormal appearing skin, joint pain, skin swelling, skin moles and skin rash.",psoriasis,Dermatological
"My main problems are excessive anger, excessive appetite, abusing alcohol and anxiety and nervousness. This has lasted about a week.",social phobia,Musculoskeletal/Other
"I feel unwell, with wheezing, coughing up sputum, shortness of breath and sore throat. This has lasted about a week.",chronic obstructive pulmonary disease (copd),Respiratory
"Patient reports skin swelling, lip swelling, allergic reaction, skin irritation, skin rash, skin moles, skin dryness, peeling, scaliness, or roughness, abnormal appearing skin and skin lesion. This has lasted about a week.",contact dermatitis,Dermatological
"Complaining of shortness of breath, decreased appetite, sharp abdominal pain and stomach bloating.",esophageal cancer,Gastrointestinal
"I feel unwell, with sharp abdominal pain, decreased appetite, flu-like syndrome and vomiting. This has lasted about a week.",infectious gastroenteritis,Febrile/Systemic
"I've been experiencing low back pain, joint pain, hip stiffness or tightness, hip pain, diminished vision and problems with movement and I'm worried. It got worse overnight.",arthritis of the hip,Musculoskeletal/Other
"I came in because of spots or clouds in vision, swollen eye, itchiness of eye, eye burns or stings, foreign body sensation in eye, lacrimation and diminished vision.",cornea infection,Musculoskeletal/Other
"I came in because of increased heart rate, sharp chest pain, heartburn, nausea, burning chest pain, sweating and irregular heartbeat. It started two days ago.",heart attack,Musculoskeletal/Other
"Complaining of ear pain, coryza and frontal headache.",seasonal allergies (hay fever),Febrile/Systemic
"Complaining of peripheral edema, symptoms of eye, abnormal involuntary movements, focal weakness, headache, diminished vision and loss of sensation. It got worse overnight.",bell palsy,Musculoskeletal/Other
"My main problems are jaw swelling, neck swelling, lip swelling, skin swelling, facial pain, gum pain and pain in gums.",tooth abscess,Dermatological
"I've been experiencing hoarse voice, cough, sharp chest pain, chest tightness, nausea and sharp abdominal pain and I'm worried.",gastroesophageal reflux disease (gerd),Gastrointestinal
"Patient reports elbow pain, joint pain, bones are painful, loss of sensation, arm stiffness or tightness, hand or finger pain and wrist swelling.",injury to the arm,Musculoskeletal/Other
"I feel unwell, with symptoms of the scrotum and testes, ache all over, sharp abdominal pain, irregular belly button, upper abdominal pain and swollen abdomen. It got worse overnight.",abdominal hernia,Gastrointestinal
"Since yesterday I've noticed cough, side pain, sharp abdominal pain and back pain. It started two days ago.",pleural effusion,Respiratory
"Patient reports painful urination, back pain, impotence, chills and retention of urine. This has lasted about a week.",prostatitis,Musculoskeletal/Other
"My main problems are itching of skin, skin swelling, acne or pimples, skin rash, itchy scalp, skin lesion and too little hair. It comes and goes.",fungal infection of the skin,Dermatological
"For the past few days I've had bones are painful, leg pain, knee swelling, leg weakness and hip pain. This has lasted about a week.",fracture of the patella,Musculoskeletal/Other
"For the past few days I've had shortness of breath, heartburn, cough and difficulty in swallowing. It got worse overnight.",esophagitis,Gastrointestinal
"My main problems are changes in stool appearance, sharp abdominal pain, retention of urine, rectal bleeding and blood in stool. It comes and goes.",chronic constipation,Gastrointestinal
"For the past few days I've had neck swelling, gum pain, peripheral edema, skin swelling, mouth pain, pain in gums, lip swelling and facial pain. It began this morning.",tooth abscess,Dermatological
"Since yesterday I've noticed lower body pain, sharp chest pain, upper abdominal pain, sharp abdominal pain, back pain and hemoptysis. It got worse overnight.",acute pancreatitis,Gastrointestinal
"I've been experiencing weight gain, sleepiness, difficulty in swallowing, apnea, insomnia and abnormal involuntary movements and I'm worried.",obstructive sleep apnea (osa),Respiratory
"Complaining of weakness, nasal congestion, cough and coryza. It comes and goes.",pneumonia,Respiratory
"Patient reports heartburn, rectal bleeding, changes in stool appearance, blood in stool, sharp abdominal pain and constipation.",hemorrhoids,Gastrointestinal
"I came in because of itchiness of eye, ear pain, lacrimation and coryza.",seasonal allergies (hay fever),Febrile/Systemic
"The symptoms are sharp abdominal pain, changes in stool appearance, pain of the anus, lower abdominal pain and retention of urine. It got worse overnight.",chronic constipation,Gastrointestinal
"For the past few days I've had side pain, leg pain, chest tightness, hemoptysis, sweating and weakness.",pulmonary embolism,Respiratory
"Since yesterday I've noticed irregular appearing scalp, skin rash, skin dryness, peeling, scaliness, or roughness, itchy scalp, skin swelling and acne or pimples.",fungal infection of the hair,Dermatological
"Complaining of insomnia, neck stiffness or tightness and headache. It started two days ago.",pain disorder affecting the neck,Musculoskeletal/Other
"Complaining of stomach bloating, upper abdominal pain, vomiting, fever, diarrhea and decreased appetite. It began this morning.",appendicitis,Gastrointestinal
"I feel unwell, with coryza, cough, vomiting, fever, nasal congestion, flu-like syndrome and wheezing. This has lasted about a week.",common cold,Respiratory
"My main problems are irregular appearing scalp, skin growth, skin swelling, abnormal appearing skin, skin moles, lip swelling and skin lesion.",skin cancer,Dermatological
"The symptoms are chills, vomiting, flu-like syndrome, burning abdominal pain, sharp abdominal pain, nausea, diarrhea and decreased appetite. It comes and goes.",infectious gastroenteritis,Febrile/Systemic
"Patient reports insomnia, abnormal involuntary movements, shortness of breath, anxiety and nervousness, depression and irregular heartbeat.",panic disorder,Musculoskeletal/Other
"I have obsessions and compulsions, depression, low self-esteem, lack of growth, depressive or psychotic symptoms and feeling ill. This has lasted about a week.",obsessive compulsive disorder (ocd),Musculoskeletal/Other
"For the past few days I've had nausea, changes in stool appearance, melena, dizziness, vomiting blood and rectal bleeding. It comes and goes.",gastrointestinal hemorrhage,Gastrointestinal
"For the past few days I've had redness in ear, bleeding from ear, fluid in ear, pulling at ears, pus draining from ear, plugged feeling in ear, ringing in ear and ear pain.",ear drum damage,Musculoskeletal/Other
"Complaining of depression, nausea, rectal bleeding, sharp abdominal pain, vomiting and jaundice. It began this morning.",hepatitis due to a toxin,Gastrointestinal
"The symptoms are sharp abdominal pain, decreased appetite, headache, diarrhea, rectal bleeding and vomiting. It started two days ago.",noninfectious gastroenteritis,Febrile/Systemic
"Lately I keep having problems with movement, hip pain, paresthesia and neck pain.",spinal stenosis,Musculoskeletal/Other
"I feel unwell, with problems with movement, sweating, dizziness, nausea, sleepiness, decreased appetite, fainting and feeling ill. It got worse overnight.",hypoglycemia,Musculoskeletal/Other
"Chief complaint: cough, shortness of breath, feeling ill, decreased appetite and vomiting.",sepsis,Febrile/Systemic
"Chief complaint: hand or finger lump or mass, hand or finger pain, foot or toe pain, abnormal appearing skin and hand or finger swelling.",paronychia,Musculoskeletal/Other
"My main problems are anxiety and nervousness, chest tightness, dizziness, shortness of breath, breathing fast, palpitations and depressive or psychotic symptoms.",panic disorder,Musculoskeletal/Other
"I came in because of irregular heartbeat, double vision, abnormal involuntary movements and fatigue.",toxic multinodular goiter,Musculoskeletal/Other
"Chief complaint: peripheral edema, hand or finger pain, abnormal appearing skin and skin rash. It began this morning.",pyogenic skin infection,Dermatological
"Lately I keep having vomiting, wheezing, pulling at ears, irritable infant and shortness of breath. It got worse overnight.",acute bronchiolitis,Respiratory
"My main problems are irregular appearing scalp, skin irritation, abnormal appearing skin, skin lesion and itching of skin. It comes and goes.",actinic keratosis,Dermatological
"I feel unwell, with decreased appetite, fever, vomiting and nasal congestion.",acute bronchiolitis,Respiratory
"Since yesterday I've noticed decreased appetite, feeling ill, difficulty breathing, sharp abdominal pain and weakness.",sepsis,Febrile/Systemic
"Chief complaint: vomiting blood, changes in stool appearance, sharp abdominal pain, sharp chest pain, depression, nausea and upper abdominal pain. It started two days ago.",gastroduodenal ulcer,Gastrointestinal
"I've been experiencing neck stiffness or tightness, headache, nausea, fever and vaginal discharge and I'm worried. It got worse overnight.",meningitis,Febrile/Systemic
"Lately I keep having chest tightness, nasal congestion and fever. It began this morning.",asthma,Respiratory
"I feel unwell, with chills, coryza, ear pain, flu-like syndrome, sore throat, vomiting and fever.",common cold,Respiratory
"The symptoms are weakness, difficulty breathing, fever, shortness of breath and suprapubic pain.",sepsis,Febrile/Systemic
"The symptoms are difficulty in swallowing, diarrhea, sharp abdominal pain and burning abdominal pain. It got worse overnight.",stomach cancer,Gastrointestinal
"Patient reports regurgitation.1, sharp abdominal pain, abnormal appearing skin, nausea, rectal bleeding, diarrhea and regurgitation.",crohn disease,Gastrointestinal
"The symptoms are headache, chills, blood in stool, decreased appetite, diarrhea, vomiting, rectal bleeding and fluid retention. This has lasted about a week.",noninfectious gastroenteritis,Febrile/Systemic
"I feel unwell, with back pain, sharp abdominal pain, uterine contractions, pelvic pain, intermenstrual bleeding, problems during pregnancy and cramps and spasms. It comes and goes.",threatened pregnancy,Musculoskeletal/Other
"Patient reports back pain, heartburn, upper abdominal pain, regurgitation, sharp chest pain, regurgitation.1 and burning abdominal pain. This has lasted about a week.",hiatal hernia,Gastrointestinal
"For the past few days I've had arm pain, arm weakness, leg pain, shoulder pain, neck pain, back pain, low back pain and leg weakness. It started two days ago.",herniated disk,Gastrointestinal
"Complaining of wheezing, cough, sore throat, nasal congestion, shortness of breath, coughing up sputum and headache. It started two days ago.",acute bronchitis,Respiratory
"The symptoms are foot or toe pain, skin on leg or foot looks infected, hand or finger pain and abnormal appearing skin. It began this morning.",paronychia,Musculoskeletal/Other
"Complaining of vomiting, dizziness, flu-like syndrome, burning abdominal pain, chills, decreased appetite, diarrhea and fever.",infectious gastroenteritis,Febrile/Systemic
"The symptoms are irregular heartbeat, lower body pain, shortness of breath, hot flashes and sweating.",angina,Musculoskeletal/Other
"Since yesterday I've noticed flu-like syndrome, ear pain, nasal congestion, vomiting, chills and sore throat. It began this morning.",common cold,Respiratory
"Since yesterday I've noticed fever, nausea, fluid retention, rectal bleeding and headache. It got worse overnight.",noninfectious gastroenteritis,Febrile/Systemic
"My main problems are skin irritation, irregular appearing scalp, skin moles, skin growth and skin rash.",seborrheic keratosis,Dermatological
"My main problems are vomiting, decreased appetite, blood in stool, fever, burning abdominal pain, shoulder pain, chills and rectal bleeding. It comes and goes.",noninfectious gastroenteritis,Febrile/Systemic
"Lately I keep having skin swelling, skin moles and skin growth. It comes and goes.",skin disorder,Dermatological
"I came in because of lacrimation, frontal headache, ear pain and nasal congestion.",seasonal allergies (hay fever),Febrile/Systemic
"I've been experiencing chills, feeling ill, fever, vomiting and suprapubic pain and I'm worried. It comes and goes.",sepsis,Febrile/Systemic
"The symptoms are skin rash, irregular appearing scalp, skin moles, skin growth and warts. It comes and goes.",seborrheic keratosis,Dermatological
"I came in because of headache, depressive or psychotic symptoms and fever. This has lasted about a week.",lyme disease,Febrile/Systemic
"Chief complaint: infertility, lower abdominal pain, frequent menstruation, intermenstrual bleeding and pelvic pain. It got worse overnight.",idiopathic irregular menstrual cycle,Musculoskeletal/Other
"Chief complaint: regurgitation, regurgitation.1, difficulty in swallowing, upper abdominal pain, nausea, heartburn and sharp chest pain. It started two days ago.",hiatal hernia,Gastrointestinal
"I came in because of wrist pain, loss of sensation, hand or finger swelling, hand or finger pain, joint pain, irritable infant, bones are painful and wrist swelling.",injury to the arm,Musculoskeletal/Other
"Complaining of fever, paresthesia and shortness of breath. It began this morning.",pulmonary eosinophilia,Respiratory
"I have weakness, cough, sharp abdominal pain, suprapubic pain and feeling ill. It began this morning.",sepsis,Febrile/Systemic
"For the past few days I've had jaw swelling, toothache, headache, mouth ulcer, facial pain and peripheral edema. It began this morning.",tooth disorder,Musculoskeletal/Other
"Lately I keep having skin rash, skin moles, abnormal appearing skin, acne or pimples, skin swelling, skin lesion and irregular appearing scalp. It got worse overnight.",dermatitis due to sun exposure,Dermatological
"I've been experiencing coryza, sore throat, shortness of breath and cough and I'm worried. This has lasted about a week.",croup,Respiratory
"Patient reports problems during pregnancy, itching of skin and foot or toe swelling. It got worse overnight.",scabies,Dermatological
"I have weakness, fever, wheezing and vomiting. It started two days ago.",pneumonia,Respiratory
"The symptoms are itching of skin, irregular appearing scalp, cough, skin rash and abnormal appearing skin. It got worse overnight.",eczema,Dermatological
"Patient reports hip pain, fever, headache and fatigue.",lyme disease,Febrile/Systemic
"Complaining of nausea, sharp abdominal pain, rectal bleeding, fever and blood in stool.",noninfectious gastroenteritis,Febrile/Systemic
"I've been experiencing irritable infant, vomiting, cough, skin rash, blood in stool, diarrhea, pulling at ears and temper problems and I'm worried. It got worse overnight.",diaper rash,Dermatological
"My main problems are irregular appearing scalp, skin swelling and abnormal appearing skin. It started two days ago.",skin disorder,Dermatological
"I came in because of diarrhea, constipation, upper abdominal pain, sharp abdominal pain, vomiting, blood in stool, side pain, chills and burning abdominal pain. This has lasted about a week.",diverticulitis,Gastrointestinal
"The symptoms are fluid retention, nausea, blood in stool, burning abdominal pain, diarrhea, vomiting and headache.",infectious gastroenteritis,Febrile/Systemic
"Complaining of irritable infant, pulling at ears, shortness of breath, decreased appetite, fever and vomiting. It began this morning.",acute bronchiolitis,Respiratory
"Chief complaint: skin moles, skin swelling, itching of skin, allergic reaction and skin rash. It comes and goes.",contact dermatitis,Dermatological
"Complaining of depression, depressive or psychotic symptoms, hysterical behavior, fears and phobias and delusions or hallucinations.",schizophrenia,Musculoskeletal/Other
"I've been experiencing skin moles, skin lesion, acne or pimples, abnormal appearing skin and warts and I'm worried. It started two days ago.",skin polyp,Dermatological
"Lately I keep having vomiting, lower abdominal pain, pain of the anus, constipation, sharp abdominal pain and blood in stool. This has lasted about a week.",chronic constipation,Gastrointestinal
"My main problems are swollen lymph nodes, sore throat, feeling ill, fever, skin rash and nasal congestion. It started two days ago.",mononucleosis,Febrile/Systemic
"I feel unwell, with headache, arm pain, neck cramps or spasms, throat swelling and abnormal involuntary movements. It began this morning.",torticollis,Musculoskeletal/Other
"I came in because of constipation, sharp abdominal pain, upper abdominal pain, nausea, burning abdominal pain, chills, blood in stool and vomiting.",diverticulitis,Gastrointestinal
"For the past few days I've had acne or pimples, skin growth, skin lesion and lymphedema. This has lasted about a week.",rosacea,Dermatological
"Lately I keep having shortness of breath, coryza, wheezing, chest tightness and congestion in chest. It comes and goes.",chronic obstructive pulmonary disease (copd),Respiratory
"My main problems are pulling at ears, skin rash, nasal congestion, blood in stool and vomiting. It got worse overnight.",diaper rash,Dermatological
"Patient reports dry or flaky scalp, itching of skin and skin lesion. This has lasted about a week.",seborrheic dermatitis,Dermatological
"I feel unwell, with symptoms of the face, skin lesion, dry or flaky scalp, abnormal appearing skin, skin rash, too little hair, skin dryness, peeling, scaliness, or roughness and acne or pimples. It began this morning.",seborrheic dermatitis,Dermatological
"I came in because of weakness, regurgitation, heavy menstrual flow, regurgitation.1, intermenstrual bleeding and blood in stool.",iron deficiency anemia,Musculoskeletal/Other
"The symptoms are ear pain, flu-like syndrome, chills, nasal congestion and headache.",common cold,Respiratory
"I've been experiencing acne or pimples, skin lesion, skin moles, abnormal appearing skin, skin swelling and symptoms of eye and I'm worried.",rosacea,Dermatological
"Chief complaint: skin growth, lower abdominal pain, pain in testicles, pain of the anus, swelling of scrotum, mass in scrotum and infertility. It comes and goes.",varicocele of the testicles,Musculoskeletal/Other
"Since yesterday I've noticed fever, cough and vomiting.",acute bronchospasm,Respiratory
"For the past few days I've had nausea, flu-like syndrome, diarrhea, decreased appetite, headache, fluid retention, chills and vomiting.",infectious gastroenteritis,Febrile/Systemic
"Patient reports warts, lip swelling, skin swelling, skin growth and acne or pimples. This has lasted about a week.",viral warts,Dermatological
"Patient reports back pain, abusing alcohol, nausea, side pain and hemoptysis.",acute pancreatitis,Gastrointestinal
"Patient reports vomiting, sore throat, coryza and plugged feeling in ear. It got worse overnight.",otitis media,Musculoskeletal/Other
"Chief complaint: insomnia, recent pregnancy, fatigue, leg swelling, weakness and shortness of breath.",hypertensive heart disease,Musculoskeletal/Other
"I came in because of weakness, heartburn, side pain, nausea, diarrhea, upper abdominal pain, peripheral edema and jaundice. It comes and goes.",liver disease,Gastrointestinal
"I feel unwell, with leg pain, chest tightness, leg swelling, cough, shortness of breath, difficulty breathing, sweating and hemoptysis. This has lasted about a week.",pulmonary embolism,Respiratory
"Patient reports itching of skin, skin growth, skin lesion, symptoms of the face, skin swelling, skin rash and skin moles. It comes and goes.",actinic keratosis,Dermatological
"Since yesterday I've noticed vomiting blood, upper abdominal pain, melena, weakness, dizziness and rectal bleeding. It got worse overnight.",gastrointestinal hemorrhage,Gastrointestinal
"I have pulling at ears, vomiting, diarrhea, diaper rash, irritable infant, nasal congestion, skin rash and temper problems.",diaper rash,Dermatological
"Chief complaint: pulling at ears, difficulty breathing, irritable infant, wheezing and nasal congestion.",acute bronchiolitis,Respiratory
"I have chills, sharp abdominal pain, headache, fluid retention, decreased appetite and burning abdominal pain.",noninfectious gastroenteritis,Febrile/Systemic
"I have skin swelling, pain in testicles, pain of the anus, abnormal appearing skin and swelling of scrotum.",perirectal infection,Gastrointestinal
"I've been experiencing coryza, cough, chills, vomiting, difficulty breathing, wheezing and sore throat and I'm worried.",pneumonia,Respiratory
"My main problems are weakness, loss of sensation, focal weakness, depressive or psychotic symptoms and paresthesia. It started two days ago.",transient ischemic attack,Musculoskeletal/Other
"Lately I keep having diarrhea, vomiting, blood in stool, cough, skin rash, diaper rash, pulling at ears and temper problems. It comes and goes.",diaper rash,Dermatological
"I came in because of shoulder stiffness or tightness, elbow swelling, wrist stiffness or tightness, arm pain and wrist swelling. It got worse overnight.",fracture of the arm,Musculoskeletal/Other
"Patient reports heartburn, upper abdominal pain, cough, nausea, sharp abdominal pain and chest tightness. It comes and goes.",esophagitis,Gastrointestinal
"For the past few days I've had blood in stool, fever, headache, flu-like syndrome, diarrhea and vomiting. It began this morning.",infectious gastroenteritis,Febrile/Systemic
"Lately I keep having lower body pain, low back pain, back stiffness or tightness, hip pain and leg pain. It started two days ago.",chronic back pain,Musculoskeletal/Other
"Patient reports irregular appearing scalp, skin dryness, peeling, scaliness, or roughness, abnormal appearing skin and warts.",skin pigmentation disorder,Dermatological
"Patient reports sharp abdominal pain, unusual color or odor to urine, jaundice, diarrhea, weakness and heartburn. It comes and goes.",liver disease,Gastrointestinal
"For the past few days I've had ringing in ear, nasal congestion, fluid in ear, pulling at ears, ear pain, pus draining from ear and cough. It comes and goes.",ear drum damage,Musculoskeletal/Other
"Chief complaint: irregular appearing scalp, abnormal appearing skin, skin swelling, skin rash, skin lesion, lack of growth, acne or pimples and skin dryness, peeling, scaliness, or roughness. This has lasted about a week.",dermatitis due to sun exposure,Dermatological
"I've been experiencing problems with movement, coughing up sputum, congestion in chest, sore throat, sharp chest pain and cough and I'm worried.",chronic obstructive pulmonary disease (copd),Respiratory
"Since yesterday I've noticed skin irritation, skin rash, irregular appearing scalp, skin swelling and itching of skin.",actinic keratosis,Dermatological
"Since yesterday I've noticed pus draining from ear, ear pain, fluid in ear, redness in ear, nasal congestion, cough and plugged feeling in ear. It comes and goes.",ear drum damage,Musculoskeletal/Other
"Lately I keep having lower abdominal pain, ache all over, swelling of scrotum, sharp abdominal pain, groin pain and groin mass. It began this morning.",inguinal hernia,Gastrointestinal
"I came in because of irritable infant, blood in stool, fever, temper problems and nasal congestion.",diaper rash,Dermatological
"Complaining of side pain, weakness, shortness of breath, unusual color or odor to urine, sharp abdominal pain, peripheral edema and blood in stool. It began this morning.",liver disease,Gastrointestinal
"Chief complaint: weakness, blood in stool, vomiting blood, dizziness, nausea, sharp abdominal pain and rectal bleeding. It began this morning.",gastrointestinal hemorrhage,Gastrointestinal
"Since yesterday I've noticed retention of urine, constipation, burning abdominal pain and changes in stool appearance. It got worse overnight.",chronic constipation,Gastrointestinal
"Lately I keep having lower body pain, hemoptysis, diarrhea, back pain, arm pain, abusing alcohol, nausea and sharp chest pain.",acute pancreatitis,Gastrointestinal
"The symptoms are side pain, hip pain, rib pain, bones are painful, ache all over, sharp chest pain and hurts to breath. It began this morning.",fracture of the rib,Musculoskeletal/Other
"My main problems are sweating, hemoptysis, irregular heartbeat, dizziness, involuntary urination and palpitations. It started two days ago.",graves disease,Musculoskeletal/Other
"I came in because of nasal congestion, lacrimation, frontal headache, ear pain and headache.",seasonal allergies (hay fever),Febrile/Systemic
"For the past few days I've had vomiting, burning abdominal pain, side pain, sharp abdominal pain and sharp chest pain. It comes and goes.",acute pancreatitis,Gastrointestinal
"Lately I keep having sharp abdominal pain, sharp chest pain, upper abdominal pain and shortness of breath. It began this morning.",esophagitis,Gastrointestinal
"I came in because of acne or pimples, skin swelling and too little hair.",alopecia,Dermatological
"Lately I keep having sharp chest pain, cough, decreased heart rate, nasal congestion, chest tightness, leg swelling and weakness. It began this morning.",pulmonary congestion,Respiratory
"My main problems are allergic reaction, nasal congestion, sore throat and headache. It started two days ago.",seasonal allergies (hay fever),Febrile/Systemic
"Complaining of diarrhea, pain of the anus, rectal bleeding, constipation, melena and heartburn. It got worse overnight.",rectal disorder,Gastrointestinal
"Complaining of fever, irregular heartbeat, nausea, headache, neck pain and cough. It comes and goes.",meningitis,Febrile/Systemic
"I've been experiencing mouth ulcer, abnormal appearing skin, skin swelling, skin rash and painful urination and I'm worried.",impetigo,Dermatological
"For the past few days I've had sore throat, toothache, skin growth, shortness of breath, throat swelling and abnormal appearing skin.",cellulitis or abscess of mouth,Dermatological
"I feel unwell, with back pain, nausea, sharp abdominal pain, sharp chest pain, heartburn, regurgitation.1, burning abdominal pain and vomiting. This has lasted about a week.",gallstone,Gastrointestinal
"For the past few days I've had sore throat, wheezing, cough and chest tightness. This has lasted about a week.",chronic obstructive pulmonary disease (copd),Respiratory
"Since yesterday I've noticed dizziness, throat feels tight, nasal congestion, diminished hearing, fainting and ear pain. It comes and goes.",sensorineural hearing loss,Musculoskeletal/Other
"Lately I keep having chills, sharp abdominal pain, cough, fever and suprapubic pain. It comes and goes.",sepsis,Febrile/Systemic
"Since yesterday I've noticed wheezing, hip pain, chest tightness, nasal congestion and cough. It began this morning.",acute bronchospasm,Respiratory
"For the past few days I've had retention of urine, vomiting, burning abdominal pain and pain of the anus.",intestinal obstruction,Gastrointestinal
"I came in because of heartburn, rectal bleeding, constipation and itching of the anus.",hemorrhoids,Gastrointestinal
"Patient reports skin swelling, long menstrual periods, abnormal appearing skin and irregular appearing scalp.",acne,Dermatological
"I've been experiencing burning abdominal pain, back pain, nausea, vomiting, sharp abdominal pain, heartburn, lower body pain and side pain and I'm worried. This has lasted about a week.",gallstone,Gastrointestinal
"My main problems are skin swelling, leg swelling, skin rash, foot or toe pain and hand or finger pain.",pyogenic skin infection,Dermatological
"Lately I keep having coryza, wheezing, difficulty breathing, chills and shortness of breath.",pneumonia,Respiratory
"Since yesterday I've noticed foot or toe swelling, knee pain, wrist pain, joint pain, wrist swelling, leg swelling and ankle pain. It started two days ago.",gout,Musculoskeletal/Other
"Since yesterday I've noticed sore throat, weakness, coryza, vomiting, shortness of breath, chills, wheezing, cough and sharp chest pain.",pneumonia,Respiratory
"I came in because of fainting, dizziness, diarrhea, nausea, changes in stool appearance, sharp abdominal pain, vomiting blood and melena. It got worse overnight.",gastrointestinal hemorrhage,Gastrointestinal
"Complaining of chills, vomiting, fluid retention, decreased appetite and headache. It comes and goes.",infectious gastroenteritis,Febrile/Systemic
"I have nausea, burning abdominal pain, upper abdominal pain, cough, sharp chest pain, chest tightness and sharp abdominal pain. It started two days ago.",esophagitis,Gastrointestinal
"I have back pain, lower body pain, neck pain and shoulder pain. It started two days ago.",spondylosis,Musculoskeletal/Other
"Complaining of burning abdominal pain, diarrhea, blood in stool, fluid retention, insomnia, headache, nausea, vomiting and rectal bleeding.",noninfectious gastroenteritis,Febrile/Systemic
"The symptoms are sharp abdominal pain, chest tightness, jaundice and pelvic pain. It started two days ago.",thoracic aortic aneurysm,Musculoskeletal/Other
"I've been experiencing fluid retention, rectal bleeding, chills, decreased appetite and burning abdominal pain and I'm worried. It began this morning.",noninfectious gastroenteritis,Febrile/Systemic
"Chief complaint: ear pain, coughing up sputum, facial pain, fever and coryza. This has lasted about a week.",acute sinusitis,Respiratory
"I've been experiencing regurgitation.1, burning abdominal pain, regurgitation, heartburn, sharp abdominal pain, nausea, difficulty in swallowing and dizziness and I'm worried. It began this morning.",hiatal hernia,Gastrointestinal
"I have changes in stool appearance, mass or swelling around the anus, itching of the anus, lower body pain, rectal bleeding, blood in stool, sharp abdominal pain and heartburn.",hemorrhoids,Gastrointestinal
"For the past few days I've had feeling ill, shortness of breath, suprapubic pain, weakness, difficulty breathing and sharp abdominal pain. This has lasted about a week.",sepsis,Febrile/Systemic
"Complaining of foot or toe swelling, irregular appearing nails, problems with movement, knee pain, ankle swelling, infant feeding problem, knee stiffness or tightness and knee swelling. It got worse overnight.",injury to the leg,Musculoskeletal/Other
"Patient reports vomiting, pulling at ears, blood in stool, irritable infant and nasal congestion. It comes and goes.",diaper rash,Dermatological
"I came in because of blood in stool, diarrhea, dizziness, melena and vomiting blood. It got worse overnight.",gastrointestinal hemorrhage,Gastrointestinal
"I came in because of itching of skin, skin irritation, skin growth, skin lesion, acne or pimples and skin dryness, peeling, scaliness, or roughness.",fungal infection of the hair,Dermatological
"I have warts, itching of skin, cough, skin irritation, skin swelling, abnormal appearing skin and skin lesion.",eczema,Dermatological
"Complaining of abnormal appearing skin, skin rash, itching of skin, skin swelling, itchy scalp and skin lesion. It comes and goes.",psoriasis,Dermatological
"The symptoms are drug abuse, depression, delusions or hallucinations, restlessness, temper problems and insomnia.",drug abuse (opioids),Musculoskeletal/Other
"My main problems are side pain, sharp chest pain, burning abdominal pain, hemoptysis and upper abdominal pain. It comes and goes.",acute pancreatitis,Gastrointestinal
"Patient reports skin dryness, peeling, scaliness, or roughness, itchy scalp, acne or pimples, irregular appearing scalp and pelvic pain. It began this morning.",fungal infection of the hair,Dermatological
"My main problems are symptoms of the face, abnormal appearing skin, skin growth and irregular appearing scalp.",actinic keratosis,Dermatological
"Chief complaint: pulling at ears, cough, diaper rash, fever, nasal congestion, vomiting, blood in stool and temper problems. It got worse overnight.",diaper rash,Dermatological
"Lately I keep having headache, nasal congestion, sharp chest pain and difficulty in swallowing. This has lasted about a week.",abscess of the pharynx,Dermatological
"My main problems are fever, chest tightness, depressive or psychotic symptoms and cough.",acute respiratory distress syndrome (ards),Respiratory
"Patient reports nasal congestion, painful sinuses, fever, frontal headache, sore throat, coryza, cough and facial pain. It began this morning.",acute sinusitis,Respiratory
"Chief complaint: ear pain, difficulty in swallowing, coryza, cough, hoarse voice and throat feels tight. It started two days ago.",laryngitis,Respiratory
"The symptoms are skin moles, skin growth, itching of skin and acne or pimples.",rosacea,Dermatological
"Chief complaint: burning abdominal pain, fluid retention and diarrhea. This has lasted about a week.",noninfectious gastroenteritis,Febrile/Systemic
"Patient reports back pain, sharp abdominal pain, shortness of breath, abusing alcohol, difficulty breathing and weakness.",pleural effusion,Respiratory
"Since yesterday I've noticed regurgitation, ache all over, groin mass, regurgitation.1, sharp abdominal pain, upper abdominal pain and swollen abdomen. This has lasted about a week.",abdominal hernia,Gastrointestinal
"Patient reports difficulty breathing, hurts to breath, pulling at ears, irritable infant, cough, nasal congestion, shortness of breath and vomiting.",acute bronchiolitis,Respiratory
"I've been experiencing sharp chest pain, coughing up sputum, shortness of breath, nasal congestion, chest tightness, cough, allergic reaction and coryza and I'm worried.",asthma,Respiratory
"I came in because of chills, headache, vomiting, nasal congestion, flu-like syndrome and ear pain. It got worse overnight.",common cold,Respiratory
"Lately I keep having sharp chest pain, shortness of breath, sore throat, fever, coughing up sputum and wheezing. This has lasted about a week.",chronic obstructive pulmonary disease (copd),Respiratory
"My main problems are headache, feeling ill, swollen lymph nodes and sore throat.",mononucleosis,Febrile/Systemic
"Chief complaint: coryza, vomiting, fever, chills and diarrhea.",flu,Respiratory
"Lately I keep having skin dryness, peeling, scaliness, or roughness, irregular appearing scalp, lip swelling and skin moles. It got worse overnight.",skin cancer,Dermatological
"I came in because of foot or toe pain, paresthesia, dizziness, back pain and abnormal involuntary movements. It started two days ago.",peripheral nerve disorder,Musculoskeletal/Other
"Complaining of weight gain, abusing alcohol, acne or pimples and difficulty eating. This has lasted about a week.",eating disorder,Musculoskeletal/Other
"Patient reports burning abdominal pain, rectal bleeding and vomiting. This has lasted about a week.",noninfectious gastroenteritis,Febrile/Systemic
"Chief complaint: nausea, blood in stool, vomiting, burning abdominal pain, rectal bleeding, headache, sharp abdominal pain and chills. It comes and goes.",noninfectious gastroenteritis,Febrile/Systemic
"My main problems are vomiting, stomach bloating, diarrhea, sharp abdominal pain, upper abdominal pain and fever.",appendicitis,Gastrointestinal
"I feel unwell, with vulvar irritation, vaginal discharge, itching of skin, lower abdominal pain, suprapubic pain, vaginal redness, headache, vaginal itching and painful urination.",vaginal yeast infection,Musculoskeletal/Other
"I came in because of acne or pimples, irregular appearing scalp, abnormal appearing skin, skin rash, skin lesion, warts and skin swelling.",seborrheic keratosis,Dermatological
"I feel unwell, with lacrimation, eye burns or stings, swollen eye, itchiness of eye, symptoms of eye and eye redness. It began this morning.",blepharitis,Musculoskeletal/Other
"Patient reports sweating, fatigue, chest tightness and irregular heartbeat.",mitral valve disease,Musculoskeletal/Other
"I feel unwell, with burning abdominal pain, headache, diarrhea, decreased appetite, nausea, vomiting, chills and fluid retention.",infectious gastroenteritis,Febrile/Systemic
"Chief complaint: side pain, regurgitation.1, nausea, vomiting, back pain, lower body pain, burning abdominal pain and sharp chest pain.",gallstone,Gastrointestinal
"Complaining of neck swelling, toothache, gum pain, drug abuse and skin swelling. It got worse overnight.",tooth abscess,Dermatological
"I came in because of skin moles, skin growth, symptoms of the face, skin lesion, skin swelling, skin rash and irregular appearing scalp. It got worse overnight.",actinic keratosis,Dermatological
"Complaining of fatigue, difficulty breathing, abnormal breathing sounds, sweating and abnormal involuntary movements. It comes and goes.",obstructive sleep apnea (osa),Respiratory
"I have nausea, diarrhea, blood in stool and vomiting blood.",gastrointestinal hemorrhage,Gastrointestinal
"Complaining of blood in urine, back pain, symptoms of bladder, involuntary urination, frequent urination, sharp abdominal pain, painful urination and suprapubic pain. It comes and goes.",temporary or benign blood in urine,Musculoskeletal/Other
"I feel unwell, with irritable infant, hurts to breath, shortness of breath, wheezing, cough and nasal congestion. It began this morning.",acute bronchiolitis,Respiratory
"I have back pain, anxiety and nervousness, hand or finger stiffness or tightness, low back pain and pelvic pain. This has lasted about a week.",fracture of the vertebra,Musculoskeletal/Other
"The symptoms are peripheral edema, skin rash, itching of skin, lip swelling, abnormal appearing skin and hand or finger swelling.",insect bite,Musculoskeletal/Other
"Complaining of weakness, sharp abdominal pain, cough, suprapubic pain, feeling ill, decreased appetite, vomiting and fever.",sepsis,Febrile/Systemic
"Since yesterday I've noticed sleepiness, weakness, nausea, seizures, problems with movement, depressive or psychotic symptoms, feeling ill and dizziness.",hypoglycemia,Musculoskeletal/Other
"I've been experiencing abnormal breathing sounds, coryza, wheezing, hoarse voice, fever, shortness of breath and pulling at ears and I'm worried.",croup,Respiratory
"Chief complaint: pain in eye, sharp chest pain and skin lesion. It comes and goes.",shingles (herpes zoster),Dermatological
"Chief complaint: side pain, hurts to breath, weakness, sharp chest pain and rib pain. It started two days ago.",pleural effusion,Respiratory
"I feel unwell, with suprapubic pain, bedwetting, involuntary urination, frequent urination, impotence, hesitancy and retention of urine. It began this morning.",bladder obstruction,Musculoskeletal/Other
"Complaining of chills, vomiting, nausea and fever.",noninfectious gastroenteritis,Febrile/Systemic
"The symptoms are skin rash, irregular appearing scalp, skin lesion, skin moles, itching of skin and joint pain. It started two days ago.",psoriasis,Dermatological
"Patient reports skin growth, itching of skin, irregular appearing scalp and abnormal appearing skin.",actinic keratosis,Dermatological
"Since yesterday I've noticed hip pain, leg pain, arm weakness, neck pain and back pain. It started two days ago.",herniated disk,Gastrointestinal
"Since yesterday I've noticed heartburn, intermenstrual bleeding, regurgitation, fatigue, dizziness, regurgitation.1, blood in stool and rectal bleeding. It started two days ago.",iron deficiency anemia,Musculoskeletal/Other
"For the past few days I've had nausea, fluid retention, blood in stool, flu-like syndrome, sharp abdominal pain, decreased appetite, burning abdominal pain and fever.",infectious gastroenteritis,Febrile/Systemic
"Since yesterday I've noticed tongue lesions, decreased appetite, difficulty in swallowing and irritable infant. This has lasted about a week.",mucositis,Musculoskeletal/Other
"Complaining of gum pain, skin swelling, peripheral edema, jaw swelling, lymphedema, toothache, lip swelling, mouth pain and neck swelling. This has lasted about a week.",tooth abscess,Dermatological
"Lately I keep having diarrhea, vomiting, sharp abdominal pain, fluid retention, blood in stool and burning abdominal pain. This has lasted about a week.",infectious gastroenteritis,Febrile/Systemic
"Since yesterday I've noticed skin lesion, leg swelling, peripheral edema and abnormal appearing skin.",insect bite,Musculoskeletal/Other
"Patient reports lower body pain, burning abdominal pain, regurgitation.1, upper abdominal pain, sharp chest pain, vomiting, sharp abdominal pain and side pain.",gallstone,Gastrointestinal
"The symptoms are pelvic pain, vaginal pain, pain during pregnancy, painful urination, vaginal discharge, vaginal itching, sharp abdominal pain and rectal bleeding. This has lasted about a week.",vaginitis,Musculoskeletal/Other
"Patient reports nausea, decreased appetite, stomach bloating, vomiting, burning abdominal pain and sharp abdominal pain.",indigestion,Musculoskeletal/Other
"I feel unwell, with lower abdominal pain, sharp chest pain, sharp abdominal pain, nausea, regurgitation.1, diarrhea, regurgitation and fainting. It started two days ago.",intestinal disease,Gastrointestinal
"For the past few days I've had skin rash, skin dryness, peeling, scaliness, or roughness, skin swelling, abnormal appearing skin, lack of growth, acne or pimples and skin lesion.",dermatitis due to sun exposure,Dermatological
"I came in because of abnormal appearing skin, skin rash, hand or finger swelling and foot or toe pain. It comes and goes.",pyogenic skin infection,Dermatological
"Patient reports pelvic pain, pain during pregnancy, vaginal discharge, nausea, vaginal itching and shortness of breath.",cervicitis,Musculoskeletal/Other
"I have retention of urine, painful urination, blood in urine, suprapubic pain, involuntary urination, symptoms of bladder and back pain.",cystitis,Musculoskeletal/Other
"Since yesterday I've noticed sore throat, facial pain, nosebleed, apnea, headache and nasal congestion.",deviated nasal septum,Respiratory
"I feel unwell, with nausea, upper abdominal pain, vomiting, back pain, lower body pain, burning abdominal pain and heartburn. It began this morning.",gallstone,Gastrointestinal
"My main problems are abnormal appearing skin, skin swelling, warts, acne or pimples, bumps on penis, skin moles and skin lesion. It got worse overnight.",viral warts,Dermatological
"I've been experiencing feeling ill, weakness, sharp abdominal pain, vomiting, difficulty breathing, fever, suprapubic pain and cough and I'm worried.",sepsis,Febrile/Systemic
"Since yesterday I've noticed heavy menstrual flow, pelvic pain, lower abdominal pain, blood clots during menstrual periods, intermenstrual bleeding and cramps and spasms. It started two days ago.",spontaneous abortion,Musculoskeletal/Other
"Chief complaint: coryza, weakness, chills, cough, shortness of breath and vomiting.",pneumonia,Respiratory
"I came in because of back pain, hurts to breath, sharp chest pain, weakness, sharp abdominal pain, side pain and cough.",pleural effusion,Respiratory
"Patient reports insomnia, heartburn, palpitations, chest tightness, shortness of breath and leg swelling. It got worse overnight.",hypertensive heart disease,Musculoskeletal/Other
"Since yesterday I've noticed lower body pain, hip pain, ache all over, shoulder pain and arm pain. This has lasted about a week.",spondylosis,Musculoskeletal/Other
"The symptoms are flu-like syndrome, sharp abdominal pain, fever, diarrhea, constipation and burning abdominal pain.",infectious gastroenteritis,Febrile/Systemic
"For the past few days I've had difficulty breathing, hurts to breath, nasal congestion, coryza and shortness of breath. It began this morning.",acute bronchiolitis,Respiratory
Patient reports vomiting and coryza. It comes and goes.,abscess of nose,Dermatological
"Since yesterday I've noticed fever, vomiting, chills, nausea, coryza, diarrhea and headache.",flu,Respiratory
"Chief complaint: itchy ear(s), facial pain, ringing in ear, redness in ear, cough, fluid in ear and diminished hearing.",otitis externa (swimmer's ear),Musculoskeletal/Other
"I came in because of nasal congestion, coryza, cough, ear pain and plugged feeling in ear.",acute otitis media,Musculoskeletal/Other
"I came in because of headache, decreased appetite, fluid retention, nausea, vomiting, blood in stool and flu-like syndrome. It got worse overnight.",infectious gastroenteritis,Febrile/Systemic
"Chief complaint: sneezing, allergic reaction, ear pain and frontal headache. It comes and goes.",seasonal allergies (hay fever),Febrile/Systemic
"Complaining of pulling at ears, diarrhea, skin rash, cough, blood in stool, vomiting and temper problems. It got worse overnight.",diaper rash,Dermatological
"The symptoms are sharp abdominal pain, nausea, side pain, vomiting and sharp chest pain.",acute pancreatitis,Gastrointestinal
"Chief complaint: shortness of breath, wheezing, coryza and cough. It got worse overnight.",chronic obstructive pulmonary disease (copd),Respiratory
"Complaining of insomnia, sleepiness, weight gain and abnormal involuntary movements.",obstructive sleep apnea (osa),Respiratory
"I came in because of vomiting blood, upper abdominal pain and shortness of breath. It got worse overnight.",cirrhosis,Gastrointestinal
"I've been experiencing allergic reaction, skin dryness, peeling, scaliness, or roughness, sharp chest pain, skin irritation, abnormal appearing skin, skin lesion, acne or pimples and irregular appearing scalp and I'm worried.",eczema,Dermatological
"For the past few days I've had lower body pain, diarrhea, back pain, hemoptysis, abusing alcohol and side pain. This has lasted about a week.",acute pancreatitis,Gastrointestinal
"Complaining of lip swelling, warts, skin growth, irregular appearing scalp and skin moles. It comes and goes.",skin cancer,Dermatological
"Complaining of abnormal appearing skin, fever and pain in testicles. It started two days ago.",chickenpox,Febrile/Systemic
"Patient reports headache, sharp chest pain and nasal congestion.",abscess of the pharynx,Dermatological
"I've been experiencing coughing up sputum, cough, difficulty breathing, sharp chest pain and coryza and I'm worried. It began this morning.",asthma,Respiratory
"Lately I keep having itchy scalp, skin lesion, skin dryness, peeling, scaliness, or roughness, skin swelling and skin growth. It got worse overnight.",fungal infection of the hair,Dermatological
"Patient reports melena, fainting, rectal bleeding, diarrhea, vomiting blood, weakness and dizziness.",gastrointestinal hemorrhage,Gastrointestinal
"For the past few days I've had itching of skin, skin swelling, skin irritation, acne or pimples, skin lesion, abnormal appearing skin and facial pain. It got worse overnight.",skin disorder,Dermatological
"My main problems are nausea, flu-like syndrome, fever, vomiting, chills, sharp abdominal pain and fluid retention. It began this morning.",infectious gastroenteritis,Febrile/Systemic
"I have abnormal appearing skin, irregular appearing scalp, skin moles, skin swelling, skin growth, skin lesion, skin rash and joint pain. It began this morning.",psoriasis,Dermatological
"I have hand or finger pain, hand or finger swelling, wrist pain, neck pain, elbow pain, wrist swelling, paresthesia and loss of sensation.",carpal tunnel syndrome,Musculoskeletal/Other
"Complaining of dizziness, nausea, sharp abdominal pain and decreased appetite. It comes and goes.",hypovolemia,Musculoskeletal/Other
"Patient reports decreased appetite, burning abdominal pain, headache, vomiting and fever. It began this morning.",infectious gastroenteritis,Febrile/Systemic
"For the past few days I've had shoulder pain, loss of sensation, elbow pain, neck pain, paresthesia and hand or finger weakness.",brachial neuritis,Musculoskeletal/Other
"The symptoms are heartburn, insomnia, depression, acne or pimples and anxiety and nervousness. It began this morning.",eating disorder,Musculoskeletal/Other
"For the past few days I've had lower abdominal pain, burning abdominal pain, nausea, diarrhea, upper abdominal pain, anxiety and nervousness and insomnia. This has lasted about a week.",irritable bowel syndrome,Gastrointestinal
"Lately I keep having warts, itching of skin, allergic reaction, skin irritation, acne or pimples, skin swelling and cough. It started two days ago.",eczema,Dermatological
"Lately I keep having difficulty breathing, chills, nasal congestion, coryza, sore throat, cough, wheezing and weakness. It comes and goes.",pneumonia,Respiratory
"I came in because of symptoms of the face, irregular appearing scalp, hip pain, too little hair, skin dryness, peeling, scaliness, or roughness, skin lesion, skin rash and acne or pimples.",seborrheic dermatitis,Dermatological
"Lately I keep having abnormal appearing skin, fatigue, symptoms of the face and depressive or psychotic symptoms. This has lasted about a week.",lyme disease,Febrile/Systemic
"Chief complaint: acne or pimples, skin rash, abnormal appearing skin, skin irritation and allergic reaction. It got worse overnight.",contact dermatitis,Dermatological
"Since yesterday I've noticed blood in stool, flu-like syndrome, nausea, headache, vomiting, burning abdominal pain and decreased appetite. It got worse overnight.",infectious gastroenteritis,Febrile/Systemic
"Patient reports nausea, peripheral edema, sharp chest pain and sharp abdominal pain.",celiac disease,Gastrointestinal
"I feel unwell, with sharp abdominal pain, back pain, weakness, side pain and hurts to breath.",pleural effusion,Respiratory
"Lately I keep having swollen or red tonsils, nasal congestion and lump in throat. It comes and goes.",tonsillitis,Respiratory
"Since yesterday I've noticed nasal congestion, shortness of breath, sharp chest pain, coughing up sputum, sore throat and coryza. It began this morning.",acute bronchitis,Respiratory
"Complaining of skin swelling, irregular appearing scalp, abnormal appearing skin, skin moles, itching of skin, skin lesion, skin growth and skin irritation.",skin disorder,Dermatological
"I have abnormal appearing skin, skin irritation, skin moles, itching of skin, symptoms of the face, skin swelling, irregular appearing scalp and skin rash.",actinic keratosis,Dermatological
"Chief complaint: burning abdominal pain, sharp abdominal pain, nausea, back pain, heartburn and difficulty in swallowing. It got worse overnight.",hiatal hernia,Gastrointestinal
"I've been experiencing shortness of breath, sharp abdominal pain, sharp chest pain and heartburn and I'm worried.",esophagitis,Gastrointestinal
"Lately I keep having skin rash, acne or pimples, lack of growth, skin moles and skin swelling. It got worse overnight.",dermatitis due to sun exposure,Dermatological
"I came in because of skin growth, abnormal appearing skin, skin lesion, itching of skin, irregular appearing scalp and skin swelling. It began this morning.",fungal infection of the hair,Dermatological
"Since yesterday I've noticed skin lesion, foot or toe pain, hand or finger swelling, abnormal appearing skin, skin swelling, peripheral edema and skin rash. It began this morning.",pyogenic skin infection,Dermatological
"Lately I keep having hand or finger swelling, skin swelling, foot or toe pain, abnormal appearing skin, leg pain, skin lesion and peripheral edema.",pyogenic skin infection,Dermatological
"The symptoms are chills, wheezing, nasal congestion, vomiting, sharp chest pain, difficulty breathing and coryza. It started two days ago.",pneumonia,Respiratory
"Patient reports vomiting, pulling at ears, wheezing, decreased appetite, irritable infant, cough, difficulty breathing and coryza. It started two days ago.",acute bronchiolitis,Respiratory
"I came in because of focal weakness, regurgitation, nausea, sharp abdominal pain, rectal bleeding, blood in stool, diarrhea, vomiting and regurgitation.1. It started two days ago.",crohn disease,Gastrointestinal
"For the past few days I've had chills, nausea, burning abdominal pain, blood in stool, fluid retention, decreased appetite and headache.",infectious gastroenteritis,Febrile/Systemic
"Complaining of facial pain, pain in eye, itching of skin, back pain, headache and abnormal appearing skin. It comes and goes.",shingles (herpes zoster),Dermatological
"Chief complaint: symptoms of prostate, lower abdominal pain, constipation, sharp abdominal pain and vomiting.",ileus,Gastrointestinal
I have sharp chest pain and foot or toe pain. It comes and goes.,frostbite,Musculoskeletal/Other
"Since yesterday I've noticed skin moles, skin growth, lip swelling, irregular appearing scalp, skin lesion, warts, skin dryness, peeling, scaliness, or roughness and skin irritation. It started two days ago.",skin cancer,Dermatological
"I've been experiencing weakness, shortness of breath, hemoptysis, sweating, cough and difficulty breathing and I'm worried. It comes and goes.",pulmonary embolism,Respiratory
"The symptoms are hand or finger swelling, skin lesion, skin swelling, itching of skin, lip swelling, peripheral edema and skin rash. It comes and goes.",insect bite,Musculoskeletal/Other
"Complaining of fever, skin rash, vomiting, headache, ache all over, decreased appetite, cough and difficulty in swallowing.",strep throat,Musculoskeletal/Other
"Patient reports leg swelling, skin lesion, peripheral edema, foot or toe pain, foot or toe swelling and skin swelling. It began this morning.",pyogenic skin infection,Dermatological
"Patient reports sharp abdominal pain, headache, side pain, nausea, leg pain, throat feels tight, lower abdominal pain, sharp chest pain and vomiting. It started two days ago.",pain after an operation,Musculoskeletal/Other
"The symptoms are sore throat, redness in ear, diminished hearing and lump in throat.",tonsillitis,Respiratory
"Chief complaint: nausea, blood in stool, sharp abdominal pain and diarrhea.",infectious gastroenteritis,Febrile/Systemic
"I feel unwell, with nausea, flu-like syndrome, decreased appetite, sharp abdominal pain, burning abdominal pain, blood in stool and vomiting.",infectious gastroenteritis,Febrile/Systemic
"The symptoms are chest tightness, fever, difficulty breathing, wheezing, depressive or psychotic symptoms, sharp chest pain, chills and shortness of breath. It started two days ago.",acute respiratory distress syndrome (ards),Respiratory
"I have sharp chest pain, leg swelling, chest tightness, fever, shortness of breath, cough and nasal congestion.",pulmonary congestion,Respiratory
"I feel unwell, with nasal congestion, sore throat and wheezing. It comes and goes.",acute bronchospasm,Respiratory
"For the past few days I've had loss of sensation, foot or toe pain, skin lesion, foot or toe stiffness or tightness, paresthesia and lymphedema. It got worse overnight.",diabetic peripheral neuropathy,Musculoskeletal/Other
"I've been experiencing nausea, rectal bleeding and lower abdominal pain and I'm worried.",diverticulosis,Gastrointestinal
"I feel unwell, with congestion in chest, shortness of breath, nasal congestion, coughing up sputum and sore throat.",acute bronchitis,Respiratory
"Lately I keep having regurgitation.1, upper abdominal pain, peripheral edema and regurgitation.",cirrhosis,Gastrointestinal
"Lately I keep having lower abdominal pain, intermenstrual bleeding, vaginal discharge and heavy menstrual flow. It started two days ago.",vaginal cyst,Musculoskeletal/Other
"For the past few days I've had vomiting, fever, temper problems, blood in stool and skin rash.",diaper rash,Dermatological
"Patient reports abnormal breathing sounds, abnormal involuntary movements, difficulty breathing, difficulty in swallowing, mouth dryness, sweating and weight gain. It got worse overnight.",obstructive sleep apnea (osa),Respiratory
"Chief complaint: sharp abdominal pain, cough, feeling ill, suprapubic pain and decreased appetite. This has lasted about a week.",sepsis,Febrile/Systemic
"The symptoms are chills, vomiting, diarrhea, sharp abdominal pain, burning abdominal pain, decreased appetite, headache and nausea.",infectious gastroenteritis,Febrile/Systemic
"Since yesterday I've noticed facial pain, painful sinuses, sinus congestion, coryza and sore throat. It started two days ago.",acute sinusitis,Respiratory
"I feel unwell, with fainting, nausea, vomiting blood, problems with movement, blood in stool, dizziness, sharp abdominal pain and weakness. It comes and goes.",gastrointestinal hemorrhage,Gastrointestinal
"Lately I keep having foreign body sensation in eye, spots or clouds in vision, pain in eye, abnormal movement of eyelid, symptoms of eye, double vision, itchiness of eye and fever.",diabetic retinopathy,Musculoskeletal/Other
"I've been experiencing diminished vision, itchiness of eye, cough, nasal congestion, white discharge from eye and lacrimation and I'm worried. This has lasted about a week.",conjunctivitis due to virus,Musculoskeletal/Other
"For the past few days I've had acne or pimples, pelvic pain, skin swelling and skin lesion. This has lasted about a week.",fungal infection of the hair,Dermatological
"I've been experiencing abnormal breathing sounds, sore throat, pulling at ears, nasal congestion, shortness of breath and fever and I'm worried.",croup,Respiratory
"Patient reports cough, sharp chest pain, hemoptysis, sleepiness, chest tightness and side pain. It comes and goes.",pulmonary embolism,Respiratory
"My main problems are constipation, disturbance of memory, burning abdominal pain, retention of urine and blood in stool. It got worse overnight.",ischemia of the bowel,Gastrointestinal
"I came in because of throat swelling, fever, sore throat, sharp chest pain, headache and nasal congestion.",abscess of the pharynx,Dermatological
"I came in because of itchy scalp, irregular appearing scalp, itching of skin, abnormal appearing skin, skin dryness, peeling, scaliness, or roughness, skin swelling and skin irritation. It began this morning.",fungal infection of the hair,Dermatological
"I have coryza, chills, shortness of breath, weakness and vomiting. It began this morning.",pneumonia,Respiratory
"I came in because of skin growth, acne or pimples, irregular appearing scalp, itching of skin and feeling ill. It started two days ago.",alopecia,Dermatological
"I've been experiencing acne or pimples, skin growth, skin lesion, skin swelling and skin rash and I'm worried.",seborrheic keratosis,Dermatological
"Complaining of ear pain, nausea, loss of sensation, plugged feeling in ear, diminished hearing, headache, vomiting and dizziness.",labyrinthitis,Musculoskeletal/Other
"The symptoms are difficulty breathing, feeling ill, vomiting, chills, shortness of breath, decreased appetite, suprapubic pain and weakness.",sepsis,Febrile/Systemic
"I feel unwell, with burning abdominal pain, diarrhea, fever, nausea, headache and decreased appetite. It started two days ago.",infectious gastroenteritis,Febrile/Systemic
"I've been experiencing skin swelling, mouth ulcer, skin lesion, nasal congestion and skin rash and I'm worried. It began this morning.",impetigo,Dermatological
"Patient reports diaper rash, blood in stool, irritable infant, fever, cough, pulling at ears, vomiting and temper problems.",diaper rash,Dermatological
"I came in because of regurgitation.1, back pain, difficulty in swallowing, regurgitation and upper abdominal pain.",hiatal hernia,Gastrointestinal
"I have back cramps or spasms, neck pain, low back pain, leg pain, back pain, groin pain and side pain.",chronic back pain,Musculoskeletal/Other
"I feel unwell, with depressive or psychotic symptoms, seizures, antisocial behavior and hostile behavior. It started two days ago.",autism,Musculoskeletal/Other
"I came in because of cough, shortness of breath and chest tightness. It got worse overnight.",pulmonary congestion,Respiratory
"I feel unwell, with foot or toe pain, skin lesion, hand or finger pain, hemoptysis, abnormal appearing skin and leg swelling.",pyogenic skin infection,Dermatological
"Patient reports blood in stool, sharp abdominal pain, rectal bleeding, headache, burning abdominal pain, nausea, vomiting and fluid retention. It started two days ago.",noninfectious gastroenteritis,Febrile/Systemic
"I have skin rash, sore throat and nasal congestion. It comes and goes.",mononucleosis,Febrile/Systemic
"I have burning abdominal pain, decreased appetite, diarrhea, chills and sharp abdominal pain.",noninfectious gastroenteritis,Febrile/Systemic
"Patient reports shortness of breath, dizziness, palpitations, throat feels tight, chest tightness and elbow swelling. It started two days ago.",chronic rheumatic fever,Febrile/Systemic
"For the past few days I've had rectal bleeding, fever, decreased appetite, nausea, blood in stool, chills, burning abdominal pain and diarrhea.",noninfectious gastroenteritis,Febrile/Systemic
"Since yesterday I've noticed dizziness, throat feels tight and increased heart rate. This has lasted about a week.",chronic rheumatic fever,Febrile/Systemic
"Complaining of peripheral edema, weakness, side pain, nausea and shortness of breath.",liver disease,Gastrointestinal
"I came in because of side pain, throat feels tight, hemoptysis, difficulty breathing and leg pain. It got worse overnight.",pulmonary embolism,Respiratory
"Chief complaint: diarrhea, regurgitation.1, headache, nausea and fever.",gastritis,Gastrointestinal
"I came in because of painful urination, blood in urine, lower abdominal pain, nausea and sharp abdominal pain.",pyelonephritis,Musculoskeletal/Other
"Patient reports low back pain, arm pain, dizziness, neck stiffness or tightness and headache.",pain disorder affecting the neck,Musculoskeletal/Other
"My main problems are irregular appearing scalp, abnormal appearing skin, skin irritation, skin lesion, lip swelling, warts and skin dryness, peeling, scaliness, or roughness. It started two days ago.",skin cancer,Dermatological
"My main problems are rectal bleeding, itching of the anus and blood in stool.",rectal disorder,Gastrointestinal
"Lately I keep having hand or finger pain, arm pain, elbow pain and joint pain. It got worse overnight.",lateral epicondylitis (tennis elbow),Musculoskeletal/Other
"Patient reports skin dryness, peeling, scaliness, or roughness, abnormal appearing skin, skin moles, skin irritation and acne or pimples. It started two days ago.",skin disorder,Dermatological
"I feel unwell, with chills, suprapubic pain, feeling ill, decreased appetite, weakness and difficulty breathing.",sepsis,Febrile/Systemic
"For the past few days I've had allergic reaction, ear pain, headache, ringing in ear and diminished hearing. This has lasted about a week.",meniere disease,Musculoskeletal/Other
"Since yesterday I've noticed chills, mouth ulcer, burning abdominal pain, vomiting, flu-like syndrome, sharp abdominal pain, diarrhea and headache. It began this morning.",infectious gastroenteritis,Febrile/Systemic
"Complaining of sore throat, fever, chills, vomiting and cough. It comes and goes.",common cold,Respiratory
"My main problems are acne or pimples, long menstrual periods, irregular appearing scalp, skin rash and abnormal appearing skin. It comes and goes.",acne,Dermatological
"I have nausea, back pain, abusing alcohol, lower body pain, sharp chest pain and burning abdominal pain.",acute pancreatitis,Gastrointestinal
"Complaining of chills, feeling ill, cough, peripheral edema, weakness, decreased appetite, fever, vomiting and difficulty breathing.",sepsis,Febrile/Systemic
"Complaining of hip pain, headache and abnormal appearing skin. This has lasted about a week.",lyme disease,Febrile/Systemic
"Chief complaint: increased heart rate, chest tightness, sharp chest pain, palpitations and throat feels tight.",chronic rheumatic fever,Febrile/Systemic
"My main problems are symptoms of the kidneys, burning abdominal pain, regurgitation.1, sharp abdominal pain and sharp chest pain. It began this morning.",cholecystitis,Gastrointestinal
"For the past few days I've had melena, diarrhea, rectal bleeding, heartburn and nausea.",diverticulosis,Gastrointestinal
"I feel unwell, with elbow pain, wrist pain, hand or finger pain, arm pain, wrist swelling and arm swelling. It comes and goes.",injury to the arm,Musculoskeletal/Other
"My main problems are flu-like syndrome, blood in stool, burning abdominal pain, vomiting, sharp abdominal pain, diarrhea, decreased appetite and headache.",infectious gastroenteritis,Febrile/Systemic
"Patient reports headache, fatigue, symptoms of the face, abnormal appearing skin and hip pain. This has lasted about a week.",lyme disease,Febrile/Systemic
"My main problems are abnormal appearing skin, hand or finger swelling, foot or toe pain, skin swelling, skin rash, leg swelling and mouth ulcer.",pyogenic skin infection,Dermatological
"Lately I keep having back pain, upper abdominal pain, sharp chest pain and burning abdominal pain. It got worse overnight.",acute pancreatitis,Gastrointestinal
"For the past few days I've had diarrhea, fluid retention, blood in stool, fever, decreased appetite, sharp abdominal pain, headache and vomiting.",infectious gastroenteritis,Febrile/Systemic
"I came in because of pain in gums, lip swelling, fever, mouth ulcer, peripheral edema, bleeding gums, facial pain and toothache. This has lasted about a week.",gum disease,Musculoskeletal/Other
"Complaining of pain in gums, facial pain, toothache, peripheral edema and gum pain. It began this morning.",tooth abscess,Dermatological
"For the past few days I've had sore throat, nasal congestion, fever, headache, chills and flu-like syndrome. It comes and goes.",common cold,Respiratory
"The symptoms are abnormal breathing sounds, sore throat, cough, lacrimation, allergic reaction and coryza. It got worse overnight.",seasonal allergies (hay fever),Febrile/Systemic
"My main problems are nausea, lower abdominal pain, sharp abdominal pain and fever. This has lasted about a week.",diverticulitis,Gastrointestinal
"Since yesterday I've noticed lower body pain, sharp abdominal pain, back pain, nausea, side pain, hemoptysis and abusing alcohol.",acute pancreatitis,Gastrointestinal
"Chief complaint: burning abdominal pain, sharp abdominal pain, nausea, lower abdominal pain, upper abdominal pain, side pain, chills and fever.",diverticulitis,Gastrointestinal
"I've been experiencing shortness of breath, pain in eye, sharp abdominal pain, side pain, cough and weakness and I'm worried.",pleural effusion,Respiratory
"Chief complaint: sharp chest pain, nasal congestion, wheezing, elbow pain, headache and sore throat. This has lasted about a week.",acute bronchitis,Respiratory
"Patient reports cough, headache, fever, coryza, diarrhea, symptoms of the face and ache all over.",flu,Respiratory
"I feel unwell, with decreased appetite, fluid retention, flu-like syndrome, diarrhea, vomiting and blood in stool.",infectious gastroenteritis,Febrile/Systemic
"The symptoms are hip pain, ache all over, headache, loss of sensation and neck pain.",neuralgia,Musculoskeletal/Other
"Since yesterday I've noticed frontal headache, lacrimation, coryza and itchiness of eye. It comes and goes.",seasonal allergies (hay fever),Febrile/Systemic
"I feel unwell, with vomiting, diarrhea, back pain, side pain and sharp chest pain. It comes and goes.",acute pancreatitis,Gastrointestinal
"Patient reports nausea, lower abdominal pain, rectal bleeding and sharp abdominal pain. This has lasted about a week.",diverticulosis,Gastrointestinal
"Lately I keep having shortness of breath, congestion in chest, nasal congestion, chest tightness, coryza, coughing up sputum, cough and wheezing. It began this morning.",chronic obstructive pulmonary disease (copd),Respiratory
"My main problems are headache, fever, nausea, shortness of breath and sharp chest pain. It began this morning.",hypokalemia,Musculoskeletal/Other
"Lately I keep having too little hair, symptoms of the face, skin dryness, peeling, scaliness, or roughness, skin lesion and dry or flaky scalp.",seborrheic dermatitis,Dermatological
"Complaining of irregular appearing scalp, skin growth, acne or pimples, skin irritation, skin dryness, peeling, scaliness, or roughness and itching of skin.",skin disorder,Dermatological
"Patient reports skin rash, skin swelling, nasal congestion and mouth ulcer.",impetigo,Dermatological
"I've been experiencing nausea, sharp abdominal pain, rectal bleeding, vomiting, fluid retention, burning abdominal pain, fever and blood in stool and I'm worried. It comes and goes.",noninfectious gastroenteritis,Febrile/Systemic
"I feel unwell, with leg pain, ache all over, loss of sensation and hand or finger pain. It started two days ago.",complex regional pain syndrome,Musculoskeletal/Other
"Since yesterday I've noticed delusions or hallucinations, drug abuse, heartburn, difficulty speaking, depressive or psychotic symptoms, hostile behavior, excessive anger and fears and phobias. It began this morning.",marijuana abuse,Musculoskeletal/Other
"I came in because of hemoptysis, nausea, diarrhea, sharp abdominal pain and side pain.",acute pancreatitis,Gastrointestinal
"My main problems are fever, pulling at ears, coryza, nasal congestion and abnormal breathing sounds.",croup,Respiratory
"Complaining of back pain, burning abdominal pain, vomiting, side pain and diarrhea. It comes and goes.",acute pancreatitis,Gastrointestinal
"Since yesterday I've noticed sore throat, fever and coughing up sputum.",acute sinusitis,Respiratory
"I have difficulty speaking, temper problems, constipation, antisocial behavior, hostile behavior and lack of growth. It got worse overnight.",autism,Musculoskeletal/Other
"Patient reports abnormal breathing sounds, shortness of breath, apnea, sleepiness, fatigue, abnormal involuntary movements, difficulty breathing and mouth dryness. It started two days ago.",obstructive sleep apnea (osa),Respiratory
"The symptoms are chills, blood in stool, headache and diarrhea.",infectious gastroenteritis,Febrile/Systemic
"Patient reports coryza, wheezing and sore throat. This has lasted about a week.",chronic obstructive pulmonary disease (copd),Respiratory
"Complaining of tongue lesions, cough, fever and headache. It began this morning.",aphthous ulcer,Gastrointestinal
"I have skin dryness, peeling, scaliness, or roughness, abnormal appearing skin, too little hair, skin rash, irregular appearing scalp, itching of skin and dry or flaky scalp. This has lasted about a week.",seborrheic dermatitis,Dermatological
"I came in because of cough, decreased appetite, fever, vomiting and chills. It began this morning.",sepsis,Febrile/Systemic
"Since yesterday I've noticed coryza, allergic reaction, ear pain, sore throat, sneezing and nasal congestion. This has lasted about a week.",seasonal allergies (hay fever),Febrile/Systemic
"Chief complaint: sharp chest pain, shortness of breath, chest tightness, coughing up sputum, coryza and wheezing.",chronic obstructive pulmonary disease (copd),Respiratory
"My main problems are lower body pain, vomiting, sharp abdominal pain, back pain and sharp chest pain. It began this morning.",cholecystitis,Gastrointestinal
"The symptoms are cough, difficulty breathing, sharp abdominal pain, vomiting, shortness of breath and feeling ill. It started two days ago.",sepsis,Febrile/Systemic
"Since yesterday I've noticed itching of skin, skin moles, acne or pimples, skin swelling, abnormal appearing skin, irregular appearing scalp, skin dryness, peeling, scaliness, or roughness and skin irritation.",skin disorder,Dermatological
"Chief complaint: headache, lower body pain, neck pain, sharp chest pain and shoulder pain.",injury to the trunk,Musculoskeletal/Other
"Patient reports skin swelling, abnormal appearing skin, skin rash, allergic reaction and acne or pimples. It started two days ago.",contact dermatitis,Dermatological
"My main problems are feeling ill, swollen lymph nodes, sore throat and skin rash.",mononucleosis,Febrile/Systemic
"Complaining of rectal bleeding, vomiting, skin swelling, fluid retention, decreased appetite, fever, blood in stool and diarrhea. It got worse overnight.",noninfectious gastroenteritis,Febrile/Systemic
"My main problems are acne or pimples, lip swelling, skin swelling, abnormal appearing skin and bumps on penis.",viral warts,Dermatological
"I've been experiencing dizziness, chest tightness, palpitations, shortness of breath, irregular heartbeat, increased heart rate and sharp chest pain and I'm worried.",sinus bradycardia,Musculoskeletal/Other
"For the past few days I've had abnormal appearing skin, skin dryness, peeling, scaliness, or roughness, skin swelling, skin rash, allergic reaction and skin irritation. It started two days ago.",contact dermatitis,Dermatological
"For the past few days I've had sore throat, coryza, fever, hoarse voice, difficulty speaking and nasal congestion.",laryngitis,Respiratory
"I've been experiencing blood in stool, decreased appetite, burning abdominal pain, nausea, vomiting and flu-like syndrome and I'm worried. This has lasted about a week.",infectious gastroenteritis,Febrile/Systemic
"Lately I keep having lack of growth, obsessions and compulsions, fears and phobias, hostile behavior and restlessness. It got worse overnight.",developmental disability,Musculoskeletal/Other
"Since yesterday I've noticed headache, vomiting, chills, nausea and decreased appetite. It comes and goes.",infectious gastroenteritis,Febrile/Systemic
"My main problems are dizziness, nausea, vomiting blood, heartburn, sharp chest pain and upper abdominal pain. It got worse overnight.",hiatal hernia,Gastrointestinal
"Since yesterday I've noticed vomiting, constipation, vaginal itching and warts. It comes and goes.",intestinal obstruction,Gastrointestinal
"Chief complaint: acne or pimples, symptoms of eye and skin growth. It got worse overnight.",rosacea,Dermatological
"Patient reports burning abdominal pain, vomiting blood, sharp chest pain, headache and fever. It comes and goes.",gastritis,Gastrointestinal
"Patient reports feeling ill, chills, weakness and fever. It began this morning.",sepsis,Febrile/Systemic
"Lately I keep having melena, rectal bleeding, burning abdominal pain and diarrhea. It comes and goes.",rectal disorder,Gastrointestinal
"I feel unwell, with skin lesion, skin growth, symptoms of the face, dry or flaky scalp, abnormal appearing skin, itching of skin and acne or pimples. This has lasted about a week.",seborrheic dermatitis,Dermatological
"I've been experiencing upper abdominal pain, sharp chest pain, vomiting, chest tightness and cough and I'm worried.",esophagitis,Gastrointestinal
"Patient reports ankle swelling, leg stiffness or tightness, leg swelling and knee swelling. It began this morning.",fracture of the leg,Musculoskeletal/Other
"Patient reports difficulty breathing, nasal congestion, fever and chest tightness. It comes and goes.",asthma,Respiratory
"Patient reports regurgitation, vomiting, nausea, pain of the anus, chest tightness, blood in stool and regurgitation.1. It began this morning.",crohn disease,Gastrointestinal
"Chief complaint: itching of skin, allergic reaction, cough, skin swelling, acne or pimples and skin dryness, peeling, scaliness, or roughness.",eczema,Dermatological
"Lately I keep having cough, difficulty breathing, sore throat, chills, nasal congestion, vomiting and fever.",pneumonia,Respiratory
"I feel unwell, with fever, skin rash, nasal congestion and skin lesion.",impetigo,Dermatological
"For the past few days I've had sharp chest pain, coryza, weakness, nasal congestion, fever, cough and chills. It started two days ago.",pneumonia,Respiratory
"I came in because of mouth dryness, sleepiness, abnormal breathing sounds, apnea, sweating, fatigue, abnormal involuntary movements and difficulty in swallowing. It started two days ago.",obstructive sleep apnea (osa),Respiratory
"Lately I keep having leg swelling, chest tightness and weakness.",pulmonary congestion,Respiratory
"I came in because of fever, cough, nasal congestion, shortness of breath, vomiting, difficulty breathing and weakness.",pneumonia,Respiratory
"My main problems are skin dryness, peeling, scaliness, or roughness, symptoms of the face, skin moles, irregular appearing scalp, skin lesion, skin swelling, itching of skin and skin growth.",actinic keratosis,Dermatological
"Chief complaint: rectal bleeding, headache, fluid retention, fever and vomiting. It got worse overnight.",noninfectious gastroenteritis,Febrile/Systemic
"Chief complaint: skin rash, skin swelling, itching of skin, skin irritation, irregular appearing scalp, acne or pimples and abnormal appearing skin.",eczema,Dermatological
"I've been experiencing headache, blood in stool, burning abdominal pain, flu-like syndrome, fluid retention, chills and nausea and I'm worried. It comes and goes.",infectious gastroenteritis,Febrile/Systemic
"I've been experiencing skin rash, foot or toe swelling, hand or finger pain, skin lesion, foot or toe pain and hand or finger swelling and I'm worried.",pyogenic skin infection,Dermatological
"Lately I keep having decreased appetite, burning abdominal pain, nausea, fluid retention, headache, blood in stool, diarrhea and fever. It started two days ago.",noninfectious gastroenteritis,Febrile/Systemic
"I have vomiting, burning abdominal pain, blood in stool, fever, flu-like syndrome, headache, chills, spots or clouds in vision and nausea.",infectious gastroenteritis,Febrile/Systemic
"I came in because of itching of skin, skin irritation, skin growth, irregular appearing scalp, abnormal appearing skin, skin moles, skin rash, symptoms of the face and difficulty in swallowing.",actinic keratosis,Dermatological
"Since yesterday I've noticed excessive anger, anxiety and nervousness and back weakness. It comes and goes.",dissociative disorder,Musculoskeletal/Other
"The symptoms are nosebleed, allergic reaction, nasal congestion, abnormal involuntary movements, headache and painful sinuses.",deviated nasal septum,Respiratory
"My main problems are itching of skin, skin rash, fever and pain in testicles.",chickenpox,Febrile/Systemic
"Chief complaint: blood in stool, headache, rectal bleeding, diarrhea, fluid retention, decreased appetite and chills. It began this morning.",noninfectious gastroenteritis,Febrile/Systemic
"Complaining of vomiting blood, dizziness, burning abdominal pain, difficulty in swallowing, heartburn, nausea, back pain and sharp chest pain.",hiatal hernia,Gastrointestinal
"My main problems are lower body pain, sharp chest pain, vomiting, side pain and diarrhea.",acute pancreatitis,Gastrointestinal
"I've been experiencing abnormal appearing skin, pain in eye, itching of skin, back pain, skin lesion and facial pain and I'm worried. This has lasted about a week.",shingles (herpes zoster),Dermatological
For the past few days I've had abnormal involuntary movements and sleepiness. It comes and goes.,obstructive sleep apnea (osa),Respiratory
"Chief complaint: changes in stool appearance, lower body pain, sharp abdominal pain, rectal bleeding, pain of the anus, itching of the anus and mass or swelling around the anus.",hemorrhoids,Gastrointestinal
"I came in because of rectal bleeding, depression and feeling ill.",hepatitis due to a toxin,Gastrointestinal
"Patient reports leg pain, side pain, cough, shortness of breath, sweating and hemoptysis.",pulmonary embolism,Respiratory
"I came in because of sharp abdominal pain, changes in stool appearance, mass or swelling around the anus, constipation, melena, blood in stool and lower body pain.",hemorrhoids,Gastrointestinal
"I feel unwell, with decreased appetite, fever, vomiting, burning abdominal pain, nausea, headache, chills and rectal bleeding. It started two days ago.",noninfectious gastroenteritis,Febrile/Systemic
"For the past few days I've had problems during pregnancy, pain during pregnancy, lower abdominal pain, vaginal discharge, sharp abdominal pain and pelvic pain.",vaginal cyst,Musculoskeletal/Other
"Complaining of sharp abdominal pain, chills, weakness, shortness of breath, cough, fever, feeling ill and suprapubic pain. It got worse overnight.",sepsis,Febrile/Systemic
"For the past few days I've had skin rash, abnormal appearing skin, cough, skin irritation, skin lesion and warts. It began this morning.",eczema,Dermatological
"My main problems are chest tightness, coughing up sputum, cough, wheezing, fever and allergic reaction. It comes and goes.",asthma,Respiratory
"Chief complaint: sharp abdominal pain, blood in stool, rectal bleeding, decreased appetite and fluid retention. It comes and goes.",noninfectious gastroenteritis,Febrile/Systemic
"My main problems are nasal congestion, difficulty in swallowing, fever, headache, throat swelling and cough. It comes and goes.",abscess of the pharynx,Dermatological
"Lately I keep having rectal bleeding, dizziness, melena, vomiting blood, diarrhea, fever and vomiting. This has lasted about a week.",gastrointestinal hemorrhage,Gastrointestinal
"Patient reports sinus congestion, nosebleed, facial pain, leg pain, nasal congestion, ear pain, sore throat, fever and coryza.",nose disorder,Musculoskeletal/Other
"I came in because of sinus congestion, nasal congestion, sore throat, vomiting and cough. It started two days ago.",abscess of nose,Dermatological
"I have suprapubic pain, sharp abdominal pain, weakness, fever, chills and cough. It started two days ago.",sepsis,Febrile/Systemic
"I have allergic reaction, nasal congestion, cough and sneezing.",seasonal allergies (hay fever),Febrile/Systemic
"Chief complaint: nasal congestion, abnormal breathing sounds, hoarse voice and pulling at ears.",croup,Respiratory
"For the past few days I've had blood in stool, headache, rectal bleeding, burning abdominal pain, chills, vomiting, nausea and fluid retention. This has lasted about a week.",noninfectious gastroenteritis,Febrile/Systemic
"Chief complaint: headache, sore throat, vomiting, fever, cough, chills and diarrhea.",flu,Respiratory
"My main problems are diarrhea, sharp abdominal pain, vomiting, lower body pain, abusing alcohol and upper abdominal pain. It began this morning.",acute pancreatitis,Gastrointestinal
"I've been experiencing long menstrual periods, shoulder pain, paresthesia, knee pain, leg pain, back pain, hip pain, neck pain and lower body pain and I'm worried.",spondylosis,Musculoskeletal/Other
"My main problems are pulling at ears, wheezing, difficulty breathing, vomiting and fever. It comes and goes.",acute bronchiolitis,Respiratory
"I came in because of coryza, sharp chest pain, chills, weakness and difficulty breathing.",pneumonia,Respiratory
"I have depressive or psychotic symptoms, sharp chest pain, burning abdominal pain and abnormal involuntary movements.",acute stress reaction,Musculoskeletal/Other
"Lately I keep having fever, itching of skin, skin rash and skin swelling. It got worse overnight.",impetigo,Dermatological
"Complaining of skin growth, skin irritation, lip swelling, wrinkles on skin and skin swelling.",atrophic skin condition,Dermatological
"Lately I keep having cramps and spasms, burning abdominal pain, spotting or bleeding during pregnancy, uterine contractions, problems during pregnancy and pain during pregnancy. It got worse overnight.",spontaneous abortion,Musculoskeletal/Other
"Patient reports sharp chest pain, increased heart rate, dizziness and irregular heartbeat.",atrial fibrillation,Musculoskeletal/Other
"Complaining of vomiting, nausea, depression, sharp abdominal pain, feeling ill, jaundice and rectal bleeding. It got worse overnight.",hepatitis due to a toxin,Gastrointestinal
"I have back pain, neck pain, shoulder pain, low back pain, ache all over, leg pain, lower body pain and loss of sensation.",spondylosis,Musculoskeletal/Other
"The symptoms are pain of the anus, changes in stool appearance, heartburn, itching of the anus and lower body pain. It started two days ago.",hemorrhoids,Gastrointestinal
"I've been experiencing vomiting, nausea, heartburn, sharp abdominal pain, vomiting blood, sharp chest pain and blood in stool and I'm worried. It began this morning.",gastroduodenal ulcer,Gastrointestinal
"Chief complaint: pulling at ears, coryza, decreased appetite and wheezing. It began this morning.",acute bronchiolitis,Respiratory
"I came in because of weakness, side pain, peripheral edema, nausea, heartburn and blood in stool. It got worse overnight.",liver disease,Gastrointestinal
"I have swollen eye, mass on eyelid, eyelid swelling, lacrimation, eye redness, pain in eye, diminished vision and symptoms of eye. It comes and goes.",chalazion,Musculoskeletal/Other
"For the past few days I've had facial pain, ringing in ear, skin rash, diminished hearing, fluid in ear, cough, fever and plugged feeling in ear. It comes and goes.",otitis externa (swimmer's ear),Musculoskeletal/Other
"I came in because of difficulty in swallowing, burning abdominal pain and vomiting blood. It started two days ago.",hiatal hernia,Gastrointestinal
"Chief complaint: vomiting, nasal congestion, chest tightness and coryza. It started two days ago.",acute bronchospasm,Respiratory
"Chief complaint: sore throat, sneezing, sharp chest pain, allergic reaction and lacrimation. This has lasted about a week.",seasonal allergies (hay fever),Febrile/Systemic
"I feel unwell, with nausea, fever, burning abdominal pain, flu-like syndrome and vomiting. It got worse overnight.",infectious gastroenteritis,Febrile/Systemic
"For the past few days I've had lower body pain, nausea, sharp abdominal pain, upper abdominal pain and symptoms of the kidneys.",cholecystitis,Gastrointestinal
"I came in because of weakness, vomiting, focal weakness, dizziness and blindness.",intracerebral hemorrhage,Musculoskeletal/Other
"Complaining of chest tightness, regurgitation.1, nausea, regurgitation and difficulty in swallowing.",gastroesophageal reflux disease (gerd),Gastrointestinal
I came in because of wrist pain and sore throat. It began this morning.,dengue fever,Febrile/Systemic
"Since yesterday I've noticed shortness of breath, cough, fever, wheezing, sore throat and coryza. This has lasted about a week.",acute bronchospasm,Respiratory
"I have acne or pimples, skin swelling, warts and bumps on penis.",viral warts,Dermatological
"My main problems are back pain, side pain, leg pain, low back pain and headache. It got worse overnight.",pain after an operation,Musculoskeletal/Other
"Lately I keep having vomiting, abnormal appearing skin, shortness of breath, nausea and skin rash. This has lasted about a week.",drug reaction,Musculoskeletal/Other
"Since yesterday I've noticed decreased appetite, nasal congestion, cough and headache. This has lasted about a week.",strep throat,Musculoskeletal/Other
"Since yesterday I've noticed heartburn, side pain, back pain, vomiting, upper abdominal pain, nausea and lower body pain. It started two days ago.",gallstone,Gastrointestinal
"I feel unwell, with nasal congestion, hurts to breath, coryza, difficulty breathing and cough. This has lasted about a week.",acute bronchiolitis,Respiratory
"For the past few days I've had rib pain, weakness and sharp abdominal pain. This has lasted about a week.",pleural effusion,Respiratory
"I came in because of sharp abdominal pain, cough, feeling ill, chills, suprapubic pain, dizziness, weakness and shortness of breath.",sepsis,Febrile/Systemic
"For the past few days I've had arm pain, arm swelling, leg pain, leg swelling, vomiting blood and skin swelling.",thrombophlebitis,Musculoskeletal/Other
"My main problems are back pain, diarrhea, abusing alcohol, upper abdominal pain, sharp abdominal pain, vomiting, sharp chest pain and hemoptysis. It started two days ago.",acute pancreatitis,Gastrointestinal
"I feel unwell, with fever, cough, sharp abdominal pain, shortness of breath and suprapubic pain. It comes and goes.",sepsis,Febrile/Systemic
"Patient reports nasal congestion, allergic reaction, cough, difficulty breathing and coryza. It began this morning.",asthma,Respiratory
"I have nausea, blood in stool and decreased appetite. This has lasted about a week.",noninfectious gastroenteritis,Febrile/Systemic
"I came in because of nausea, sharp abdominal pain, upper abdominal pain and flatulence. It began this morning.",irritable bowel syndrome,Gastrointestinal
"Chief complaint: sharp chest pain, upper abdominal pain, nausea, lower body pain, back pain, sharp abdominal pain and burning abdominal pain. It comes and goes.",cholecystitis,Gastrointestinal
"Lately I keep having vomiting, decreased appetite, sharp abdominal pain, diarrhea, burning abdominal pain and fever. It comes and goes.",noninfectious gastroenteritis,Febrile/Systemic
"The symptoms are irregular appearing scalp, abnormal appearing skin, skin swelling, skin irritation, skin growth, pelvic pain, recent pregnancy and skin rash.",fungal infection of the hair,Dermatological
"Since yesterday I've noticed cough, headache, coryza, chills, nasal congestion, vomiting and sore throat. It began this morning.",common cold,Respiratory
"I came in because of difficulty speaking, depression, anxiety and nervousness, low self-esteem, abusing alcohol, depressive or psychotic symptoms and excessive anger.",marijuana abuse,Musculoskeletal/Other
"Complaining of irregular appearing scalp, skin dryness, peeling, scaliness, or roughness, skin growth and abnormal appearing skin.",actinic keratosis,Dermatological
"Chief complaint: cough, painful sinuses, frontal headache, ear pain, facial pain, nasal congestion, itchiness of eye, fever and sore throat.",acute sinusitis,Respiratory
"My main problems are weakness, rib pain, back pain, difficulty breathing, hurts to breath, sharp abdominal pain and sharp chest pain.",pleural effusion,Respiratory
"Chief complaint: itchy eyelid, irregular appearing scalp, abnormal appearing skin and skin lesion.",melanoma,Dermatological
"Lately I keep having chills, wheezing, vomiting, cough and fever. It started two days ago.",pneumonia,Respiratory
"I came in because of skin rash, skin dryness, peeling, scaliness, or roughness and skin moles. This has lasted about a week.",contact dermatitis,Dermatological
"Since yesterday I've noticed allergic reaction, shortness of breath, fever, coryza, coughing up sputum, difficulty breathing and cough.",asthma,Respiratory
"Chief complaint: blood in urine, fever, painful urination, nausea and frequent urination.",urinary tract infection,Musculoskeletal/Other
"The symptoms are chills, headache, diarrhea, decreased appetite, blood in stool and rectal bleeding. It got worse overnight.",noninfectious gastroenteritis,Febrile/Systemic
"I feel unwell, with constipation, pain of the anus, stomach bloating, vomiting, nausea, burning abdominal pain and sharp abdominal pain. It started two days ago.",intestinal obstruction,Gastrointestinal
"My main problems are lymphedema, leg pain, abusing alcohol and headache.",vasculitis,Musculoskeletal/Other
"My main problems are flu-like syndrome, decreased appetite, fluid retention, sharp abdominal pain and burning abdominal pain. This has lasted about a week.",infectious gastroenteritis,Febrile/Systemic
"For the past few days I've had hurts to breath, pulling at ears, nasal congestion, cough, difficulty breathing, shortness of breath, decreased appetite and vomiting. It got worse overnight.",acute bronchiolitis,Respiratory
"The symptoms are nasal congestion, ear pain, itchiness of eye, sore throat, frontal headache and cough.",seasonal allergies (hay fever),Febrile/Systemic
"Lately I keep having skin irritation, irregular appearing scalp and skin growth. This has lasted about a week.",skin disorder,Dermatological
"I came in because of abusing alcohol, back pain, sharp chest pain, hemoptysis, nausea and burning abdominal pain. It started two days ago.",acute pancreatitis,Gastrointestinal
"The symptoms are irregular appearing scalp, itching of skin, abnormal appearing skin, too little hair and acne or pimples.",fungal infection of the skin,Dermatological
"I've been experiencing skin dryness, peeling, scaliness, or roughness, acne or pimples, skin rash, skin swelling, skin lesion, warts, itching of skin and skin growth and I'm worried. It got worse overnight.",skin pigmentation disorder,Dermatological
"The symptoms are skin lesion, skin irritation, acne or pimples, itching of skin, skin rash, skin swelling and skin growth.",fungal infection of the hair,Dermatological
"Since yesterday I've noticed facial pain, abnormal appearing skin, sharp chest pain, pain in eye, itching of skin, mass in scrotum, back pain and headache. It began this morning.",shingles (herpes zoster),Dermatological
"My main problems are sharp abdominal pain, fever, chills, vomiting, diarrhea, nausea, decreased appetite and burning abdominal pain. This has lasted about a week.",infectious gastroenteritis,Febrile/Systemic
"Chief complaint: leg swelling, skin rash, foot or toe swelling, foot or toe pain, hand or finger swelling, hand or finger pain, leg pain and abnormal appearing skin. It started two days ago.",pyogenic skin infection,Dermatological
"For the past few days I've had headache, diminished hearing and neck stiffness or tightness.",injury to the face,Musculoskeletal/Other
"I've been experiencing fever, frequent urination, vomiting, blood in urine, painful urination, suprapubic pain, retention of urine and back pain and I'm worried. This has lasted about a week.",urinary tract infection,Musculoskeletal/Other
"For the past few days I've had symptoms of eye, eye redness, foreign body sensation in eye, spots or clouds in vision and blindness. It comes and goes.",myopia,Musculoskeletal/Other
"The symptoms are chills, difficulty breathing, feeling ill, vomiting, shortness of breath and fever. It began this morning.",sepsis,Febrile/Systemic
"The symptoms are eye redness, diminished vision, pain in eye, lip swelling and eye burns or stings. It began this morning.",cornea infection,Musculoskeletal/Other
"Since yesterday I've noticed regurgitation.1, diarrhea and burning abdominal pain. It got worse overnight.",gastritis,Gastrointestinal
"Chief complaint: dry or flaky scalp, skin dryness, peeling, scaliness, or roughness and skin growth.",seborrheic dermatitis,Dermatological
"I've been experiencing warts, skin growth, skin swelling, irregular appearing scalp, skin irritation and acne or pimples and I'm worried. It began this morning.",skin polyp,Dermatological
"Lately I keep having cough, coryza, hurts to breath, shortness of breath, wheezing, pulling at ears, irritable infant and fever.",acute bronchiolitis,Respiratory
"Lately I keep having side pain, chest tightness, hemoptysis, weakness, leg pain and difficulty breathing.",pulmonary embolism,Respiratory
"I came in because of cough, smoking problems, headache, sharp chest pain, coughing up sputum and hemoptysis. It got worse overnight.",smoking or tobacco addiction,Musculoskeletal/Other
"For the past few days I've had sharp abdominal pain, painful menstruation, long menstrual periods, pelvic pain, unpredictable menstruation and blood clots during menstrual periods. It comes and goes.",idiopathic painful menstruation,Musculoskeletal/Other
"For the past few days I've had blood in stool, melena, sharp abdominal pain, temper problems, changes in stool appearance, constipation and rectal bleeding. It started two days ago.",hemorrhoids,Gastrointestinal
"My main problems are rectal bleeding, blood in stool, diarrhea and vomiting. It got worse overnight.",diverticulosis,Gastrointestinal
"I've been experiencing arm weakness, loss of sensation, shoulder pain, leg weakness, back pain and neck pain and I'm worried.",herniated disk,Gastrointestinal
"Complaining of hemoptysis, feeling ill and apnea. This has lasted about a week.",pulmonary hypertension,Respiratory
"Lately I keep having ache all over, headache, cough, neck stiffness or tightness, nausea, coryza and fever. This has lasted about a week.",meningitis,Febrile/Systemic
"Chief complaint: abnormal involuntary movements, sleepiness and fatigue.",obstructive sleep apnea (osa),Respiratory
"The symptoms are skin moles, acne or pimples, allergic reaction, skin irritation, abnormal appearing skin and skin dryness, peeling, scaliness, or roughness. It got worse overnight.",contact dermatitis,Dermatological
"I feel unwell, with diminished hearing, eye redness and peripheral edema.",orbital cellulitis,Dermatological
"I came in because of cough, chills, difficulty breathing and weakness.",sepsis,Febrile/Systemic
"Lately I keep having blood in urine, back pain, back cramps or spasms, side pain, loss of sensation, hip pain, back stiffness or tightness and leg pain. It began this morning.",chronic back pain,Musculoskeletal/Other
"I have peripheral edema, hand or finger pain, skin rash, foot or toe pain, skin lesion, hand or finger swelling, leg swelling and foot or toe swelling.",pyogenic skin infection,Dermatological
"For the past few days I've had sharp chest pain, side pain, hurts to breath, rib pain, difficulty breathing, back pain, weakness and sharp abdominal pain.",pleural effusion,Respiratory
"I came in because of irregular appearing scalp, skin dryness, peeling, scaliness, or roughness, skin swelling and itching of skin. It got worse overnight.",fungal infection of the skin,Dermatological
"Complaining of fluid retention, nausea, sharp abdominal pain, burning abdominal pain and decreased appetite. It comes and goes.",infectious gastroenteritis,Febrile/Systemic
"I came in because of nausea, rectal bleeding, diarrhea, sharp abdominal pain, burning abdominal pain and blood in stool.",noninfectious gastroenteritis,Febrile/Systemic
"I have retention of urine, pain of the anus and vaginal itching. It comes and goes.",intestinal obstruction,Gastrointestinal
"I've been experiencing abnormal appearing skin, irregular appearing scalp, skin lesion, skin growth, skin irritation, skin swelling, acne or pimples and skin dryness, peeling, scaliness, or roughness and I'm worried. It got worse overnight.",fungal infection of the hair,Dermatological
"The symptoms are acne or pimples, skin moles, skin dryness, peeling, scaliness, or roughness and swollen eye. It started two days ago.",contact dermatitis,Dermatological
"Patient reports cough, ache all over, headache and neck pain. It comes and goes.",meningitis,Febrile/Systemic
"My main problems are sharp chest pain, congestion in chest, nasal congestion, coryza, coughing up sputum, shortness of breath and fever. It began this morning.",chronic obstructive pulmonary disease (copd),Respiratory
"Chief complaint: itchy scalp, skin dryness, peeling, scaliness, or roughness, acne or pimples, skin swelling, itching of skin, abnormal appearing skin and skin rash.",fungal infection of the skin,Dermatological
"My main problems are lacrimation, cough, sore throat, allergic reaction, coryza and headache. It started two days ago.",seasonal allergies (hay fever),Febrile/Systemic
"Lately I keep having diarrhea, headache, fever, sore throat, chills, ache all over, nausea and vomiting.",flu,Respiratory
"For the past few days I've had blood in urine, symptoms of prostate, excessive urination at night, swelling of scrotum, pain in testicles, retention of urine and symptoms of bladder. It comes and goes.",benign prostatic hyperplasia (bph),Musculoskeletal/Other
"I've been experiencing coryza, sore throat, shortness of breath, weakness, vomiting and difficulty breathing and I'm worried. It started two days ago.",pneumonia,Respiratory
"My main problems are lymphedema, skin moles, skin growth, skin lesion, skin dryness, peeling, scaliness, or roughness and acne or pimples.",rosacea,Dermatological
"I came in because of chills, coryza, cough, vomiting, wheezing, weakness, nasal congestion and sore throat. It started two days ago.",pneumonia,Respiratory
"I've been experiencing elbow swelling, difficulty breathing, chills, sharp abdominal pain, cough and shortness of breath and I'm worried. It started two days ago.",sepsis,Febrile/Systemic
"I've been experiencing blood in stool, headache, nausea, decreased appetite, burning abdominal pain, fever, diarrhea and chills and I'm worried.",noninfectious gastroenteritis,Febrile/Systemic
"For the past few days I've had difficulty breathing, feeling ill, vomiting, cough, decreased appetite, facial pain, suprapubic pain and sharp abdominal pain.",sepsis,Febrile/Systemic
"For the past few days I've had coryza, sore throat, wheezing, chest tightness and sharp chest pain. It started two days ago.",chronic obstructive pulmonary disease (copd),Respiratory
"For the past few days I've had ear pain, fever, difficulty speaking, sore throat and coryza.",laryngitis,Respiratory
"I have allergic reaction, sore throat, nasal congestion, headache, abnormal breathing sounds, facial pain and nosebleed. This has lasted about a week.",deviated nasal septum,Respiratory
"Patient reports warts, skin swelling, abnormal appearing skin, bumps on penis, skin lesion, lip swelling and acne or pimples.",viral warts,Dermatological
"Lately I keep having neck pain, loss of sensation, back pain, arm pain and leg pain. It got worse overnight.",herniated disk,Gastrointestinal
"The symptoms are rectal bleeding, intermenstrual bleeding, itching of the anus, pain of the anus, melena, mass or swelling around the anus and sharp abdominal pain. This has lasted about a week.",hemorrhoids,Gastrointestinal
"For the past few days I've had diminished hearing, cough, plugged feeling in ear and facial pain. It got worse overnight.",otitis externa (swimmer's ear),Musculoskeletal/Other
"Since yesterday I've noticed abnormal appearing skin, skin swelling, skin growth, irregular appearing scalp, pelvic pain and skin lesion. It got worse overnight.",fungal infection of the hair,Dermatological
"I came in because of skin rash, itching of skin, skin irritation, skin moles, skin dryness, peeling, scaliness, or roughness and skin swelling. It got worse overnight.",actinic keratosis,Dermatological
"I feel unwell, with sharp abdominal pain, fever, chills, vomiting and nausea. This has lasted about a week.",infectious gastroenteritis,Febrile/Systemic
"My main problems are itching of skin, skin dryness, peeling, scaliness, or roughness, warts, skin swelling, acne or pimples, abnormal appearing skin and skin moles. It got worse overnight.",skin polyp,Dermatological
"For the past few days I've had eye burns or stings, pain in eye, swollen eye, eye redness and symptoms of eye.",conjunctivitis due to allergy,Musculoskeletal/Other
"Patient reports headache, chills, blood in stool, diarrhea, burning abdominal pain and decreased appetite. It comes and goes.",infectious gastroenteritis,Febrile/Systemic
"I have cough, sharp chest pain, fainting, wheezing, congestion in chest and coughing up sputum. This has lasted about a week.",acute bronchitis,Respiratory
"The symptoms are upper abdominal pain, regurgitation, vomiting, sharp chest pain, sharp abdominal pain, regurgitation.1 and burning abdominal pain. It comes and goes.",gastroparesis,Gastrointestinal
"I feel unwell, with pain of the anus, rectal bleeding, vomiting, retention of urine, burning abdominal pain and nausea.",chronic constipation,Gastrointestinal
"Chief complaint: warts, abnormal appearing skin, skin lesion and lip swelling. It started two days ago.",viral warts,Dermatological
"Patient reports facial pain, vaginal itching, ear pain, fever, coughing up sputum, sinus congestion, cough and sore throat. This has lasted about a week.",acute sinusitis,Respiratory
"I have restlessness, anxiety and nervousness, dizziness, insomnia and depression. It began this morning.",drug abuse (opioids),Musculoskeletal/Other
"I have headache, fluid retention, blood in stool, diarrhea, sharp abdominal pain and rectal bleeding.",noninfectious gastroenteritis,Febrile/Systemic
"The symptoms are chest tightness, increased heart rate and throat feels tight.",chronic rheumatic fever,Febrile/Systemic
"I've been experiencing mass in scrotum, pain in testicles and painful urination and I'm worried.",epididymitis,Musculoskeletal/Other
"Since yesterday I've noticed coryza, sore throat, cough, diarrhea, headache and nausea.",flu,Respiratory
"The symptoms are suprapubic pain, chills, vomiting, difficulty breathing and fever. It comes and goes.",sepsis,Febrile/Systemic
"I've been experiencing skin moles, skin swelling, lip swelling, skin growth, irregular appearing scalp and skin lesion and I'm worried. It got worse overnight.",skin cancer,Dermatological
"The symptoms are fluid in ear, pulling at ears, joint pain and cough. It comes and goes.",chronic otitis media,Musculoskeletal/Other
"I've been experiencing headache, coughing up sputum, nasal congestion and wheezing and I'm worried. This has lasted about a week.",acute bronchitis,Respiratory
"I came in because of hand or finger weakness, shoulder pain, hand or finger pain, joint swelling, ankle pain and foot or toe pain. It comes and goes.",mononeuritis,Musculoskeletal/Other
"I came in because of diarrhea, nausea, side pain, lower body pain and burning abdominal pain. It got worse overnight.",acute pancreatitis,Gastrointestinal
"I've been experiencing rectal bleeding, decreased appetite, sharp abdominal pain, chills and headache and I'm worried. It began this morning.",noninfectious gastroenteritis,Febrile/Systemic
"Since yesterday I've noticed abnormal appearing skin, skin growth, skin rash, irregular appearing scalp and skin dryness, peeling, scaliness, or roughness. This has lasted about a week.",psoriasis,Dermatological
"Lately I keep having flu-like syndrome, decreased appetite, nausea, diarrhea, burning abdominal pain, vomiting, blood in stool and fluid retention.",infectious gastroenteritis,Febrile/Systemic
"The symptoms are sharp abdominal pain, abusing alcohol and abnormal involuntary movements. It comes and goes.",alcoholic liver disease,Gastrointestinal
"I came in because of depressive or psychotic symptoms, insomnia, disturbance of memory and hostile behavior. It began this morning.",dementia,Musculoskeletal/Other
"The symptoms are fever, chills, weakness and cough. It comes and goes.",pneumonia,Respiratory
"I've been experiencing diarrhea, headache, lower abdominal pain, sore throat, pain of the anus, constipation and vomiting and I'm worried.",ileus,Gastrointestinal
"Since yesterday I've noticed upper abdominal pain, stomach bloating, nausea, vomiting, burning abdominal pain and decreased appetite.",appendicitis,Gastrointestinal
"I have constipation, cough, fever, chest tightness, difficulty breathing and chills. It began this morning.",acute respiratory distress syndrome (ards),Respiratory
"The symptoms are fatigue, hot flashes, hemoptysis, feeling ill and apnea.",pulmonary hypertension,Respiratory
"I've been experiencing rectal bleeding, nausea, decreased appetite, chills, diarrhea, blood in stool, vomiting and fever and I'm worried.",noninfectious gastroenteritis,Febrile/Systemic
"I feel unwell, with heartburn, blood in stool, mass or swelling around the anus, itching of the anus and rectal bleeding.",hemorrhoids,Gastrointestinal
"I came in because of abnormal involuntary movements, increased heart rate, depressive or psychotic symptoms, headache, anxiety and nervousness and irregular heartbeat. It began this morning.",anxiety,Musculoskeletal/Other
"I feel unwell, with disturbance of memory, seizures, problems with movement, dizziness and slurring words.",stroke,Musculoskeletal/Other
"Lately I keep having low urine output, retention of urine, hesitancy, pain in testicles, frequent urination, impotence and symptoms of prostate.",benign prostatic hyperplasia (bph),Musculoskeletal/Other
"I've been experiencing shoulder pain, problems with movement, lower body pain, back pain, low back pain, loss of sensation, hip pain and neck pain and I'm worried.",spinal stenosis,Musculoskeletal/Other
"Chief complaint: toothache, pain in gums, facial pain, neck swelling and lip swelling. It started two days ago.",tooth abscess,Dermatological
"The symptoms are irritable infant, fever, pulling at ears, diarrhea, cough, nasal congestion and diaper rash. It started two days ago.",diaper rash,Dermatological
"Chief complaint: knee weakness, muscle pain, ankle pain, knee swelling, leg pain and elbow pain.",osteoarthritis,Musculoskeletal/Other
"My main problems are problems with movement, vomiting, fever, weakness, shortness of breath, sharp abdominal pain, feeling ill and chills. It got worse overnight.",sepsis,Febrile/Systemic
"The symptoms are feeling ill, itching of skin and skin swelling.",alopecia,Dermatological
"Complaining of skin irritation, skin rash, itching of skin, skin dryness, peeling, scaliness, or roughness, skin moles, allergic reaction, eyelid swelling, abnormal appearing skin and skin swelling. It comes and goes.",contact dermatitis,Dermatological
"The symptoms are headache, burning abdominal pain, fever, diarrhea, nausea, sharp abdominal pain, rectal bleeding and fluid retention. It comes and goes.",noninfectious gastroenteritis,Febrile/Systemic
"My main problems are symptoms of the kidneys, back pain, upper abdominal pain, lower body pain and nausea.",cholecystitis,Gastrointestinal
"I've been experiencing sharp chest pain, side pain, headache, low back pain, neck pain, vomiting and lower abdominal pain and I'm worried. It started two days ago.",pain after an operation,Musculoskeletal/Other
"I've been experiencing burning abdominal pain, difficulty in swallowing, chest tightness, upper abdominal pain, vomiting, heartburn, cough and sharp chest pain and I'm worried. This has lasted about a week.",esophagitis,Gastrointestinal
"Patient reports lacrimation, ear pain, itchiness of eye, sneezing, coryza, allergic reaction, headache and frontal headache. It began this morning.",seasonal allergies (hay fever),Febrile/Systemic
"Lately I keep having weakness, vomiting, dizziness, shortness of breath and fainting. It comes and goes.",heat exhaustion,Musculoskeletal/Other
"Since yesterday I've noticed fever, diarrhea, decreased appetite, vomiting, feeling ill, sharp chest pain and sharp abdominal pain. It began this morning.",hypovolemia,Musculoskeletal/Other
"I have sharp abdominal pain, cough, shortness of breath, difficulty breathing, feeling ill and suprapubic pain. It started two days ago.",sepsis,Febrile/Systemic
"Patient reports nasal congestion, fluid in ear, headache, sore throat, coryza, sharp chest pain, difficulty breathing and cough. It got worse overnight.",acute bronchitis,Respiratory
"I have skin rash, skin swelling, irregular appearing scalp, itching of skin, too little hair, shortness of breath, acne or pimples and itchy scalp.",fungal infection of the skin,Dermatological
"I feel unwell, with headache, lower body pain, paresthesia, back pain, low back pain, hip pain and loss of sensation.",spinal stenosis,Musculoskeletal/Other
"I have vomiting, sharp chest pain, leg pain, heartburn, sore throat, burning abdominal pain, chest tightness and upper abdominal pain.",esophagitis,Gastrointestinal
"Complaining of skin moles, acne or pimples, itching of skin and skin lesion. This has lasted about a week.",contact dermatitis,Dermatological
"I have cough, pulling at ears, nasal congestion, skin rash, fever, diaper rash and temper problems. It started two days ago.",diaper rash,Dermatological
"I have ear pain, sore throat, chills, nasal congestion, headache and flu-like syndrome. It comes and goes.",common cold,Respiratory
"Lately I keep having constipation, side pain, vomiting, fever, nausea, burning abdominal pain and chills. It started two days ago.",diverticulitis,Gastrointestinal
"The symptoms are skin swelling, abnormal appearing skin, lip swelling, skin lesion and wrinkles on skin. It began this morning.",atrophic skin condition,Dermatological
"The symptoms are vomiting, chest tightness, cough, nausea and difficulty in swallowing.",esophagitis,Gastrointestinal
"My main problems are abnormal breathing sounds, headache, shortness of breath, nasal congestion, sleepiness and sore throat. It comes and goes.",interstitial lung disease,Respiratory
"Since yesterday I've noticed irregular appearing scalp, itching of skin, skin irritation, acne or pimples, pelvic pain, skin swelling and skin rash. It started two days ago.",fungal infection of the hair,Dermatological
"Since yesterday I've noticed cough, sharp abdominal pain and chills. This has lasted about a week.",sepsis,Febrile/Systemic
"Lately I keep having skin dryness, peeling, scaliness, or roughness, joint pain, itching of skin, skin swelling, skin rash and irregular appearing scalp. It started two days ago.",psoriasis,Dermatological
"Patient reports leg pain, skin lesion, hand or finger pain, abnormal appearing skin, hand or finger swelling, foot or toe pain and foot or toe swelling. It started two days ago.",pyogenic skin infection,Dermatological
"For the past few days I've had fever, flu-like syndrome, headache and wheezing. It got worse overnight.",common cold,Respiratory
"Since yesterday I've noticed difficulty speaking, headache, diminished vision, abnormal involuntary movements and vomiting. It began this morning.",intracranial hemorrhage,Musculoskeletal/Other
"My main problems are fever, blood in stool and nasal congestion. This has lasted about a week.",diaper rash,Dermatological
"I have vomiting, headache, nausea and fever. It began this morning.",meningitis,Febrile/Systemic
"Chief complaint: wheezing, shortness of breath, nasal congestion, sore throat, cough, hoarse voice, vomiting and abnormal breathing sounds.",croup,Respiratory
"I've been experiencing vomiting blood, sharp abdominal pain, nausea, changes in stool appearance, sharp chest pain, upper abdominal pain and blood in stool and I'm worried. It comes and goes.",gastroduodenal ulcer,Gastrointestinal
"I feel unwell, with cough, coryza, headache, nasal congestion, ear pain, lacrimation and sore throat.",seasonal allergies (hay fever),Febrile/Systemic
"I've been experiencing neck pain, sharp chest pain and headache and I'm worried. It got worse overnight.",muscle spasm,Musculoskeletal/Other
"I came in because of hand or finger pain, paresthesia, foot or toe pain, ankle pain, hand or finger weakness, elbow pain and leg pain. It comes and goes.",mononeuritis,Musculoskeletal/Other
"Patient reports skin lesion, lack of growth and skin rash. It began this morning.",dermatitis due to sun exposure,Dermatological
"Patient reports back pain, skin rash and pain in eye.",shingles (herpes zoster),Dermatological
"Since yesterday I've noticed symptoms of eye, allergic reaction, cough, sneezing, eye redness and lacrimation. It got worse overnight.",conjunctivitis due to allergy,Musculoskeletal/Other
"Chief complaint: eye redness, eye burns or stings, swollen eye, cough and itchiness of eye. It comes and goes.",conjunctivitis due to allergy,Musculoskeletal/Other
"Chief complaint: nausea, heartburn, back pain, upper abdominal pain, difficulty in swallowing, vomiting blood and mouth pain.",hiatal hernia,Gastrointestinal
"Since yesterday I've noticed chills, decreased appetite, difficulty breathing, suprapubic pain, regurgitation.1, vomiting, feeling ill and fever. It began this morning.",sepsis,Febrile/Systemic
"I feel unwell, with abnormal appearing skin, difficulty speaking and skin growth. It comes and goes.",lichen planus,Dermatological
"Since yesterday I've noticed vomiting, hemoptysis, burning abdominal pain, abusing alcohol, side pain and sharp chest pain.",acute pancreatitis,Gastrointestinal
"I feel unwell, with jaw swelling, facial pain, nasal congestion, cough, neck mass, swollen lymph nodes and neck swelling. It began this morning.",sialoadenitis,Musculoskeletal/Other
"I have retention of urine, pain of the anus and nausea. It comes and goes.",intestinal obstruction,Gastrointestinal
"I came in because of diminished vision, bleeding from eye, blindness, spots or clouds in vision, lacrimation and symptoms of eye.",macular degeneration,Musculoskeletal/Other
"I have burning abdominal pain, diarrhea, heartburn, blood in stool, itching of the anus, cramps and spasms and rectal bleeding. It started two days ago.",rectal disorder,Gastrointestinal
"For the past few days I've had acne or pimples, allergic reaction, skin moles, difficulty breathing, abnormal appearing skin, skin irritation, swollen eye, itching of skin and skin dryness, peeling, scaliness, or roughness. This has lasted about a week.",contact dermatitis,Dermatological
"The symptoms are skin lesion, skin moles, skin swelling, skin growth and skin dryness, peeling, scaliness, or roughness.",psoriasis,Dermatological
"My main problems are vomiting, changes in stool appearance and blood in stool.",gastrointestinal hemorrhage,Gastrointestinal
"The symptoms are arm pain, headache, leg pain, ache all over, back pain and hip pain.",fibromyalgia,Musculoskeletal/Other
"For the past few days I've had nasal congestion, coryza, ear pain, itchiness of eye and headache.",seasonal allergies (hay fever),Febrile/Systemic
"I have heartburn, diarrhea, itching of the anus, sharp abdominal pain, burning abdominal pain and cramps and spasms. It started two days ago.",rectal disorder,Gastrointestinal
"I came in because of feeling ill, swollen lymph nodes and sore throat. This has lasted about a week.",mononucleosis,Febrile/Systemic
"Since yesterday I've noticed fluid retention, sharp abdominal pain, burning abdominal pain, chills, headache, flu-like syndrome and nausea. It comes and goes.",infectious gastroenteritis,Febrile/Systemic
"Patient reports fever, sharp chest pain, leg swelling, skin swelling and decreased heart rate. It started two days ago.",pulmonary congestion,Respiratory
My main problems are cough and lacrimation. This has lasted about a week.,seasonal allergies (hay fever),Febrile/Systemic
"Complaining of decreased appetite, cough, shortness of breath, feeling ill, weakness, difficulty breathing and vomiting. It started two days ago.",sepsis,Febrile/Systemic
"I came in because of insomnia, weight gain, sleepiness, mouth dryness, difficulty breathing, fatigue, apnea and difficulty in swallowing.",obstructive sleep apnea (osa),Respiratory
"Since yesterday I've noticed nausea, burning abdominal pain, flu-like syndrome, sharp abdominal pain, diarrhea, fluid retention, decreased appetite and headache.",infectious gastroenteritis,Febrile/Systemic
"I have skin irritation, acne or pimples, skin swelling, allergic reaction and swollen eye. This has lasted about a week.",contact dermatitis,Dermatological
"Lately I keep having depression, sore throat, sharp chest pain, cough, burning abdominal pain, vomiting, upper abdominal pain and chest tightness.",esophagitis,Gastrointestinal
"I feel unwell, with sharp abdominal pain, weakness, jaundice, upper abdominal pain, blood in stool and heartburn. It started two days ago.",liver disease,Gastrointestinal
"I've been experiencing nausea, hemoptysis, abusing alcohol, upper abdominal pain, sharp abdominal pain, sharp chest pain, diarrhea and back pain and I'm worried. It got worse overnight.",acute pancreatitis,Gastrointestinal
"I have cough, fever, vomiting, ear pain, sore throat and chills.",common cold,Respiratory
"Complaining of knee pain, paresthesia, ache all over, back pain and low back pain. It began this morning.",ankylosing spondylitis,Musculoskeletal/Other
"The symptoms are skin on leg or foot looks infected, arm swelling, shoulder pain, skin swelling and lymphedema.",thrombophlebitis,Musculoskeletal/Other
"Chief complaint: suprapubic pain, feeling ill, shortness of breath and vomiting.",sepsis,Febrile/Systemic
"Patient reports nausea, fever, diarrhea, vomiting, flu-like syndrome, chills and decreased appetite. It got worse overnight.",infectious gastroenteritis,Febrile/Systemic
"Complaining of skin lesion, pelvic pain, acne or pimples, itchy scalp and irregular appearing scalp. This has lasted about a week.",fungal infection of the hair,Dermatological
"I feel unwell, with nausea, fainting, problems with movement, dizziness, weakness, depressive or psychotic symptoms, abnormal involuntary movements and sweating. It comes and goes.",hypoglycemia,Musculoskeletal/Other
"Chief complaint: upper abdominal pain, nausea, burning abdominal pain, sharp chest pain, regurgitation and regurgitation.1.",gastroparesis,Gastrointestinal
"Chief complaint: foot or toe pain, skin lesion, foot or toe swelling, hand or finger pain, hand or finger swelling, abnormal appearing skin and skin rash.",pyogenic skin infection,Dermatological
"The symptoms are headache, sharp abdominal pain, diarrhea, nausea, vomiting, blood in stool, decreased appetite and flu-like syndrome.",infectious gastroenteritis,Febrile/Systemic
"My main problems are sharp abdominal pain, chills, nausea, burning abdominal pain, fever and blood in stool. This has lasted about a week.",infectious gastroenteritis,Febrile/Systemic
"My main problems are skin dryness, peeling, scaliness, or roughness, lymphedema and symptoms of eye. It got worse overnight.",rosacea,Dermatological
"Patient reports decreased appetite, vomiting, diarrhea, sharp abdominal pain, burning abdominal pain, fever, flu-like syndrome and headache.",infectious gastroenteritis,Febrile/Systemic
"I have joint pain, pelvic pain, leg pain, ache all over, back pain and lower body pain. This has lasted about a week.",arthritis of the hip,Musculoskeletal/Other
"The symptoms are lacrimation, itchiness of eye, blindness, pain in eye, cloudy eye and abnormal movement of eyelid. It got worse overnight.",cataract,Musculoskeletal/Other
"The symptoms are nausea, sharp abdominal pain, anxiety and nervousness and flatulence. This has lasted about a week.",irritable bowel syndrome,Gastrointestinal
"Chief complaint: elbow pain, headache, chills, hand or finger pain and shoulder pain.",brachial neuritis,Musculoskeletal/Other
"I've been experiencing feeling ill, fever, decreased appetite, difficulty breathing, chills, shortness of breath, sharp abdominal pain and weakness and I'm worried. This has lasted about a week.",sepsis,Febrile/Systemic
"I have shortness of breath, rib pain, cough, side pain, back pain, sharp chest pain and difficulty breathing.",pleural effusion,Respiratory
"Patient reports burning abdominal pain, headache, nosebleed, sore throat, difficulty breathing, nasal congestion, allergic reaction, facial pain and painful sinuses.",deviated nasal septum,Respiratory
"Complaining of diminished vision, symptoms of eye, itchiness of eye, lacrimation, eye redness and sneezing.",conjunctivitis due to allergy,Musculoskeletal/Other
"I feel unwell, with lower abdominal pain, uterine contractions, back pain, blood clots during menstrual periods, spotting or bleeding during pregnancy, problems during pregnancy and excessive anger.",threatened pregnancy,Musculoskeletal/Other
"Complaining of sharp abdominal pain, rectal bleeding, fever, diarrhea, nausea, decreased appetite and chills. It comes and goes.",noninfectious gastroenteritis,Febrile/Systemic
"The symptoms are fluid retention, chills, shortness of breath, blood in stool, fever, headache and nausea.",infectious gastroenteritis,Febrile/Systemic
"For the past few days I've had sharp chest pain, nasal congestion, fever, cough and headache. It started two days ago.",abscess of the pharynx,Dermatological
Since yesterday I've noticed headache and wrist pain.,rocky mountain spotted fever,Febrile/Systemic
"I have vomiting, sharp abdominal pain, diarrhea, hemoptysis, back pain and side pain. This has lasted about a week.",acute pancreatitis,Gastrointestinal
"Patient reports lower abdominal pain, constipation, sharp abdominal pain, blood in stool, burning abdominal pain, mouth dryness, nausea, diarrhea and side pain.",diverticulitis,Gastrointestinal
"The symptoms are itching of skin, vomiting, rectal bleeding, depression, feeling ill, sharp abdominal pain and jaundice. This has lasted about a week.",hepatitis due to a toxin,Gastrointestinal
"My main problems are fears and phobias, depressive or psychotic symptoms, abusing alcohol and depression. It got worse overnight.",bipolar disorder,Musculoskeletal/Other
"Complaining of heavy menstrual flow, intermenstrual bleeding, fatigue, regurgitation.1, blood in stool, weight gain, dizziness and regurgitation. It began this morning.",iron deficiency anemia,Musculoskeletal/Other
"My main problems are cough, fever, abnormal breathing sounds and sore throat.",croup,Respiratory
"For the past few days I've had warts, skin growth, irregular appearing scalp, skin rash, skin dryness, peeling, scaliness, or roughness and skin lesion.",skin pigmentation disorder,Dermatological
"I have coryza, ear pain, allergic reaction, frontal headache and lacrimation.",seasonal allergies (hay fever),Febrile/Systemic
"Patient reports shortness of breath, cough, side pain, difficulty breathing and leg swelling. It began this morning.",pulmonary embolism,Respiratory
"The symptoms are mass or swelling around the anus, heartburn, lower body pain, rectal bleeding, sharp abdominal pain and blood in stool. It started two days ago.",hemorrhoids,Gastrointestinal
"My main problems are hand or finger pain, skin rash and leg swelling.",pyogenic skin infection,Dermatological
"I feel unwell, with allergic reaction, nosebleed, nasal congestion, apnea and abnormal breathing sounds. It began this morning.",deviated nasal septum,Respiratory
"Since yesterday I've noticed decreased appetite, nausea, flu-like syndrome, fever and fluid retention. It comes and goes.",infectious gastroenteritis,Febrile/Systemic
"For the past few days I've had skin swelling, skin lesion, skin irritation, abnormal appearing skin and skin rash.",seborrheic keratosis,Dermatological
"Lately I keep having diarrhea, vomiting, fluid retention, headache, fever, decreased appetite, sharp abdominal pain and burning abdominal pain. It got worse overnight.",noninfectious gastroenteritis,Febrile/Systemic
"Since yesterday I've noticed rectal bleeding, burning abdominal pain, vomiting, nausea and diarrhea.",noninfectious gastroenteritis,Febrile/Systemic
"For the past few days I've had diarrhea, headache, decreased appetite, vomiting, nausea, fluid retention, fever and burning abdominal pain.",noninfectious gastroenteritis,Febrile/Systemic
"I have skin swelling, skin lesion, lip swelling, irregular appearing scalp and skin moles. It got worse overnight.",skin cancer,Dermatological
"Patient reports arm pain, back pain, leg pain, arm weakness, paresthesia, neck pain, hip pain and low back pain.",herniated disk,Gastrointestinal
"I have fever, suprapubic pain, cough, weakness and decreased appetite.",sepsis,Febrile/Systemic
"For the past few days I've had itching of skin, too little hair, dry or flaky scalp, skin lesion, skin growth, acne or pimples and irregular appearing scalp. It got worse overnight.",seborrheic dermatitis,Dermatological
"Chief complaint: fever, coryza, ache all over, headache, chills and sore throat. It got worse overnight.",flu,Respiratory
"For the past few days I've had lip swelling, skin lesion, skin moles, abnormal appearing skin and skin irritation. It started two days ago.",skin cancer,Dermatological
"I have chills, chest tightness, fever, cough and sharp chest pain. It began this morning.",acute respiratory distress syndrome (ards),Respiratory
"I came in because of sharp abdominal pain, regurgitation, vomiting blood, difficulty in swallowing, regurgitation.1, back pain and burning abdominal pain.",hiatal hernia,Gastrointestinal
"Patient reports fluid retention, headache, vomiting, diarrhea, decreased appetite, blood in stool, flu-like syndrome and nausea.",infectious gastroenteritis,Febrile/Systemic
"I feel unwell, with ankle pain, wrist pain, wrist swelling, ankle swelling, knee pain and problems with movement. It got worse overnight.",joint effusion,Musculoskeletal/Other
"For the past few days I've had wheezing, skin swelling, irregular appearing scalp, skin moles, skin irritation and skin growth. It started two days ago.",actinic keratosis,Dermatological
"Lately I keep having rectal bleeding, diarrhea, headache, decreased appetite and sharp abdominal pain. This has lasted about a week.",noninfectious gastroenteritis,Febrile/Systemic
"I feel unwell, with dry or flaky scalp, acne or pimples, symptoms of the face, irregular appearing scalp, skin dryness, peeling, scaliness, or roughness and skin lesion.",seborrheic dermatitis,Dermatological
"Lately I keep having diaper rash, nasal congestion, ear pain, skin rash, blood in stool and temper problems.",diaper rash,Dermatological
"For the past few days I've had side pain, regurgitation.1, lower body pain, nausea and burning abdominal pain.",gallstone,Gastrointestinal
"I came in because of sore throat, difficulty breathing, cough, headache, congestion in chest, sharp chest pain, coughing up sputum and fever.",acute bronchitis,Respiratory
"My main problems are cough, suprapubic pain, chills, leg pain, feeling ill, sharp abdominal pain and weakness. It started two days ago.",sepsis,Febrile/Systemic
"Since yesterday I've noticed shortness of breath, coryza and difficulty breathing.",asthma,Respiratory
"Complaining of lower body pain, arm pain, chest tightness and sweating. It got worse overnight.",angina,Musculoskeletal/Other
"Lately I keep having itchy scalp, itching of skin, skin moles, skin lesion, skin swelling, irregular appearing scalp, skin dryness, peeling, scaliness, or roughness and abnormal appearing skin.",psoriasis,Dermatological
"Patient reports nasal congestion, coryza, difficulty speaking, difficulty in swallowing, fever and throat feels tight. It comes and goes.",laryngitis,Respiratory
"For the past few days I've had sharp abdominal pain, decreased appetite, chills, fever, headache and rectal bleeding.",noninfectious gastroenteritis,Febrile/Systemic
"Complaining of vomiting, lower body pain and back pain. It comes and goes.",cholecystitis,Gastrointestinal
"I've been experiencing mass in scrotum, symptoms of the scrotum and testes, involuntary urination, swelling of scrotum, groin pain, skin growth and infertility and I'm worried. It got worse overnight.",varicocele of the testicles,Musculoskeletal/Other
"I have lower body pain, diarrhea, vomiting, nasal congestion, nausea, upper abdominal pain, burning abdominal pain and sharp abdominal pain. It began this morning.",acute pancreatitis,Gastrointestinal
"I came in because of headache, cough, sneezing, frontal headache, ear pain, itchiness of eye and coryza. This has lasted about a week.",seasonal allergies (hay fever),Febrile/Systemic
"I've been experiencing changes in stool appearance, vomiting blood, blood in stool, nausea, vomiting, sharp abdominal pain and burning abdominal pain and I'm worried. It began this morning.",gastroduodenal ulcer,Gastrointestinal
"I have warts, skin moles, skin lesion, irregular appearing scalp and skin dryness, peeling, scaliness, or roughness. It comes and goes.",skin polyp,Dermatological
"The symptoms are diarrhea, heartburn, shortness of breath, unusual color or odor to urine and weakness.",liver disease,Gastrointestinal
"Complaining of sharp abdominal pain, nausea, vomiting, blood in stool, decreased appetite, diarrhea and headache. It began this morning.",infectious gastroenteritis,Febrile/Systemic
"I have irritable infant, cough, coryza, difficulty breathing, hurts to breath, nasal congestion and shortness of breath. It comes and goes.",acute bronchiolitis,Respiratory
"I have skin lesion, foot or toe swelling, skin growth, fluid retention, skin swelling, skin rash, irregular appearing nails and abnormal appearing skin. This has lasted about a week.",callus,Dermatological
"Since yesterday I've noticed back pain, sharp abdominal pain, diarrhea and sharp chest pain. It started two days ago.",acute pancreatitis,Gastrointestinal
"The symptoms are nausea, diarrhea, weakness and fainting.",gastrointestinal hemorrhage,Gastrointestinal
"Lately I keep having delusions or hallucinations, excessive anger, temper problems, hysterical behavior, abusing alcohol and insomnia.",psychotic disorder,Musculoskeletal/Other
"Chief complaint: shortness of breath, leg swelling, fever and chest tightness.",pulmonary congestion,Respiratory
"Since yesterday I've noticed sharp abdominal pain, vomiting, upper abdominal pain, side pain and nausea. It started two days ago.",acute pancreatitis,Gastrointestinal
Patient reports fever and fatigue. It got worse overnight.,white blood cell disease,Musculoskeletal/Other
"For the past few days I've had involuntary urination, side pain and symptoms of bladder. It comes and goes.",cystitis,Musculoskeletal/Other
"The symptoms are vomiting, nasal congestion, fever, cough and hurts to breath. It got worse overnight.",acute bronchiolitis,Respiratory
"Patient reports back pain, pelvic pain, vaginal discharge, lower abdominal pain, burning abdominal pain, suprapubic pain, vomiting and painful urination. It comes and goes.",pelvic inflammatory disease,Musculoskeletal/Other
"For the past few days I've had hostile behavior, anxiety and nervousness, headache, smoking problems and delusions or hallucinations. This has lasted about a week.",neurosis,Musculoskeletal/Other
"My main problems are delusions or hallucinations, drug abuse, depression, depressive or psychotic symptoms, low self-esteem, anxiety and nervousness and insomnia.",personality disorder,Musculoskeletal/Other
"The symptoms are fever, facial pain, cough, sinus congestion and frontal headache.",acute sinusitis,Respiratory
"I came in because of sharp chest pain, apnea, palpitations and shortness of breath. It began this morning.",pulmonary hypertension,Respiratory
"My main problems are itching of skin, irregular appearing scalp, dry or flaky scalp, symptoms of the face and abnormal appearing skin.",seborrheic dermatitis,Dermatological
"The symptoms are jaw swelling, hoarse voice, facial pain, cough and allergic reaction. It got worse overnight.",nasal polyp,Respiratory
"For the past few days I've had sore throat, ear pain, headache, sneezing, cough and nasal congestion.",seasonal allergies (hay fever),Febrile/Systemic
"I've been experiencing hand or finger swelling, ache all over, wrist swelling, elbow swelling and knee pain and I'm worried. This has lasted about a week.",rheumatoid arthritis,Musculoskeletal/Other
"Lately I keep having skin dryness, peeling, scaliness, or roughness, abnormal appearing skin, acne or pimples, skin swelling, itching of skin, skin growth, itchy scalp and pelvic pain. It started two days ago.",fungal infection of the hair,Dermatological
"Patient reports vomiting, sharp abdominal pain, rectal bleeding, burning abdominal pain, diarrhea and pain of the anus. It began this morning.",crohn disease,Gastrointestinal
"For the past few days I've had itchy scalp, irregular appearing scalp, skin lesion, skin rash, acne or pimples, abnormal appearing skin and itching of skin.",fungal infection of the skin,Dermatological
"I've been experiencing back pain, low back pain, hip pain, ache all over, headache, arm pain and sharp chest pain and I'm worried. It got worse overnight.",fibromyalgia,Musculoskeletal/Other
"For the past few days I've had back pain, pain in eye, headache and sharp chest pain.",shingles (herpes zoster),Dermatological
"I have back pain, regurgitation, difficulty in swallowing, upper abdominal pain, vomiting blood and regurgitation.1. This has lasted about a week.",hiatal hernia,Gastrointestinal
"Complaining of nausea, eye redness, cough, pain in eye, diminished vision and lacrimation.",conjunctivitis due to allergy,Musculoskeletal/Other
"Since yesterday I've noticed weakness, vomiting, decreased appetite, shortness of breath, suprapubic pain, feeling ill and difficulty breathing.",sepsis,Febrile/Systemic
"I feel unwell, with cough, chest tightness, weakness, shortness of breath, leg swelling and sharp chest pain. It began this morning.",pulmonary congestion,Respiratory
"I have blood in stool, itching of the anus, cramps and spasms, melena, rectal bleeding, heartburn and pain of the anus. This has lasted about a week.",rectal disorder,Gastrointestinal
"Chief complaint: blood in stool, upper abdominal pain, sharp abdominal pain, fever, burning abdominal pain and diarrhea. This has lasted about a week.",diverticulitis,Gastrointestinal
"My main problems are elbow pain, wrist swelling, wrist stiffness or tightness, arm pain, shoulder stiffness or tightness, arm stiffness or tightness and wrist pain.",fracture of the arm,Musculoskeletal/Other
"I have nausea, sharp abdominal pain, regurgitation, chest tightness, regurgitation.1 and difficulty in swallowing.",gastroesophageal reflux disease (gerd),Gastrointestinal
"I feel unwell, with weakness, hemoptysis, difficulty breathing, sweating, side pain, leg swelling and sharp chest pain.",pulmonary embolism,Respiratory
"Since yesterday I've noticed blindness, vomiting, nausea, diminished vision, weakness and headache.",intracerebral hemorrhage,Musculoskeletal/Other
"The symptoms are shortness of breath, decreased appetite, vomiting, suprapubic pain, chills and weakness. It began this morning.",sepsis,Febrile/Systemic
"Complaining of facial pain, symptoms of the face, sinus congestion, painful sinuses, fever and coryza. It comes and goes.",acute sinusitis,Respiratory
"My main problems are leg pain, hand or finger swelling, skin lesion, hand or finger pain, foot or toe swelling and skin swelling. It got worse overnight.",pyogenic skin infection,Dermatological
"I've been experiencing headache, coryza, sore throat and ear pain and I'm worried. It comes and goes.",seasonal allergies (hay fever),Febrile/Systemic
"Lately I keep having diminished hearing, sore throat, ear pain, fluid in ear, coryza and plugged feeling in ear. It began this morning.",acute otitis media,Musculoskeletal/Other
"I have nasal congestion, abnormal appearing skin, skin rash, mouth ulcer, cough, sore in nose and skin lesion. It got worse overnight.",impetigo,Dermatological
"Patient reports rib pain, difficulty speaking, nausea, disturbance of memory and headache. It comes and goes.",concussion,Musculoskeletal/Other
"I have bumps on penis, acne or pimples, abnormal appearing skin and skin swelling. It got worse overnight.",viral warts,Dermatological
"Lately I keep having heartburn, vomiting blood, sharp abdominal pain and blood in stool.",gastroduodenal ulcer,Gastrointestinal
"For the past few days I've had chills, nasal congestion, coryza, cough, fever and sore throat. This has lasted about a week.",common cold,Respiratory
"I came in because of neck pain, low back pain and leg cramps or spasms. It got worse overnight.",spondylolisthesis,Musculoskeletal/Other
"I came in because of warts, abnormal appearing skin, itching of skin, skin growth, skin irritation and acne or pimples.",seborrheic keratosis,Dermatological
"My main problems are skin growth, itching of skin, pelvic pain, acne or pimples, skin irritation, skin lesion and skin rash.",fungal infection of the hair,Dermatological
"Since yesterday I've noticed chills, nasal congestion, fever, difficulty breathing, sore throat, cough, weakness and sharp chest pain. It started two days ago.",pneumonia,Respiratory
"For the past few days I've had involuntary urination, hand or finger pain, loss of sex drive, excessive urination at night and symptoms of prostate. It started two days ago.",erectile dysfunction,Musculoskeletal/Other
"For the past few days I've had chills, fever, feeling ill, shortness of breath, decreased appetite, cough, sharp abdominal pain and suprapubic pain. It got worse overnight.",sepsis,Febrile/Systemic
"The symptoms are burning abdominal pain, headache, fever, fluid retention, vomiting, blood in stool, nausea and sharp abdominal pain.",infectious gastroenteritis,Febrile/Systemic
"I came in because of flu-like syndrome, sore throat, headache, vomiting, fever, wheezing, ear pain and chills. It began this morning.",common cold,Respiratory
"I came in because of sharp chest pain, nausea, burning abdominal pain and diarrhea. It started two days ago.",acute pancreatitis,Gastrointestinal
"I came in because of headache, leg pain, loss of sensation, abnormal involuntary movements, muscle cramps, contractures, or spasms and sharp chest pain. It got worse overnight.",muscle spasm,Musculoskeletal/Other
"Chief complaint: feeling ill, weakness, fever, suprapubic pain, chills, decreased appetite, difficulty breathing and shortness of breath. This has lasted about a week.",sepsis,Febrile/Systemic
"The symptoms are difficulty breathing, decreased appetite, irritable infant, hurts to breath, cough, pulling at ears, nasal congestion and coryza.",acute bronchiolitis,Respiratory
"Lately I keep having shortness of breath, blood in stool, side pain, peripheral edema, heartburn, jaundice and sharp abdominal pain. It started two days ago.",liver disease,Gastrointestinal
"The symptoms are decreased appetite, chills, fluid retention, coryza, blood in stool and fever. This has lasted about a week.",infectious gastroenteritis,Febrile/Systemic
"I've been experiencing itchy scalp, too little hair, eye burns or stings, skin lesion and skin swelling and I'm worried. It started two days ago.",fungal infection of the skin,Dermatological
"I feel unwell, with vomiting, chills, flu-like syndrome, burning abdominal pain and nausea.",infectious gastroenteritis,Febrile/Systemic
"Since yesterday I've noticed joint pain, irregular appearing scalp, skin lesion, itching of skin and itchy scalp. It comes and goes.",psoriasis,Dermatological
"For the past few days I've had dizziness, blood in stool, sharp abdominal pain and vomiting. It began this morning.",gastrointestinal hemorrhage,Gastrointestinal
"Patient reports cough, sharp chest pain and coughing up sputum. It comes and goes.",asthma,Respiratory
"For the past few days I've had pus draining from ear, ringing in ear, redness in ear, cough, diminished hearing, pulling at ears and fluid in ear.",ear drum damage,Musculoskeletal/Other
"Lately I keep having redness in ear, blood in stool and swollen lymph nodes. It started two days ago.",ulcerative colitis,Gastrointestinal
"Chief complaint: irregular appearing scalp, skin lesion, dry or flaky scalp, itching of skin and anxiety and nervousness.",seborrheic dermatitis,Dermatological
"For the past few days I've had nausea, vomiting, sharp chest pain, regurgitation.1, sharp abdominal pain, back pain, burning abdominal pain and upper abdominal pain. It got worse overnight.",gallstone,Gastrointestinal
"I came in because of sore throat, fever, painful sinuses, difficulty breathing, ear pain and headache.",nose disorder,Musculoskeletal/Other
"Chief complaint: skin dryness, peeling, scaliness, or roughness, pelvic pain, skin lesion, itching of skin, itchy scalp and skin growth. It began this morning.",fungal infection of the hair,Dermatological
"Complaining of vaginal itching, itchy scalp, problems during pregnancy, allergic reaction, skin rash, skin dryness, peeling, scaliness, or roughness and fluid retention. It began this morning.",itching of unknown cause,Musculoskeletal/Other
"I've been experiencing abnormal appearing skin, skin growth, skin dryness, peeling, scaliness, or roughness, skin swelling, symptoms of the face, dry or flaky scalp, irregular appearing scalp, acne or pimples and itching of skin and I'm worried.",seborrheic dermatitis,Dermatological
"My main problems are fluid retention, flu-like syndrome, nausea and fever.",infectious gastroenteritis,Febrile/Systemic
"For the past few days I've had acne or pimples, skin irritation, warts, itching of skin, skin swelling, skin growth, skin moles and abnormal appearing skin. It comes and goes.",seborrheic keratosis,Dermatological
"Patient reports sharp abdominal pain, groin pain, groin mass and swollen abdomen.",inguinal hernia,Gastrointestinal
"My main problems are delusions or hallucinations, seizures, fears and phobias, lack of growth and obsessions and compulsions. It began this morning.",developmental disability,Musculoskeletal/Other
"I came in because of sharp abdominal pain, vomiting, upper abdominal pain, diarrhea and abusing alcohol.",acute pancreatitis,Gastrointestinal
"Lately I keep having loss of sensation, lymphedema, foot or toe stiffness or tightness and leg pain. It comes and goes.",diabetic peripheral neuropathy,Musculoskeletal/Other
"Patient reports neck pain, paresthesia, leg pain, low back pain, hip pain, loss of sensation, leg weakness and shoulder pain. This has lasted about a week.",herniated disk,Gastrointestinal
"The symptoms are allergic reaction, frontal headache, painful sinuses and headache.",nasal polyp,Respiratory
"I have facial pain, painful sinuses, coryza and coughing up sputum.",acute sinusitis,Respiratory
"Since yesterday I've noticed problems during pregnancy, pelvic pain, vaginal pain, nausea, intermenstrual bleeding, vaginal discharge, blood clots during menstrual periods, pain during pregnancy and lower abdominal pain.",vaginal cyst,Musculoskeletal/Other
"Chief complaint: coryza, decreased appetite, difficulty breathing and hurts to breath. It began this morning.",acute bronchiolitis,Respiratory
"I have lower abdominal pain, flatulence, burning abdominal pain, insomnia and nausea.",irritable bowel syndrome,Gastrointestinal
"Patient reports itchiness of eye, lacrimation and sore throat.",seasonal allergies (hay fever),Febrile/Systemic
"Complaining of sharp abdominal pain, sore throat, chest tightness, joint pain, vomiting, heartburn and shortness of breath. This has lasted about a week.",esophagitis,Gastrointestinal
"Complaining of suprapubic pain, fever, weakness, feeling ill and difficulty breathing. It started two days ago.",sepsis,Febrile/Systemic
"I've been experiencing ear pain, hoarse voice, coryza, ache all over and sore throat and I'm worried. It got worse overnight.",laryngitis,Respiratory
"Lately I keep having pain of the anus, nausea, constipation, chills and vaginal itching. It began this morning.",intestinal obstruction,Gastrointestinal
"My main problems are fever, ear pain, frontal headache, coughing up sputum, sinus congestion and coryza.",acute sinusitis,Respiratory
"My main problems are dizziness, vomiting blood, sharp abdominal pain, vomiting, weakness, apnea, burning abdominal pain, nausea and headache.",hyperemesis gravidarum,Musculoskeletal/Other
"My main problems are blood in stool, vomiting, dizziness, weakness and melena.",gastrointestinal hemorrhage,Gastrointestinal
"I've been experiencing regurgitation.1, rectal bleeding, regurgitation, burning abdominal pain and blood in stool and I'm worried.",crohn disease,Gastrointestinal
"For the past few days I've had skin dryness, peeling, scaliness, or roughness, skin swelling, too little hair, itchy scalp, skin lesion and skin rash. This has lasted about a week.",fungal infection of the skin,Dermatological
"I have nasal congestion, headache, wheezing, sleepiness and shortness of breath.",interstitial lung disease,Respiratory
"The symptoms are skin swelling, skin lesion, acne or pimples, abnormal appearing skin, skin rash and irregular appearing nails. It began this morning.",callus,Dermatological
"I have skin swelling, joint pain, skin lesion, itching of skin, skin dryness, peeling, scaliness, or roughness, skin moles, skin rash and skin growth.",psoriasis,Dermatological
"For the past few days I've had nausea, sore throat, coryza, chills and ache all over.",flu,Respiratory
"For the past few days I've had skin lesion, irregular appearing scalp, skin irritation, abnormal appearing skin and skin growth. This has lasted about a week.",skin disorder,Dermatological
"The symptoms are nausea, upper abdominal pain, back pain, sharp abdominal pain, hemoptysis, side pain, sharp chest pain and lower body pain. It comes and goes.",acute pancreatitis,Gastrointestinal
"Complaining of loss of sensation, warts, abnormal appearing skin, skin moles, acne or pimples and skin dryness, peeling, scaliness, or roughness. It started two days ago.",skin pigmentation disorder,Dermatological
"I've been experiencing abnormal appearing skin, lip swelling, skin lesion and acne or pimples and I'm worried. This has lasted about a week.",viral warts,Dermatological
"Since yesterday I've noticed upper abdominal pain, difficulty in swallowing, sharp abdominal pain, cough, sharp chest pain and shortness of breath. It began this morning.",esophagitis,Gastrointestinal
"Since yesterday I've noticed ear pain, cough, frontal headache and sneezing. It began this morning.",seasonal allergies (hay fever),Febrile/Systemic
"Patient reports anxiety and nervousness, delusions or hallucinations, nightmares, hostile behavior, insomnia and depression. It got worse overnight.",adjustment reaction,Musculoskeletal/Other
"I have fluid retention, vomiting, fever, nausea, headache and blood in stool.",noninfectious gastroenteritis,Febrile/Systemic
"I have difficulty breathing, nosebleed, allergic reaction, painful sinuses and sore throat.",deviated nasal septum,Respiratory
"I've been experiencing shoulder pain, low back pain, leg pain, arm pain and back pain and I'm worried.",herniated disk,Gastrointestinal
"For the past few days I've had chills, upper abdominal pain, lower abdominal pain, side pain and blood in stool.",diverticulitis,Gastrointestinal
"I've been experiencing leg pain, ache all over, difficulty speaking and knee pain and I'm worried.",fracture of the pelvis,Musculoskeletal/Other
"My main problems are eye redness, swollen eye, cough, sore throat, coryza, nasal congestion, fever and lacrimation. It began this morning.",conjunctivitis,Musculoskeletal/Other
"I feel unwell, with decreased appetite, fever, chills, sharp abdominal pain and weakness. It started two days ago.",sepsis,Febrile/Systemic
"I have nausea, fever, blood in stool, rectal bleeding and chills. It began this morning.",noninfectious gastroenteritis,Febrile/Systemic
"The symptoms are acne or pimples, skin lesion, skin swelling, warts and skin rash. It comes and goes.",seborrheic keratosis,Dermatological
"Since yesterday I've noticed ache all over, swollen abdomen, lower abdominal pain, sharp abdominal pain and delusions or hallucinations. It comes and goes.",abdominal hernia,Gastrointestinal
"I came in because of nasal congestion, weakness, sharp chest pain, leg swelling, decreased heart rate, shortness of breath and fever. It comes and goes.",pulmonary congestion,Respiratory
"Since yesterday I've noticed sleepiness, cough, nasal congestion, fever and shortness of breath.",interstitial lung disease,Respiratory
"Since yesterday I've noticed hurts to breath, weakness and side pain. It got worse overnight.",pleural effusion,Respiratory
"I feel unwell, with cough, sharp abdominal pain, suprapubic pain, decreased appetite, shortness of breath, difficulty breathing and retention of urine.",sepsis,Febrile/Systemic
"Patient reports itching of skin, skin dryness, peeling, scaliness, or roughness, skin rash, skin lesion, skin swelling, skin irritation, allergic reaction and irregular appearing scalp.",eczema,Dermatological
"I came in because of vomiting, shortness of breath, decreased appetite, pulling at ears, nasal congestion and cough. It got worse overnight.",acute bronchiolitis,Respiratory
"I feel unwell, with shortness of breath, chest tightness, peripheral edema, weight gain and fainting. This has lasted about a week.",heart block,Musculoskeletal/Other
"I've been experiencing loss of sensation, disturbance of memory, fatigue, abnormal involuntary movements, weakness, problems with movement and paresthesia and I'm worried. It got worse overnight.",multiple sclerosis,Musculoskeletal/Other
"The symptoms are fever, gum pain, mouth ulcer, tongue lesions and lip swelling. It began this morning.",oral mucosal lesion,Musculoskeletal/Other
"I've been experiencing pelvic pain, dizziness, intermenstrual bleeding, lower abdominal pain, sharp abdominal pain, nausea and pain during pregnancy and I'm worried. It began this morning.",ectopic pregnancy,Musculoskeletal/Other
"I feel unwell, with dizziness, chest tightness, increased heart rate, palpitations and throat feels tight. It comes and goes.",chronic rheumatic fever,Febrile/Systemic
"Since yesterday I've noticed ear pain, sore throat, cough, coryza, headache, skin growth, lacrimation, nasal congestion and frontal headache. It started two days ago.",seasonal allergies (hay fever),Febrile/Systemic
"Lately I keep having anxiety and nervousness, abnormal involuntary movements, sharp chest pain, shortness of breath, depressive or psychotic symptoms, depression and headache. It began this morning.",anxiety,Musculoskeletal/Other
"Patient reports mass or swelling around the anus, melena, heartburn, rectal bleeding, constipation and changes in stool appearance. It got worse overnight.",hemorrhoids,Gastrointestinal
"Lately I keep having paresthesia, weakness, disturbance of memory, dizziness, sharp chest pain, headache and symptoms of the face. This has lasted about a week.",transient ischemic attack,Musculoskeletal/Other
"Chief complaint: unusual color or odor to urine, upper abdominal pain, peripheral edema, nausea, blood in stool, sharp abdominal pain, weakness and jaundice.",liver disease,Gastrointestinal
"The symptoms are lacrimation, headache, sneezing, coryza, itchiness of eye, allergic reaction and frontal headache. It got worse overnight.",seasonal allergies (hay fever),Febrile/Systemic
"I have abnormal appearing skin, skin swelling, itching of skin and sore in nose.",impetigo,Dermatological
"Since yesterday I've noticed cough, ache all over, nausea and vomiting. This has lasted about a week.",meningitis,Febrile/Systemic
"Patient reports itching of skin, skin swelling, cough, sore in nose, nasal congestion, skin lesion and abnormal appearing skin.",impetigo,Dermatological
For the past few days I've had neck swelling and hand or finger pain.,crushing injury,Musculoskeletal/Other
"For the past few days I've had chills, fluid retention, burning abdominal pain, headache, diarrhea and nausea. It started two days ago.",noninfectious gastroenteritis,Febrile/Systemic
"I've been experiencing diarrhea, itching of the anus, melena, heartburn, constipation and cramps and spasms and I'm worried. It got worse overnight.",rectal disorder,Gastrointestinal
"Complaining of lacrimation, symptoms of eye, foreign body sensation in eye, itchiness of eye and itchy eyelid. This has lasted about a week.",glaucoma,Musculoskeletal/Other
"I've been experiencing nausea, kidney mass, vomiting, sharp abdominal pain, retention of urine, dizziness and sharp chest pain and I'm worried. It comes and goes.",acute kidney injury,Musculoskeletal/Other
"Since yesterday I've noticed pulling at ears, cough, blood in stool, diaper rash, vomiting and irritable infant. It started two days ago.",diaper rash,Dermatological
"The symptoms are lower abdominal pain, fever, diarrhea, burning abdominal pain, decreased appetite, stomach bloating and sharp abdominal pain. It started two days ago.",appendicitis,Gastrointestinal
"I feel unwell, with diarrhea, blood in stool, fluid retention, sharp abdominal pain and rectal bleeding.",noninfectious gastroenteritis,Febrile/Systemic
"Complaining of side pain, sharp abdominal pain, heartburn, shortness of breath, peripheral edema, jaundice and weakness.",liver disease,Gastrointestinal
"Patient reports cough, nasal congestion, sore throat, stomach bloating, throat feels tight and difficulty speaking. It started two days ago.",laryngitis,Respiratory
"The symptoms are constipation, diarrhea, vomiting, blood in stool and fever.",diverticulitis,Gastrointestinal
"For the past few days I've had skin rash, swollen eye, skin swelling, abnormal appearing skin and acne or pimples. It comes and goes.",contact dermatitis,Dermatological
"My main problems are pulling at ears, irritable infant, vomiting, cough, blood in stool and temper problems.",diaper rash,Dermatological
"Chief complaint: pain in eye, swollen eye, symptoms of eye, anxiety and nervousness, eye burns or stings and lip swelling. It got worse overnight.",cornea infection,Musculoskeletal/Other
"Patient reports groin mass, upper abdominal pain and sharp abdominal pain. It began this morning.",liver cancer,Gastrointestinal
"Complaining of chills, sharp abdominal pain, cough, decreased appetite, difficulty breathing, suprapubic pain, weakness and vomiting. It began this morning.",sepsis,Febrile/Systemic
"Patient reports cough, wheezing, sore throat, fever, congestion in chest and coughing up sputum. It got worse overnight.",acute bronchitis,Respiratory
"I came in because of temper problems, depressive or psychotic symptoms, abusing alcohol, drug abuse, hostile behavior, insomnia and disturbance of memory. It comes and goes.",depression,Musculoskeletal/Other
"I came in because of acne or pimples, skin lesion, abnormal appearing skin, throat feels tight, irregular appearing scalp, skin growth, skin swelling, pelvic pain and itchy scalp. This has lasted about a week.",fungal infection of the hair,Dermatological
"I've been experiencing shortness of breath, cough, weakness, chills, difficulty breathing and feeling ill and I'm worried. It started two days ago.",sepsis,Febrile/Systemic
"The symptoms are too little hair, irregular appearing nails, skin growth and abnormal appearing skin.",onychomycosis,Musculoskeletal/Other
"I have burning abdominal pain, decreased appetite, diarrhea and rectal bleeding. It began this morning.",noninfectious gastroenteritis,Febrile/Systemic
"Since yesterday I've noticed skin growth, skin swelling, itching of skin, itchy scalp, skin moles, skin rash and irregular appearing scalp. It comes and goes.",psoriasis,Dermatological
"The symptoms are vomiting, burning abdominal pain, upper abdominal pain, back pain and side pain. It comes and goes.",acute pancreatitis,Gastrointestinal
"I came in because of leg pain, leg stiffness or tightness and leg swelling.",fracture of the leg,Musculoskeletal/Other
"I've been experiencing diarrhea, blood in stool, nausea and changes in stool appearance and I'm worried.",gastrointestinal hemorrhage,Gastrointestinal
"Lately I keep having skin dryness, peeling, scaliness, or roughness, itching of skin, symptoms of eye, skin swelling and abnormal appearing skin.",rosacea,Dermatological
"Since yesterday I've noticed dizziness, melena, sharp abdominal pain, weakness, diarrhea and blood in stool. It began this morning.",gastrointestinal hemorrhage,Gastrointestinal
"Since yesterday I've noticed difficulty in swallowing, weight gain, fatigue, abnormal involuntary movements, sweating and mouth dryness. It comes and goes.",obstructive sleep apnea (osa),Respiratory
"Chief complaint: itching of skin, skin irritation, skin dryness, peeling, scaliness, or roughness, skin growth, acne or pimples and skin moles. It got worse overnight.",skin disorder,Dermatological
"Patient reports cough, temper problems, nasal congestion, pulling at ears, blood in stool and diaper rash.",diaper rash,Dermatological
"Lately I keep having decreased appetite, cough, vomiting, knee pain, difficulty breathing and shortness of breath. This has lasted about a week.",sepsis,Febrile/Systemic
"Chief complaint: irregular appearing scalp, lip swelling, skin growth, skin dryness, peeling, scaliness, or roughness, skin swelling, irregular appearing nails, fever and skin lesion.",hemangioma,Musculoskeletal/Other
"Patient reports low self-esteem, hoarse voice, ear pain, ringing in ear, redness in ear and fluid in ear.",conductive hearing loss,Musculoskeletal/Other
"Since yesterday I've noticed weight gain, fatigue, chest tightness and increased heart rate. This has lasted about a week.",paroxysmal ventricular tachycardia,Musculoskeletal/Other
"Complaining of skin swelling, lip swelling and skin moles. This has lasted about a week.",viral warts,Dermatological
"I have warts, neck pain, irregular appearing scalp, cough, itching of skin, skin lesion, skin rash, skin dryness, peeling, scaliness, or roughness and acne or pimples.",eczema,Dermatological
"Patient reports palpitations, throat feels tight, sharp chest pain and increased heart rate. It began this morning.",chronic rheumatic fever,Febrile/Systemic
"Lately I keep having skin moles, skin swelling, acne or pimples and skin rash. It started two days ago.",dermatitis due to sun exposure,Dermatological
"I feel unwell, with sharp abdominal pain, dizziness, fainting, diarrhea, nausea, weakness and melena.",gastrointestinal hemorrhage,Gastrointestinal
"The symptoms are regurgitation.1, sharp chest pain, upper abdominal pain and cramps and spasms.",gallstone,Gastrointestinal
"Complaining of redness in ear, ear pain, diminished hearing and fluid in ear.",conductive hearing loss,Musculoskeletal/Other
"My main problems are fluid in ear, plugged feeling in ear and hoarse voice. It comes and goes.",conductive hearing loss,Musculoskeletal/Other
"The symptoms are vomiting, depression, itching of skin, feeling ill and jaundice. It started two days ago.",hepatitis due to a toxin,Gastrointestinal
"My main problems are blood in stool, fever, flu-like syndrome, fluid retention, burning abdominal pain, sharp abdominal pain and headache.",infectious gastroenteritis,Febrile/Systemic
"Lately I keep having low self-esteem, fluid in ear, diminished hearing and redness in ear. It started two days ago.",conductive hearing loss,Musculoskeletal/Other
"I've been experiencing feeling ill, fatigue, difficulty breathing, hemoptysis and shortness of breath and I'm worried.",pulmonary hypertension,Respiratory
"For the past few days I've had bones are painful, side pain, hurts to breath, shoulder pain, rib pain and back pain. It began this morning.",fracture of the rib,Musculoskeletal/Other
"Chief complaint: diarrhea, fainting, melena and blood in stool. It started two days ago.",gastrointestinal hemorrhage,Gastrointestinal
"I came in because of skin rash, frequent urination, sharp abdominal pain and suprapubic pain. It started two days ago.",yeast infection,Musculoskeletal/Other
"My main problems are melena, pain of the anus, sharp abdominal pain, rectal bleeding, heartburn, itching of the anus, lower body pain and mass or swelling around the anus.",hemorrhoids,Gastrointestinal
"Lately I keep having anxiety and nervousness, insomnia, flatulence, lower abdominal pain and nausea. It began this morning.",irritable bowel syndrome,Gastrointestinal
"Complaining of hip pain, leg pain, ache all over, headache, low back pain and muscle pain. It comes and goes.",fibromyalgia,Musculoskeletal/Other
"The symptoms are vaginal discharge, back pain, burning abdominal pain, sharp abdominal pain, pain during pregnancy and nausea.",vulvodynia,Musculoskeletal/Other
"Chief complaint: painful urination, difficulty breathing, fatigue, difficulty in swallowing and weight gain. This has lasted about a week.",obstructive sleep apnea (osa),Respiratory
"For the past few days I've had lump or mass of breast, abnormal appearing skin, chills and postpartum problems of the breast.",breast infection (mastitis),Musculoskeletal/Other
"I've been experiencing skin dryness, peeling, scaliness, or roughness, skin irritation, irregular appearing scalp and lip swelling and I'm worried. It started two days ago.",skin cancer,Dermatological
"Lately I keep having vomiting, fever, difficulty breathing, chills, decreased appetite, involuntary urination and shortness of breath. It got worse overnight.",sepsis,Febrile/Systemic
"For the past few days I've had leg stiffness or tightness, low back pain, bones are painful and neck pain.",fracture of the vertebra,Musculoskeletal/Other
"Since yesterday I've noticed skin dryness, peeling, scaliness, or roughness, skin lesion and symptoms of eye. It comes and goes.",rosacea,Dermatological
"My main problems are itching of skin, skin rash, swollen eye, temper problems and skin dryness, peeling, scaliness, or roughness.",contact dermatitis,Dermatological
"Patient reports skin growth, abnormal appearing skin, pelvic pain, itchy scalp, irregular appearing scalp, skin lesion and skin rash. This has lasted about a week.",fungal infection of the hair,Dermatological
"For the past few days I've had sharp abdominal pain, nausea, low back pain, leg pain, sharp chest pain, seizures, back pain and side pain. It got worse overnight.",pain after an operation,Musculoskeletal/Other
"My main problems are difficulty in swallowing, sharp chest pain, back pain, heartburn, sharp abdominal pain, dizziness, upper abdominal pain and regurgitation. It comes and goes.",hiatal hernia,Gastrointestinal
"I feel unwell, with ear pain, frontal headache, sinus congestion, fever, painful sinuses and nasal congestion.",acute sinusitis,Respiratory
"I have itching of skin, sore throat, difficulty in swallowing and redness in ear.",tonsillar hypertrophy,Respiratory
"I feel unwell, with skin moles, skin growth, skin swelling and skin dryness, peeling, scaliness, or roughness. It comes and goes.",actinic keratosis,Dermatological
"Since yesterday I've noticed constipation, sharp abdominal pain, heartburn and melena. It started two days ago.",rectal disorder,Gastrointestinal
"I have lower abdominal pain, pain during pregnancy, pelvic pain, spotting or bleeding during pregnancy, cramps and spasms, blood clots during menstrual periods, heavy menstrual flow and vaginal pain.",vaginal cyst,Musculoskeletal/Other
"Chief complaint: itching of skin, skin lesion, skin swelling, abnormal appearing skin, irregular appearing scalp, skin irritation and itchy scalp. It got worse overnight.",fungal infection of the hair,Dermatological
"I came in because of abnormal breathing sounds, chest tightness, nasal congestion, allergic reaction and apnea.",deviated nasal septum,Respiratory
"Lately I keep having acne or pimples, skin swelling, skin lesion, abnormal appearing skin, skin moles, skin growth and symptoms of eye. It comes and goes.",rosacea,Dermatological
"I have heartburn, upper abdominal pain, sore throat, sharp chest pain, sharp abdominal pain, burning abdominal pain, vomiting and nausea. It comes and goes.",esophagitis,Gastrointestinal
"I came in because of allergic reaction, cough, coryza and lacrimation.",seasonal allergies (hay fever),Febrile/Systemic
"I have joint pain, irregular appearing scalp, itching of skin, skin dryness, peeling, scaliness, or roughness, itchy scalp, skin growth and skin rash.",psoriasis,Dermatological
"Lately I keep having mouth ulcer, itching of skin, nasal congestion, skin rash, fever, cough, sore in nose and skin swelling. It started two days ago.",impetigo,Dermatological
"The symptoms are involuntary urination, intermenstrual bleeding, heavy menstrual flow, unpredictable menstruation, sharp abdominal pain, frequent menstruation and long menstrual periods.",idiopathic excessive menstruation,Musculoskeletal/Other
"Complaining of fever, side pain, blood in stool, vomiting, burning abdominal pain, nausea and sharp abdominal pain. This has lasted about a week.",diverticulitis,Gastrointestinal
"Lately I keep having cough, side pain, leg swelling, leg pain, chest tightness, sharp chest pain, shortness of breath and weakness. It started two days ago.",pulmonary embolism,Respiratory
"My main problems are suprapubic pain, headache, back pain, vaginal discharge and vomiting. It got worse overnight.",pelvic inflammatory disease,Musculoskeletal/Other
"Patient reports skin moles, lip swelling, itching of skin, skin swelling, skin growth and skin lesion. It got worse overnight.",scar,Musculoskeletal/Other
"I came in because of lower abdominal pain, sharp abdominal pain, groin pain, mass in scrotum, symptoms of the scrotum and testes and swollen abdomen. It started two days ago.",inguinal hernia,Gastrointestinal
"My main problems are itchy eyelid, hand or finger stiffness or tightness, swollen lymph nodes, skin growth and skin moles. It began this morning.",melanoma,Dermatological
"The symptoms are nausea, shortness of breath, dizziness, vomiting, skin rash and peripheral edema.",drug reaction,Musculoskeletal/Other
"Patient reports sharp abdominal pain, lower abdominal pain, pelvic pain, intermenstrual bleeding, heavy menstrual flow and burning abdominal pain.",endometriosis,Musculoskeletal/Other
"My main problems are hoarse voice, abnormal breathing sounds, nasal congestion, wheezing and fever.",croup,Respiratory
"Complaining of fluid retention, flu-like syndrome, diarrhea, decreased appetite and burning abdominal pain. This has lasted about a week.",infectious gastroenteritis,Febrile/Systemic
"Complaining of sharp abdominal pain, shortness of breath, burning abdominal pain, sharp chest pain, difficulty in swallowing and vomiting. It got worse overnight.",esophagitis,Gastrointestinal
"My main problems are wheezing, abnormal breathing sounds, shortness of breath, sore throat and fever.",croup,Respiratory
"I have abnormal involuntary movements, sore throat, coryza, nasal congestion, vomiting, wheezing, cough, difficulty breathing and sharp chest pain. It began this morning.",acute bronchospasm,Respiratory
"The symptoms are decreased appetite, shortness of breath, sharp abdominal pain and feeling ill.",sepsis,Febrile/Systemic
"Complaining of skin moles, abnormal appearing skin, skin lesion, warts, acne or pimples and lip swelling. It began this morning.",viral warts,Dermatological
"I've been experiencing wheezing, coughing up sputum, congestion in chest, headache and difficulty breathing and I'm worried.",acute bronchitis,Respiratory
"The symptoms are back pain, side pain, lower body pain, vomiting, hemoptysis and abusing alcohol. It began this morning.",acute pancreatitis,Gastrointestinal
"My main problems are arm pain, shoulder pain, loss of sensation and arm weakness. It comes and goes.",herniated disk,Gastrointestinal
"I feel unwell, with vomiting, cough, hemoptysis and fatigue. It comes and goes.",lung cancer,Respiratory
"I feel unwell, with pain in eye, eye redness and peripheral edema. It got worse overnight.",orbital cellulitis,Dermatological
"My main problems are rectal bleeding, vomiting, fever, headache and nausea.",noninfectious gastroenteritis,Febrile/Systemic
"I've been experiencing cough, diarrhea, diaper rash, temper problems, blood in stool, nasal congestion, vomiting and skin rash and I'm worried.",diaper rash,Dermatological
"I came in because of headache, ache all over, fever, cough and nausea.",meningitis,Febrile/Systemic
"Chief complaint: joint pain, skin moles, irregular appearing scalp, skin rash, skin swelling and skin growth. It got worse overnight.",psoriasis,Dermatological
"I feel unwell, with difficulty breathing, depressive or psychotic symptoms, fever, chills and cough. It got worse overnight.",acute respiratory distress syndrome (ards),Respiratory
"For the past few days I've had weakness, suprapubic pain, shortness of breath and decreased appetite. It started two days ago.",sepsis,Febrile/Systemic
"I have skin rash, abnormal appearing skin, dry or flaky scalp, too little hair, itching of skin, skin growth and sore throat. This has lasted about a week.",seborrheic dermatitis,Dermatological
"Since yesterday I've noticed blood in stool, heartburn, pain of the anus, cramps and spasms, rectal bleeding and burning abdominal pain. It started two days ago.",rectal disorder,Gastrointestinal
"I've been experiencing skin moles, irregular appearing scalp, skin swelling, itching of skin, acne or pimples, skin lesion, skin dryness, peeling, scaliness, or roughness and skin growth and I'm worried.",skin polyp,Dermatological
"Patient reports pain in eye, itchiness of eye, double vision, bleeding from eye and diminished vision. It comes and goes.",macular degeneration,Musculoskeletal/Other
"Lately I keep having apnea, cough, sharp chest pain, hemoptysis, palpitations, fatigue and shortness of breath. This has lasted about a week.",pulmonary hypertension,Respiratory
"Lately I keep having fainting, diarrhea, sharp chest pain, burning abdominal pain, vomiting, regurgitation and regurgitation.1. It started two days ago.",intestinal disease,Gastrointestinal
"For the past few days I've had diaper rash, temper problems, diarrhea, cough, skin rash and pulling at ears. It began this morning.",diaper rash,Dermatological
"For the past few days I've had diaper rash, skin rash, pulling at ears, nasal congestion and fever. It began this morning.",diaper rash,Dermatological
"Chief complaint: sharp abdominal pain, headache, decreased appetite, vomiting, chills, burning abdominal pain and fever.",infectious gastroenteritis,Febrile/Systemic
"The symptoms are decreased appetite, burning abdominal pain, diarrhea, nausea, fluid retention, flu-like syndrome, blood in stool and fever. It started two days ago.",infectious gastroenteritis,Febrile/Systemic
"I've been experiencing feeling ill, difficulty breathing, weakness, fever, decreased appetite, cough and shortness of breath and I'm worried. It started two days ago.",sepsis,Febrile/Systemic
"The symptoms are allergic reaction, headache, facial pain, nosebleed, nasal congestion, abnormal breathing sounds, apnea and difficulty breathing.",deviated nasal septum,Respiratory
"Since yesterday I've noticed chills, sharp abdominal pain, suprapubic pain, cough and weakness. This has lasted about a week.",sepsis,Febrile/Systemic
"The symptoms are double vision, itchiness of eye, spots or clouds in vision, diminished vision, abnormal movement of eyelid and lacrimation.",diabetic retinopathy,Musculoskeletal/Other
"Lately I keep having hurts to breath, difficulty breathing, wheezing, shortness of breath, vomiting and nasal congestion. This has lasted about a week.",acute bronchiolitis,Respiratory
"The symptoms are neck pain, shoulder pain, leg weakness and leg pain. This has lasted about a week.",herniated disk,Gastrointestinal
"I've been experiencing ear pain, sore throat, coryza, nasal congestion, wheezing and chills and I'm worried. It started two days ago.",common cold,Respiratory
"I feel unwell, with skin swelling, skin growth, irregular appearing scalp, skin irritation and itching of skin. It began this morning.",skin disorder,Dermatological
"The symptoms are dry or flaky scalp, itching of skin, irregular appearing scalp, skin growth, skin rash, abnormal appearing skin and acne or pimples. It started two days ago.",seborrheic dermatitis,Dermatological
"Complaining of itchy scalp, lip swelling, pelvic pain, skin rash, skin growth and skin dryness, peeling, scaliness, or roughness.",fungal infection of the hair,Dermatological
"Complaining of fever, shortness of breath, nausea, sharp abdominal pain and loss of sensation. It started two days ago.",hypokalemia,Musculoskeletal/Other
"I came in because of itching of skin, skin dryness, peeling, scaliness, or roughness, skin growth, skin moles, abnormal appearing skin, irregular appearing scalp and acne or pimples.",skin pigmentation disorder,Dermatological
"My main problems are itching of skin, abnormal appearing skin, warts and skin dryness, peeling, scaliness, or roughness. It started two days ago.",skin polyp,Dermatological
"Complaining of nasal congestion, vomiting, sore throat, headache, coryza, fever, wheezing and chills. It began this morning.",common cold,Respiratory
"I have abnormal appearing skin, skin moles and skin irritation. This has lasted about a week.",actinic keratosis,Dermatological
"Since yesterday I've noticed blood in stool, flu-like syndrome, fluid retention, fever, diarrhea and burning abdominal pain.",infectious gastroenteritis,Febrile/Systemic
"The symptoms are vomiting blood, diarrhea, nausea, vomiting, headache and sharp chest pain.",gastritis,Gastrointestinal
"I have sharp chest pain, side pain, shortness of breath, sharp abdominal pain and weakness.",pleural effusion,Respiratory
"The symptoms are cough, upper abdominal pain, sharp abdominal pain, nausea, difficulty in swallowing, shortness of breath, sharp chest pain and burning abdominal pain.",esophagitis,Gastrointestinal
"For the past few days I've had tongue lesions, constipation, cough and nasal congestion. This has lasted about a week.",oral thrush (yeast infection),Musculoskeletal/Other
"My main problems are wheezing, vomiting, fever, coryza, nasal congestion, pulling at ears and sharp chest pain.",acute bronchiolitis,Respiratory
"The symptoms are ear pain, lacrimation, itchiness of eye, frontal headache, cough and sore throat. This has lasted about a week.",seasonal allergies (hay fever),Febrile/Systemic
"I feel unwell, with difficulty in swallowing, vomiting, chest tightness, sharp abdominal pain, heartburn and nausea.",esophagitis,Gastrointestinal
"Lately I keep having nasal congestion, sneezing, lacrimation and headache. It got worse overnight.",seasonal allergies (hay fever),Febrile/Systemic
"My main problems are lower abdominal pain, diarrhea, nausea and chills. It comes and goes.",diverticulitis,Gastrointestinal
"For the past few days I've had skin growth, abnormal appearing skin, pelvic pain, skin dryness, peeling, scaliness, or roughness and skin lesion. It began this morning.",fungal infection of the hair,Dermatological
"Lately I keep having shortness of breath, congestion in chest, coryza, wheezing, sore throat, sharp chest pain, cough and fever.",chronic obstructive pulmonary disease (copd),Respiratory
"I've been experiencing facial pain, swollen lymph nodes, peripheral edema, cough and jaw swelling and I'm worried.",sialoadenitis,Musculoskeletal/Other
"My main problems are fever, diarrhea, nausea, upper abdominal pain, side pain and burning abdominal pain.",diverticulitis,Gastrointestinal
"Patient reports vomiting, nausea, chills, sharp abdominal pain, blood in stool, headache, sore throat and diarrhea. This has lasted about a week.",infectious gastroenteritis,Febrile/Systemic
"I've been experiencing foot or toe swelling, skin swelling, leg pain, leg swelling and foot or toe pain and I'm worried. It started two days ago.",pyogenic skin infection,Dermatological
"The symptoms are skin swelling, warts, skin irritation, skin dryness, peeling, scaliness, or roughness and skin moles. It started two days ago.",skin polyp,Dermatological
"Chief complaint: symptoms of the face, too little hair, acne or pimples, abnormal appearing skin, dry or flaky scalp, skin growth and skin lesion.",seborrheic dermatitis,Dermatological
"I feel unwell, with nasal congestion, cough, redness in ear, ringing in ear, pus draining from ear, ear pain, fluid in ear and bleeding from ear. It got worse overnight.",ear drum damage,Musculoskeletal/Other
"The symptoms are skin rash, skin growth and foot or toe swelling. It began this morning.",callus,Dermatological
"I've been experiencing loss of sensation, dizziness, abnormal involuntary movements, fatigue, focal weakness and paresthesia and I'm worried. It comes and goes.",multiple sclerosis,Musculoskeletal/Other
"The symptoms are diarrhea, vomiting, blood in stool, lower abdominal pain, rectal bleeding, upper abdominal pain and sharp abdominal pain.",diverticulosis,Gastrointestinal
"Complaining of congestion in chest, facial pain, headache, sinus congestion, fever, frontal headache and ear pain. It comes and goes.",chronic sinusitis,Respiratory
"Since yesterday I've noticed vomiting, retention of urine, side pain, blood in urine, involuntary urination and frequent urination.",kidney stone,Musculoskeletal/Other
"I have neck pain, back pain, hip pain, problems with movement, leg cramps or spasms and leg pain. It began this morning.",spondylolisthesis,Musculoskeletal/Other
"Patient reports burning abdominal pain, sore throat, shortness of breath, nausea, vomiting, chest tightness and difficulty in swallowing. It started two days ago.",esophagitis,Gastrointestinal
"My main problems are warts, skin growth, skin lesion, skin swelling, acne or pimples, irregular appearing scalp and skin moles. This has lasted about a week.",skin polyp,Dermatological
"My main problems are diarrhea, irritable infant, pulling at ears, nasal congestion, vomiting and skin rash. It started two days ago.",diaper rash,Dermatological
"I've been experiencing coryza, frontal headache, sore throat, sneezing, allergic reaction, nasal congestion and cough and I'm worried. It began this morning.",seasonal allergies (hay fever),Febrile/Systemic
"Chief complaint: decreased appetite, fever, suprapubic pain, shortness of breath and weakness. It started two days ago.",sepsis,Febrile/Systemic
"For the past few days I've had headache, throat swelling and nasal congestion.",abscess of the pharynx,Dermatological
"For the past few days I've had sinus congestion, coughing up sputum, low back pain, coryza and nasal congestion. It got worse overnight.",acute sinusitis,Respiratory
"For the past few days I've had upper abdominal pain, rectal bleeding, blood in stool, lower abdominal pain, nausea and vomiting. It comes and goes.",diverticulosis,Gastrointestinal
"Complaining of nausea, burning abdominal pain, sharp abdominal pain, fluid retention and blood in stool. It comes and goes.",infectious gastroenteritis,Febrile/Systemic
"My main problems are pulling at ears, nasal congestion, vomiting, cough, temper problems, diaper rash, skin rash and blood in stool. It got worse overnight.",diaper rash,Dermatological
"Lately I keep having apnea, fatigue, weight gain, insomnia, sleepiness, abnormal breathing sounds, shortness of breath and mouth dryness. It began this morning.",obstructive sleep apnea (osa),Respiratory
"My main problems are skin moles, abnormal appearing skin, lip swelling, wrinkles on skin, skin irritation, skin swelling and acne or pimples. This has lasted about a week.",atrophic skin condition,Dermatological
"Complaining of seizures, delusions or hallucinations, restlessness, obsessions and compulsions, lack of growth and fears and phobias. It began this morning.",developmental disability,Musculoskeletal/Other
"I came in because of arm swelling, elbow pain, shoulder stiffness or tightness, knee pain and elbow swelling. It got worse overnight.",bursitis,Musculoskeletal/Other
"I have lower abdominal pain, side pain, painful urination, suprapubic pain, sharp abdominal pain, back pain and low back pain.",pyelonephritis,Musculoskeletal/Other
"For the past few days I've had fever, flu-like syndrome, decreased appetite, chills, blood in stool, burning abdominal pain, vomiting and headache.",infectious gastroenteritis,Febrile/Systemic
"Complaining of fever, chills, decreased appetite, diarrhea, rectal bleeding, sharp abdominal pain and blood in stool. It started two days ago.",noninfectious gastroenteritis,Febrile/Systemic
"Chief complaint: itchy eyelid, skin growth, irregular appearing scalp, skin lesion and skin moles.",melanoma,Dermatological
"I feel unwell, with sharp chest pain, leg swelling, shortness of breath, side pain, cough and hemoptysis.",pulmonary embolism,Respiratory
Chief complaint: burning abdominal pain and lump in throat. It comes and goes.,goiter,Musculoskeletal/Other
"Since yesterday I've noticed vomiting, headache, sharp abdominal pain, chills, decreased appetite, weakness, fever and feeling ill.",sepsis,Febrile/Systemic
"Chief complaint: abusing alcohol, diarrhea and peripheral edema. It began this morning.",alcoholic liver disease,Gastrointestinal
"Chief complaint: burning abdominal pain, fluid retention, headache, sharp abdominal pain, flu-like syndrome and diarrhea. It comes and goes.",infectious gastroenteritis,Febrile/Systemic
"Since yesterday I've noticed heartburn, unusual color or odor to urine, upper abdominal pain, peripheral edema and skin rash.",liver disease,Gastrointestinal
"My main problems are flu-like syndrome, fluid retention, diarrhea, vomiting and chills. It comes and goes.",infectious gastroenteritis,Febrile/Systemic
"I've been experiencing hesitancy, regurgitation.1, groin mass, sharp abdominal pain, ache all over, regurgitation, irregular belly button and lower abdominal pain and I'm worried. It started two days ago.",abdominal hernia,Gastrointestinal
"Patient reports bumps on penis, abnormal appearing skin, skin growth, skin moles, skin swelling, lip swelling and warts. It comes and goes.",viral warts,Dermatological
"Since yesterday I've noticed feeling ill, obsessions and compulsions, low self-esteem, lack of growth and anxiety and nervousness. It began this morning.",obsessive compulsive disorder (ocd),Musculoskeletal/Other
"I've been experiencing insomnia, shortness of breath, apnea, mouth dryness, fatigue, abnormal involuntary movements and sleepiness and I'm worried. It comes and goes.",obstructive sleep apnea (osa),Respiratory
"For the past few days I've had pain of the anus, diarrhea and rectal bleeding. It got worse overnight.",colonic polyp,Gastrointestinal
"Chief complaint: cough, sharp chest pain, shortness of breath, wheezing, fever, sore throat, coughing up sputum and congestion in chest. It began this morning.",acute bronchitis,Respiratory
"Since yesterday I've noticed symptoms of eye, chills, skin growth, acne or pimples, skin lesion, skin moles, itching of skin, lymphedema and skin swelling.",rosacea,Dermatological
"For the past few days I've had nasal congestion, frontal headache, ear pain, sore throat, fever, sinus congestion and coryza.",acute sinusitis,Respiratory
"Chief complaint: low back pain, problems with movement, foot or toe pain, back pain and abnormal involuntary movements. It comes and goes.",complex regional pain syndrome,Musculoskeletal/Other
"Patient reports nasal congestion, chest tightness and leg swelling. It got worse overnight.",pulmonary congestion,Respiratory
"Patient reports changes in stool appearance, heartburn, vomiting, blood in stool, nausea, burning abdominal pain and back pain.",gastroduodenal ulcer,Gastrointestinal
"My main problems are chills, fever, headache, burning abdominal pain and fluid retention.",infectious gastroenteritis,Febrile/Systemic
"Lately I keep having nasal congestion, hoarse voice, dizziness and ear pain. It started two days ago.",sensorineural hearing loss,Musculoskeletal/Other
"I have throat swelling, headache and difficulty in swallowing.",abscess of the pharynx,Dermatological
"Lately I keep having focal weakness, difficulty breathing, fluid retention, weakness, hurts to breath, cough and weight gain. It got worse overnight.",heart failure,Musculoskeletal/Other
"My main problems are difficulty breathing, cough, shortness of breath, sharp abdominal pain, feeling ill, vomiting and decreased appetite. This has lasted about a week.",sepsis,Febrile/Systemic
"Since yesterday I've noticed sharp chest pain, nasal congestion, congestion in chest, sore throat, fever, coughing up sputum, cough and shortness of breath.",chronic obstructive pulmonary disease (copd),Respiratory
"My main problems are lacrimation, sneezing and cough. It comes and goes.",seasonal allergies (hay fever),Febrile/Systemic
"I came in because of lack of growth, skin rash, skin moles, skin lesion, focal weakness, abnormal appearing skin and irregular appearing scalp.",dermatitis due to sun exposure,Dermatological
"For the past few days I've had vaginal discharge, pelvic pain, skin rash and diaper rash.",yeast infection,Musculoskeletal/Other
"Chief complaint: foot or toe pain, skin swelling, leg swelling, abnormal appearing skin, hand or finger swelling, leg pain, skin lesion and peripheral edema. It began this morning.",pyogenic skin infection,Dermatological
"Since yesterday I've noticed ache all over, problems with movement, lower body pain, pelvic pain, low back pain and hip pain. It got worse overnight.",arthritis of the hip,Musculoskeletal/Other
"I've been experiencing lower body pain, constipation, rectal bleeding and mass or swelling around the anus and I'm worried.",hemorrhoids,Gastrointestinal
"My main problems are difficulty in swallowing, fever, sore throat, cough and ache all over. It comes and goes.",strep throat,Musculoskeletal/Other
"I feel unwell, with blood in stool, decreased appetite, nausea, headache, sharp abdominal pain, flu-like syndrome, chills and burning abdominal pain. It got worse overnight.",infectious gastroenteritis,Febrile/Systemic
"The symptoms are headache, cough, sore throat, allergic reaction, frontal headache and sneezing. It got worse overnight.",seasonal allergies (hay fever),Febrile/Systemic
"Lately I keep having coughing up sputum, fever, difficulty breathing and coryza. It started two days ago.",acute bronchitis,Respiratory
"Lately I keep having nausea, fever, ache all over, diarrhea, headache and coryza.",flu,Respiratory
"Since yesterday I've noticed knee weakness, symptoms of prostate, leg pain, knee pain, leg swelling and leg stiffness or tightness.",fracture of the leg,Musculoskeletal/Other
"Chief complaint: difficulty in swallowing, fatigue, sleepiness, abnormal breathing sounds, mouth dryness and abnormal involuntary movements.",obstructive sleep apnea (osa),Respiratory
"My main problems are abnormal breathing sounds, nasal congestion, shortness of breath, pulling at ears, cough, vomiting, fever and hoarse voice. It got worse overnight.",croup,Respiratory
"I feel unwell, with flu-like syndrome, coryza, itchy scalp, ear pain, sore throat and fever. It got worse overnight.",common cold,Respiratory
"I feel unwell, with sharp abdominal pain, vomiting, retention of urine, blood in stool, burning abdominal pain and constipation.",ischemia of the bowel,Gastrointestinal
"Chief complaint: feeling ill, vomiting, chills, suprapubic pain, cough, sharp abdominal pain and shortness of breath. It got worse overnight.",sepsis,Febrile/Systemic
The symptoms are abnormal breathing sounds and facial pain. This has lasted about a week.,deviated nasal septum,Respiratory
"Since yesterday I've noticed sore throat, cough, abnormal breathing sounds, wheezing, hoarse voice, vomiting, pulling at ears and nasal congestion. It began this morning.",croup,Respiratory
"Since yesterday I've noticed acne or pimples, abnormal appearing skin, skin growth, warts, skin moles and irregular appearing scalp.",skin polyp,Dermatological
"The symptoms are weight gain, apnea, mouth dryness, abnormal breathing sounds and sweating. It started two days ago.",obstructive sleep apnea (osa),Respiratory
"Complaining of symptoms of the scrotum and testes, blood in stool, sharp abdominal pain, chills, side pain, burning abdominal pain, fever and vomiting. It started two days ago.",diverticulitis,Gastrointestinal
"I feel unwell, with skin swelling, itching of skin, skin irritation, irregular appearing scalp and warts. This has lasted about a week.",skin polyp,Dermatological
"Complaining of skin dryness, peeling, scaliness, or roughness, skin growth, skin lesion, itching of skin and skin irritation. This has lasted about a week.",actinic keratosis,Dermatological
"I have skin rash, joint pain, abnormal appearing skin, irregular appearing scalp, skin swelling, skin moles, itching of skin and itchy scalp. It began this morning.",psoriasis,Dermatological
"The symptoms are peripheral edema, weakness, retention of urine, vomiting and sharp abdominal pain.",acute kidney injury,Musculoskeletal/Other
"For the past few days I've had fever, skin rash, feeling ill and swollen lymph nodes.",mononucleosis,Febrile/Systemic
"I came in because of side pain, upper abdominal pain, back pain, symptoms of the kidneys, nausea, lower body pain and sharp abdominal pain.",cholecystitis,Gastrointestinal
Complaining of ache all over and nausea.,pancreatic cancer,Gastrointestinal
"For the past few days I've had painful menstruation, nausea and vomiting. It got worse overnight.",ovarian cyst,Musculoskeletal/Other
"I have fatigue, mouth dryness, difficulty in swallowing, shortness of breath, apnea, weight gain and abnormal breathing sounds. This has lasted about a week.",obstructive sleep apnea (osa),Respiratory
"The symptoms are sore throat, chills, vomiting, wheezing, fever, cough, flu-like syndrome and nasal congestion. It started two days ago.",common cold,Respiratory
"For the past few days I've had nausea, fever, chills, sharp abdominal pain, rectal bleeding and diarrhea. It started two days ago.",noninfectious gastroenteritis,Febrile/Systemic
"For the past few days I've had chest tightness, sharp chest pain, coughing up sputum, fever, sore throat, coryza and nasal congestion.",chronic obstructive pulmonary disease (copd),Respiratory
"Chief complaint: acne or pimples, skin growth, itching of skin, skin dryness, peeling, scaliness, or roughness, symptoms of eye, skin swelling and abnormal appearing skin. It started two days ago.",rosacea,Dermatological
"I've been experiencing feeling ill, weakness, decreased appetite, difficulty breathing, cough, suprapubic pain and shortness of breath and I'm worried.",sepsis,Febrile/Systemic
"I feel unwell, with diarrhea, back pain, abusing alcohol, sharp abdominal pain, side pain and nausea.",acute pancreatitis,Gastrointestinal
"For the past few days I've had upper abdominal pain, burning abdominal pain, lower abdominal pain, irregular heartbeat, sharp abdominal pain and diarrhea. It comes and goes.",irritable bowel syndrome,Gastrointestinal
"Lately I keep having nausea, vomiting, cough, burning abdominal pain, heartburn, sharp abdominal pain and chest tightness. It began this morning.",esophagitis,Gastrointestinal
"The symptoms are decreased appetite, fever and nausea. It started two days ago.",infectious gastroenteritis,Febrile/Systemic
"I have fever, lower abdominal pain, sore throat, headache, cough and sleepiness.",interstitial lung disease,Respiratory
"My main problems are diarrhea, fever, headache, sharp abdominal pain, blood in stool and fluid retention.",noninfectious gastroenteritis,Febrile/Systemic
"I feel unwell, with burning abdominal pain, changes in stool appearance, upper abdominal pain, vomiting blood and blood in stool.",gastroduodenal ulcer,Gastrointestinal
"I've been experiencing peripheral edema, neck swelling, swollen lymph nodes and facial pain and I'm worried. It comes and goes.",sialoadenitis,Musculoskeletal/Other
"I've been experiencing congestion in chest, sore throat, headache, coryza, sharp chest pain, cough, difficulty breathing and nasal congestion and I'm worried. It started two days ago.",acute bronchitis,Respiratory
"Lately I keep having skin growth, abnormal appearing skin, skin moles, skin irritation, skin lesion, skin rash and warts. It began this morning.",seborrheic keratosis,Dermatological
"Since yesterday I've noticed pain of the anus, heartburn, abnormal breathing sounds, diarrhea and flatulence.",colonic polyp,Gastrointestinal
"Patient reports difficulty in swallowing, burning abdominal pain, sweating, fatigue and insomnia. It comes and goes.",obstructive sleep apnea (osa),Respiratory
"Patient reports eye redness, lacrimation, spots or clouds in vision, foreign body sensation in eye and diminished vision. It got worse overnight.",glaucoma,Musculoskeletal/Other
"I came in because of hemoptysis, feeling ill, fatigue, difficulty breathing and apnea.",pulmonary hypertension,Respiratory
"Since yesterday I've noticed hip pain, elbow pain and paresthesia. It started two days ago.",ankylosing spondylitis,Musculoskeletal/Other
"I feel unwell, with difficulty breathing, weakness, decreased appetite, fever, vomiting and chills. It began this morning.",sepsis,Febrile/Systemic
Since yesterday I've noticed skin swelling and mouth ulcer. It started two days ago.,cold sore,Musculoskeletal/Other
"Complaining of fever, side pain, burning abdominal pain, vomiting, nausea and lower abdominal pain.",diverticulitis,Gastrointestinal
"The symptoms are vomiting blood, rectal bleeding, fainting, weakness, vomiting, nausea and sharp abdominal pain. This has lasted about a week.",gastrointestinal hemorrhage,Gastrointestinal
"I came in because of vomiting, burning abdominal pain, sharp abdominal pain, rectal bleeding, diarrhea, fever, chills and headache. This has lasted about a week.",noninfectious gastroenteritis,Febrile/Systemic
"Patient reports skin swelling, skin rash, irregular appearing scalp, skin lesion, skin dryness, peeling, scaliness, or roughness, abnormal appearing skin and warts.",skin pigmentation disorder,Dermatological
"I have leg pain, side pain, sweating and difficulty breathing.",pulmonary embolism,Respiratory
"Complaining of vomiting, fever, difficulty breathing, decreased appetite, cough, skin swelling and sharp abdominal pain. It began this morning.",sepsis,Febrile/Systemic
"I came in because of upper abdominal pain, lower body pain, sharp abdominal pain, vomiting, back pain and side pain.",acute pancreatitis,Gastrointestinal
"Since yesterday I've noticed chills, vomiting, fluid retention, rectal bleeding and fever. It started two days ago.",noninfectious gastroenteritis,Febrile/Systemic
"Lately I keep having difficulty breathing, cough, wheezing, fever, chest tightness and sharp chest pain. It comes and goes.",acute bronchospasm,Respiratory
"Lately I keep having heavy menstrual flow, pain during pregnancy, intermenstrual bleeding, lower abdominal pain, pelvic pain, cramps and spasms, sharp abdominal pain and vaginal pain. It got worse overnight.",vaginal cyst,Musculoskeletal/Other
"Complaining of intermenstrual bleeding, anxiety and nervousness, delusions or hallucinations, depression, excessive anger and problems during pregnancy. This has lasted about a week.",postpartum depression,Musculoskeletal/Other
"Chief complaint: pain of the anus, vaginal itching, nausea, sharp abdominal pain and burning abdominal pain. It got worse overnight.",intestinal obstruction,Gastrointestinal
"Chief complaint: nausea, dizziness, rectal bleeding, vomiting, weakness, changes in stool appearance and fainting. It comes and goes.",gastrointestinal hemorrhage,Gastrointestinal
"I've been experiencing problems with movement, focal weakness, leg weakness, disturbance of memory, paresthesia, abnormal involuntary movements and fatigue and I'm worried. It started two days ago.",multiple sclerosis,Musculoskeletal/Other
"Since yesterday I've noticed retention of urine, rectal bleeding, burning abdominal pain and vomiting. It began this morning.",chronic constipation,Gastrointestinal
"I feel unwell, with burning abdominal pain, blood in stool, chills, flu-like syndrome, decreased appetite, diarrhea and fluid retention. It began this morning.",infectious gastroenteritis,Febrile/Systemic
"Chief complaint: headache, coryza, chills, ache all over and sore throat. This has lasted about a week.",flu,Respiratory
"I've been experiencing back pain, leg weakness, arm pain, low back pain, neck pain, loss of sensation and paresthesia and I'm worried.",herniated disk,Gastrointestinal
"The symptoms are swollen lymph nodes, difficulty in swallowing, ear pain, headache and throat feels tight. It started two days ago.",peritonsillar abscess,Dermatological
"For the past few days I've had coryza, pulling at ears, shortness of breath and nasal congestion. This has lasted about a week.",croup,Respiratory
"I've been experiencing difficulty breathing, weakness, sharp abdominal pain, chills and vomiting and I'm worried.",sepsis,Febrile/Systemic
"I came in because of difficulty in swallowing, apnea, sleepiness, mouth dryness, weight gain, shortness of breath and difficulty breathing. It comes and goes.",obstructive sleep apnea (osa),Respiratory
"I've been experiencing wheezing, headache, abnormal breathing sounds, sore throat, shortness of breath and nasal congestion and I'm worried.",interstitial lung disease,Respiratory
"I've been experiencing nausea, sharp abdominal pain, vomiting, diarrhea, rectal bleeding and burning abdominal pain and I'm worried.",noninfectious gastroenteritis,Febrile/Systemic
"Since yesterday I've noticed obsessions and compulsions, excessive anger, anxiety and nervousness, depressive or psychotic symptoms, smoking problems and delusions or hallucinations. It comes and goes.",neurosis,Musculoskeletal/Other
"I've been experiencing diarrhea, blood in stool, temper problems and diaper rash and I'm worried. It began this morning.",diaper rash,Dermatological
"My main problems are sweating, fatigue, weight gain, apnea, sleepiness and mouth dryness. This has lasted about a week.",obstructive sleep apnea (osa),Respiratory
"Lately I keep having nasal congestion, shortness of breath, decreased heart rate and cough. It comes and goes.",pulmonary congestion,Respiratory
"Complaining of nasal congestion, allergic reaction, plugged feeling in ear, abnormal breathing sounds and ringing in ear.",eustachian tube dysfunction (ear disorder),Musculoskeletal/Other
"Patient reports skin rash, foot or toe pain, leg pain, hand or finger pain and peripheral edema.",pyogenic skin infection,Dermatological
"I've been experiencing cough, nasal congestion, fever, vomiting and wheezing and I'm worried. It got worse overnight.",acute bronchiolitis,Respiratory
"Lately I keep having pain of the anus, blood in stool, burning abdominal pain, rectal bleeding and heartburn. It got worse overnight.",rectal disorder,Gastrointestinal
"My main problems are side pain, vomiting, sharp chest pain, lower body pain and heartburn. This has lasted about a week.",gallstone,Gastrointestinal
"Patient reports lump in throat, abnormal breathing sounds, redness in ear and swollen or red tonsils. This has lasted about a week.",tonsillitis,Respiratory
"I have fever, tongue lesions, toothache, cough and sore throat.",aphthous ulcer,Gastrointestinal
"My main problems are heartburn, rectal bleeding, cramps and spasms, diarrhea, burning abdominal pain and pain of the anus. This has lasted about a week.",rectal disorder,Gastrointestinal
"For the past few days I've had joint pain, arm swelling, hand or finger swelling, elbow swelling, wrist swelling, arm stiffness or tightness, hand or finger pain and loss of sensation. It got worse overnight.",injury to the arm,Musculoskeletal/Other
"I've been experiencing fever, decreased appetite, lower abdominal pain, side pain, stomach bloating and vomiting and I'm worried. This has lasted about a week.",appendicitis,Gastrointestinal
"I feel unwell, with skin dryness, peeling, scaliness, or roughness, skin irritation, skin swelling and itchy scalp.",fungal infection of the hair,Dermatological
"My main problems are lump in throat, vomiting blood, hostile behavior and recent weight loss.",foreign body in the gastrointestinal tract,Gastrointestinal
"Complaining of fever, pulling at ears and coryza.",acute bronchiolitis,Respiratory
"Lately I keep having skin lesion, irregular appearing scalp, abnormal appearing skin, warts and lip swelling.",skin cancer,Dermatological
"Since yesterday I've noticed knee pain, side pain, cough, sharp chest pain, leg pain, hemoptysis, leg swelling and sweating. It began this morning.",pulmonary embolism,Respiratory
"Complaining of ear pain, sore throat, lacrimation, itchiness of eye and allergic reaction. It began this morning.",seasonal allergies (hay fever),Febrile/Systemic
"The symptoms are diarrhea, nausea, decreased appetite, chills and burning abdominal pain.",noninfectious gastroenteritis,Febrile/Systemic
"I feel unwell, with ache all over, apnea, headache, chills, diarrhea and nausea. It began this morning.",flu,Respiratory
"Complaining of diarrhea, headache, sharp abdominal pain, rectal bleeding, fluid retention and decreased appetite. It got worse overnight.",noninfectious gastroenteritis,Febrile/Systemic
"I feel unwell, with wrist swelling, skin growth, knee swelling, knee pain, foot or toe pain, hand or finger pain, wrist lump or mass and hand or finger lump or mass.",ganglion cyst,Musculoskeletal/Other
"I came in because of diarrhea, headache, rectal bleeding, nausea, chills, fever and burning abdominal pain. It began this morning.",noninfectious gastroenteritis,Febrile/Systemic
"Since yesterday I've noticed chills, sharp abdominal pain, flu-like syndrome, fluid retention, burning abdominal pain, blood in stool, nausea and decreased appetite. It got worse overnight.",infectious gastroenteritis,Febrile/Systemic
"I feel unwell, with skin irritation, skin rash, itching of skin, skin lesion, skin moles, allergic reaction and skin swelling.",contact dermatitis,Dermatological
"I came in because of nasal congestion, hoarse voice, cough, abnormal breathing sounds and shortness of breath. It started two days ago.",croup,Respiratory
"For the past few days I've had abnormal appearing skin, toothache, throat swelling and skin growth.",cellulitis or abscess of mouth,Dermatological
"For the past few days I've had irregular appearing scalp, abnormal appearing skin, itchy scalp, itching of skin, skin rash and skin dryness, peeling, scaliness, or roughness.",fungal infection of the skin,Dermatological
"For the past few days I've had burning abdominal pain, insomnia and nausea. It began this morning.",irritable bowel syndrome,Gastrointestinal
"Complaining of chest tightness, sharp chest pain, difficulty breathing, loss of sensation and nausea.",tietze syndrome,Musculoskeletal/Other
"I have skin rash, itching of skin, skin lesion, irregular appearing scalp, abnormal appearing skin and skin growth. It comes and goes.",skin pigmentation disorder,Dermatological
"Since yesterday I've noticed fainting, diarrhea, vomiting, vomiting blood and sharp abdominal pain. This has lasted about a week.",gastrointestinal hemorrhage,Gastrointestinal
"Patient reports headache, sore throat, allergic reaction, nasal congestion and nosebleed. It began this morning.",deviated nasal septum,Respiratory
"I came in because of itchy scalp, abnormal appearing skin, skin rash and skin lesion. It began this morning.",fungal infection of the skin,Dermatological
"The symptoms are sharp abdominal pain, retention of urine, fever and jaundice. It began this morning.",ascending cholangitis,Gastrointestinal
"I've been experiencing suprapubic pain, shortness of breath, chills, fever and feeling ill and I'm worried. This has lasted about a week.",sepsis,Febrile/Systemic
"I have rectal bleeding, headache, burning abdominal pain, vomiting, sharp abdominal pain, decreased appetite, nausea and fluid retention.",noninfectious gastroenteritis,Febrile/Systemic
"Complaining of sneezing, ear pain, frontal headache, allergic reaction and itchiness of eye.",seasonal allergies (hay fever),Febrile/Systemic
"My main problems are diarrhea, flatulence, nausea, insomnia, anxiety and nervousness, burning abdominal pain and upper abdominal pain.",irritable bowel syndrome,Gastrointestinal
"I came in because of allergic reaction, warts, acne or pimples and skin lesion.",eczema,Dermatological
"I've been experiencing arm weakness, hand or finger pain, wrist swelling, elbow pain, neck pain, wrist pain and arm pain and I'm worried. This has lasted about a week.",carpal tunnel syndrome,Musculoskeletal/Other
"Since yesterday I've noticed leg swelling, sharp chest pain, heartburn and chest tightness.",hypertensive heart disease,Musculoskeletal/Other
"I have painful sinuses, sore throat, abnormal breathing sounds, difficulty breathing, nosebleed, facial pain and apnea.",deviated nasal septum,Respiratory
"I've been experiencing difficulty breathing, shortness of breath, chills, vomiting, weakness and fever and I'm worried.",sepsis,Febrile/Systemic
"For the past few days I've had hoarse voice, cough, coryza, sore throat, ear pain and fever.",laryngitis,Respiratory
"My main problems are side pain, burning abdominal pain, blood in stool, lower abdominal pain, diarrhea, upper abdominal pain, vomiting and nausea. It got worse overnight.",diverticulitis,Gastrointestinal
"I've been experiencing fatigue, dizziness, shortness of breath and muscle swelling and I'm worried.",premature atrial contractions (pacs),Musculoskeletal/Other
"I have abusing alcohol, diarrhea, burning abdominal pain, vomiting and hemoptysis.",acute pancreatitis,Gastrointestinal
"Lately I keep having shortness of breath, sore throat, abnormal breathing sounds, sleepiness, fever and nasal congestion. It got worse overnight.",interstitial lung disease,Respiratory
"I feel unwell, with pulling at ears, vomiting, fever and hoarse voice. It started two days ago.",croup,Respiratory
"For the past few days I've had pelvic pain, heavy menstrual flow, burning abdominal pain, blood clots during menstrual periods, intermenstrual bleeding and problems during pregnancy. It started two days ago.",spontaneous abortion,Musculoskeletal/Other
"I came in because of chills, leg weakness, suprapubic pain, difficulty breathing, vomiting, shortness of breath and sharp abdominal pain. This has lasted about a week.",sepsis,Febrile/Systemic
"I came in because of hip pain, leg pain, knee swelling, fever and knee pain.",septic arthritis,Febrile/Systemic
"The symptoms are mass on eyelid, foreign body sensation in eye, eyelid swelling, pain in eye, eye redness and lacrimation. This has lasted about a week.",chalazion,Musculoskeletal/Other
"My main problems are vomiting, wheezing, flu-like syndrome, fever and chills.",common cold,Respiratory
"For the past few days I've had shortness of breath, cough, sharp chest pain, wheezing and chills.",pneumonia,Respiratory
"I feel unwell, with frontal headache, sore throat, sinus congestion, congestion in chest and fever.",chronic sinusitis,Respiratory
"My main problems are knee pain, bones are painful, leg pain and muscle stiffness or tightness. It started two days ago.",bone disorder,Musculoskeletal/Other
"I feel unwell, with skin dryness, peeling, scaliness, or roughness, abnormal appearing skin, itching of skin, skin moles, joint pain, irregular appearing scalp, skin growth and skin swelling. It began this morning.",psoriasis,Dermatological
"I feel unwell, with regurgitation, upper abdominal pain, regurgitation.1, sharp chest pain, heartburn and difficulty in swallowing. It started two days ago.",hiatal hernia,Gastrointestinal
"Lately I keep having coryza, cough, nasal congestion, ear pain, lacrimation and sneezing. It began this morning.",seasonal allergies (hay fever),Febrile/Systemic
"For the past few days I've had pulling at ears, vomiting, fever, shortness of breath, hurts to breath and decreased appetite. It began this morning.",acute bronchiolitis,Respiratory
"Complaining of vomiting, chills, burning abdominal pain, headache, fluid retention, sharp abdominal pain, skin growth and flu-like syndrome.",infectious gastroenteritis,Febrile/Systemic
"I have cough, sore throat, vomiting, difficulty breathing and coryza. This has lasted about a week.",acute bronchospasm,Respiratory
"My main problems are vomiting blood, changes in stool appearance and sharp abdominal pain.",gastroduodenal ulcer,Gastrointestinal
"The symptoms are burning abdominal pain, pain during pregnancy, cramps and spasms, pelvic pain, side pain, nausea, abnormal appearing skin, vaginal discharge and sharp abdominal pain. It began this morning.",vulvodynia,Musculoskeletal/Other
"I feel unwell, with nausea, blood in stool, burning abdominal pain, flu-like syndrome, diarrhea, headache, fever and decreased appetite.",infectious gastroenteritis,Febrile/Systemic
"I came in because of rectal bleeding, pain of the anus, changes in stool appearance, heartburn, lower body pain and blood in stool.",hemorrhoids,Gastrointestinal
"I came in because of lower abdominal pain, stomach bloating, sharp abdominal pain, upper abdominal pain, decreased appetite, vomiting, burning abdominal pain and fever. It began this morning.",appendicitis,Gastrointestinal
"I've been experiencing regurgitation, skin dryness, peeling, scaliness, or roughness, skin lesion, skin swelling, skin growth, skin irritation and irregular appearing scalp and I'm worried. It started two days ago.",skin disorder,Dermatological
"I feel unwell, with diarrhea, flu-like syndrome, chills, nausea and decreased appetite. It started two days ago.",infectious gastroenteritis,Febrile/Systemic
"Lately I keep having skin lesion, skin swelling, lack of growth, abnormal appearing skin, irregular appearing scalp and lower abdominal pain.",dermatitis due to sun exposure,Dermatological
"Complaining of sore throat, hoarse voice, wheezing, abnormal breathing sounds and shortness of breath. It began this morning.",croup,Respiratory
"Since yesterday I've noticed blood in stool, headache, vomiting, rectal bleeding, fluid retention, fever and decreased appetite.",noninfectious gastroenteritis,Febrile/Systemic
"Complaining of hoarse voice, throat feels tight, nasal congestion, sore throat, fever, difficulty in swallowing, cough and difficulty speaking. This has lasted about a week.",laryngitis,Respiratory
"The symptoms are wheezing, shortness of breath, coughing up sputum, coryza, sharp chest pain, fever, headache and nasal congestion. It began this morning.",acute bronchitis,Respiratory
"Since yesterday I've noticed acne or pimples, irregular appearing scalp, skin swelling, cough, allergic reaction, abnormal appearing skin, skin lesion and itching of skin.",eczema,Dermatological
"The symptoms are sharp abdominal pain, decreased appetite, nausea, headache, fainting and vomiting. It got worse overnight.",infectious gastroenteritis,Febrile/Systemic
"The symptoms are difficulty in swallowing, sore throat, sharp chest pain, throat swelling and nasal congestion.",abscess of the pharynx,Dermatological
"I feel unwell, with skin moles, irregular appearing scalp, symptoms of eye and skin irritation. It started two days ago.",skin disorder,Dermatological
"Since yesterday I've noticed dry or flaky scalp, itching of skin, skin dryness, peeling, scaliness, or roughness, skin growth, too little hair, skin lesion and acne or pimples. It comes and goes.",seborrheic dermatitis,Dermatological
"The symptoms are regurgitation.1, burning abdominal pain, fainting, regurgitation and nausea. It got worse overnight.",intestinal disease,Gastrointestinal
"I've been experiencing itchiness of eye, symptoms of eye, spots or clouds in vision, foreign body sensation in eye, lacrimation, abnormal movement of eyelid and pain in eye and I'm worried.",macular degeneration,Musculoskeletal/Other
"My main problems are fluid retention, diarrhea, decreased appetite, burning abdominal pain, blood in stool and headache.",noninfectious gastroenteritis,Febrile/Systemic
"Since yesterday I've noticed difficulty breathing, weight gain, difficulty in swallowing, sleepiness, abnormal involuntary movements and sweating. This has lasted about a week.",obstructive sleep apnea (osa),Respiratory
"Since yesterday I've noticed irregular appearing scalp, skin growth, pelvic pain, itchy scalp, jaundice, skin irritation, itching of skin, skin rash and skin swelling.",fungal infection of the hair,Dermatological
"I've been experiencing heartburn, cough, restlessness, vomiting, shortness of breath, nausea, difficulty in swallowing and sharp chest pain and I'm worried.",esophagitis,Gastrointestinal
"Lately I keep having itchiness of eye, lacrimation, sore throat and coryza. It got worse overnight.",seasonal allergies (hay fever),Febrile/Systemic
"The symptoms are sore throat, fever, cough, coryza, flu-like syndrome, headache and wheezing. It started two days ago.",common cold,Respiratory
"I have skin swelling, skin dryness, peeling, scaliness, or roughness, skin moles, irregular appearing scalp, skin rash, skin growth and abnormal appearing skin. It started two days ago.",actinic keratosis,Dermatological
"Lately I keep having changes in stool appearance, lower body pain, mass or swelling around the anus, heartburn, sharp abdominal pain, pain of the anus, rectal bleeding and blood in stool. It got worse overnight.",hemorrhoids,Gastrointestinal
"Chief complaint: rectal bleeding, nausea, cramps and spasms, vomiting, retention of urine, lower abdominal pain, constipation and blood in stool. It got worse overnight.",chronic constipation,Gastrointestinal
"For the past few days I've had stomach bloating, back pain, regurgitation.1, vomiting and sharp chest pain. It began this morning.",cholecystitis,Gastrointestinal
"For the past few days I've had diarrhea, flatulence, sharp abdominal pain, burning abdominal pain, insomnia, anxiety and nervousness and upper abdominal pain.",irritable bowel syndrome,Gastrointestinal
"The symptoms are changes in stool appearance, vomiting blood and burning abdominal pain. It began this morning.",gastroduodenal ulcer,Gastrointestinal
"Complaining of coryza, flu-like syndrome, weakness, headache, chills, nasal congestion, ear pain, wheezing and vomiting. It comes and goes.",common cold,Respiratory
"I've been experiencing acne or pimples, skin irritation, wrinkles on skin, lip swelling and abnormal appearing skin and I'm worried. This has lasted about a week.",atrophic skin condition,Dermatological
"My main problems are abnormal appearing skin, lower body pain, headache, symptoms of the face, depressive or psychotic symptoms, fever and fatigue.",lyme disease,Febrile/Systemic
"For the past few days I've had hand or finger pain, loss of sensation, arm swelling, arm stiffness or tightness, wrist pain, wrist swelling and joint pain.",injury to the arm,Musculoskeletal/Other
"Patient reports nasal congestion, coughing up sputum, congestion in chest, sharp chest pain and sore throat. It got worse overnight.",acute bronchitis,Respiratory
"I've been experiencing skin swelling, symptoms of eye, abnormal appearing skin and skin lesion and I'm worried. It got worse overnight.",rosacea,Dermatological
"The symptoms are skin swelling, acne or pimples, irregular appearing scalp, pelvic pain and skin rash. It comes and goes.",fungal infection of the hair,Dermatological
"I feel unwell, with coughing up sputum, nasal congestion, fever, coryza, sharp chest pain, sore throat, cough and difficulty breathing.",acute bronchitis,Respiratory
"The symptoms are difficulty in swallowing, nausea, hoarse voice, chest tightness, burning abdominal pain, sharp abdominal pain and sharp chest pain.",gastroesophageal reflux disease (gerd),Gastrointestinal
"I have coryza, shortness of breath and cough.",acute bronchiolitis,Respiratory
"Chief complaint: cough, frontal headache, facial pain, painful sinuses, ear pain, sinus congestion and fever. This has lasted about a week.",chronic sinusitis,Respiratory
"For the past few days I've had gum pain, skin swelling, facial pain, neck swelling, mouth pain and jaw swelling. This has lasted about a week.",dental caries,Musculoskeletal/Other
"My main problems are coughing up sputum, sore throat, frontal headache, cough, nasal congestion and sinus congestion. It started two days ago.",acute sinusitis,Respiratory
"I came in because of wheezing, ear pain, sore throat and headache. It started two days ago.",common cold,Respiratory
"I've been experiencing toothache, pain in gums, mouth pain, skin swelling, facial pain, jaw swelling and gum pain and I'm worried.",tooth abscess,Dermatological
"The symptoms are lower abdominal pain, fever, side pain, nausea, burning abdominal pain and decreased appetite. It got worse overnight.",appendicitis,Gastrointestinal
"Chief complaint: fluid retention, vomiting, fever, decreased appetite, blood in stool, headache and flu-like syndrome.",infectious gastroenteritis,Febrile/Systemic
"Patient reports diarrhea, side pain, unusual color or odor to urine, heartburn, burning abdominal pain and weakness. It comes and goes.",liver disease,Gastrointestinal
"Complaining of skin rash, abnormal appearing skin, long menstrual periods and skin dryness, peeling, scaliness, or roughness. It got worse overnight.",acne,Dermatological
"I came in because of ear pain, nasal congestion, frontal headache and itchiness of eye. It comes and goes.",seasonal allergies (hay fever),Febrile/Systemic
"I have foot or toe pain, skin lesion, leg pain, hand or finger pain and leg swelling. It comes and goes.",pyogenic skin infection,Dermatological
"I've been experiencing ankle swelling, problems with movement, hip pain, ankle pain, knee pain and leg swelling and I'm worried. It began this morning.",fracture of the leg,Musculoskeletal/Other
"I've been experiencing abnormal appearing skin, skin swelling, skin rash and fever and I'm worried. It comes and goes.",impetigo,Dermatological
"I feel unwell, with problems with movement, weakness, leg stiffness or tightness, dizziness, disturbance of memory and focal weakness.",parkinson disease,Musculoskeletal/Other
"Chief complaint: anxiety and nervousness, abnormal involuntary movements, chest tightness, dizziness, breathing fast, depressive or psychotic symptoms and insomnia. It got worse overnight.",panic disorder,Musculoskeletal/Other
"My main problems are fever, weakness, suprapubic pain and shortness of breath. This has lasted about a week.",sepsis,Febrile/Systemic
"Complaining of abnormal breathing sounds, apnea, weight gain and abnormal involuntary movements.",obstructive sleep apnea (osa),Respiratory
"I've been experiencing difficulty breathing, sharp abdominal pain, feeling ill, decreased appetite, suprapubic pain, vomiting and weakness and I'm worried. It began this morning.",sepsis,Febrile/Systemic
"The symptoms are involuntary urination, vaginal itching, vaginal discharge and frequent urination. It comes and goes.",atrophic vaginitis,Musculoskeletal/Other
"For the past few days I've had upper abdominal pain, heartburn, rectal bleeding, flatulence, sharp abdominal pain and pain of the anus.",colonic polyp,Gastrointestinal
"For the past few days I've had diarrhea, blood in stool, side pain, upper abdominal pain and nausea. It got worse overnight.",liver disease,Gastrointestinal
"Lately I keep having sharp abdominal pain, retention of urine, pain of the anus, vaginal itching, nausea, stomach bloating and constipation. This has lasted about a week.",intestinal obstruction,Gastrointestinal
"My main problems are elbow pain, arm swelling, wrist pain and shoulder stiffness or tightness. It began this morning.",fracture of the arm,Musculoskeletal/Other
"For the past few days I've had abnormal appearing skin, itching of skin, skin growth, warts, acne or pimples, skin rash, skin irritation and irregular appearing scalp. It comes and goes.",seborrheic keratosis,Dermatological
"Complaining of cough, headache, ear pain, sneezing, nasal congestion and itchiness of eye. It comes and goes.",seasonal allergies (hay fever),Febrile/Systemic
"I feel unwell, with depressive or psychotic symptoms, depression, delusions or hallucinations and pain during pregnancy.",postpartum depression,Musculoskeletal/Other
"Complaining of flu-like syndrome, diarrhea, chills, fever, decreased appetite and sharp abdominal pain. It got worse overnight.",infectious gastroenteritis,Febrile/Systemic
"I have nasal congestion, difficulty breathing, irritable infant, wheezing, hurts to breath and fever. It got worse overnight.",acute bronchiolitis,Respiratory
"Patient reports acne or pimples, symptoms of the face, skin lesion, irregular appearing scalp, dry or flaky scalp, skin dryness, peeling, scaliness, or roughness and itching of skin. It started two days ago.",seborrheic dermatitis,Dermatological
"I have chills, blood in stool, diarrhea, sharp abdominal pain, flu-like syndrome, fluid retention and fever.",infectious gastroenteritis,Febrile/Systemic
"My main problems are long menstrual periods, skin dryness, peeling, scaliness, or roughness, abnormal appearing skin, skin swelling and skin growth.",acne,Dermatological
"I feel unwell, with constipation, pain of the anus, lower abdominal pain, vomiting and rectal bleeding.",chronic constipation,Gastrointestinal
"For the past few days I've had pain in eye, lower body pain, stomach bloating, upper abdominal pain, symptoms of the kidneys, sharp abdominal pain and side pain. It started two days ago.",cholecystitis,Gastrointestinal
"I feel unwell, with sleepiness, sweating, fatigue, weight gain, mouth dryness, difficulty breathing, insomnia and abnormal breathing sounds. It comes and goes.",obstructive sleep apnea (osa),Respiratory
"My main problems are fluid retention, nausea, diarrhea and decreased appetite. It comes and goes.",infectious gastroenteritis,Febrile/Systemic
"Chief complaint: sore throat, nasal congestion, redness in ear, lump in throat, leg pain and throat redness. It comes and goes.",tonsillitis,Respiratory
"Since yesterday I've noticed sore throat, ear pain, headache, frontal headache and cough. It got worse overnight.",chronic sinusitis,Respiratory
"My main problems are sore throat, nasal congestion, cough, shortness of breath and congestion in chest. It started two days ago.",acute bronchitis,Respiratory
"Patient reports wheezing, sore throat, nasal congestion, flu-like syndrome, chills and fever. It began this morning.",common cold,Respiratory
"I feel unwell, with abnormal appearing skin, irregular appearing scalp, skin dryness, peeling, scaliness, or roughness, symptoms of the face and skin rash. This has lasted about a week.",actinic keratosis,Dermatological
"Chief complaint: sinus congestion, facial pain, painful sinuses, ear pain and coryza. It got worse overnight.",acute sinusitis,Respiratory
"The symptoms are difficulty speaking, difficulty in swallowing, ear pain and sore throat.",laryngitis,Respiratory
"Since yesterday I've noticed abnormal appearing skin, itchy scalp, joint pain, skin lesion, skin swelling, skin moles, irregular appearing scalp and skin rash. It comes and goes.",psoriasis,Dermatological
"My main problems are headache, lacrimation and itchiness of eye. It began this morning.",seasonal allergies (hay fever),Febrile/Systemic
"I have difficulty breathing, vomiting, shortness of breath and sharp abdominal pain. It began this morning.",sepsis,Febrile/Systemic
"Chief complaint: mass or swelling around the anus, itching of the anus, heartburn, constipation and pain of the anus. It began this morning.",hemorrhoids,Gastrointestinal
"Chief complaint: constipation, cramps and spasms, diarrhea and heartburn.",rectal disorder,Gastrointestinal
For the past few days I've had hip pain and symptoms of the face.,lyme disease,Febrile/Systemic
"Lately I keep having skin growth, skin lesion, joint pain, skin swelling, skin irritation and abnormal appearing skin. This has lasted about a week.",psoriasis,Dermatological
"I've been experiencing diarrhea, fever, headache, flu-like syndrome, blood in stool and decreased appetite and I'm worried. This has lasted about a week.",infectious gastroenteritis,Febrile/Systemic
"Lately I keep having acne or pimples, skin dryness, peeling, scaliness, or roughness, dry or flaky scalp, abnormal appearing skin and irregular appearing scalp. It began this morning.",seborrheic dermatitis,Dermatological
"My main problems are facial pain, ear pain, bleeding gums, lip swelling, pain in gums, mouth ulcer and peripheral edema. This has lasted about a week.",gum disease,Musculoskeletal/Other
"I came in because of chest tightness, cough, coryza, shortness of breath, sharp chest pain and nasal congestion. It began this morning.",chronic obstructive pulmonary disease (copd),Respiratory
"The symptoms are nausea, ache all over, stomach bloating and sharp abdominal pain. It comes and goes.",pancreatic cancer,Gastrointestinal
"Lately I keep having sharp chest pain, dizziness, increased heart rate, throat feels tight and palpitations. It started two days ago.",chronic rheumatic fever,Febrile/Systemic
"Complaining of joint pain, knee pain, ache all over, leg pain, back pain, groin pain and hip pain.",arthritis of the hip,Musculoskeletal/Other
"My main problems are depressive or psychotic symptoms, nasal congestion, drug abuse, lack of growth, restlessness and temper problems.",attention deficit hyperactivity disorder (adhd),Musculoskeletal/Other
"The symptoms are nausea, burning abdominal pain, vomiting, abusing alcohol, sharp chest pain, hemoptysis, back pain and diarrhea. It began this morning.",acute pancreatitis,Gastrointestinal
"I came in because of chest tightness, cough, side pain, weakness, sweating and shortness of breath.",pulmonary embolism,Respiratory
"I came in because of burning abdominal pain, pain of the anus, diarrhea, cramps and spasms, rectal bleeding, melena and heartburn. It began this morning.",rectal disorder,Gastrointestinal
"I've been experiencing paresthesia, stiffness all over, back pain, knee pain, ache all over and low back pain and I'm worried.",ankylosing spondylitis,Musculoskeletal/Other
"Complaining of sore throat, sinus congestion, vomiting and cough. It started two days ago.",abscess of nose,Dermatological
"Patient reports side pain, sharp abdominal pain, hemoptysis, burning abdominal pain, upper abdominal pain and vomiting.",acute pancreatitis,Gastrointestinal
"I feel unwell, with pelvic pain, low back pain, headache, knee pain and leg pain. It got worse overnight.",chronic pain disorder,Musculoskeletal/Other
"I have vomiting, cough, headache, ache all over and neck pain. It began this morning.",meningitis,Febrile/Systemic
"For the past few days I've had warts, skin lesion, bumps on penis and skin swelling. It began this morning.",viral warts,Dermatological
"I've been experiencing sore throat, cough, nasal congestion, fever, shortness of breath, vomiting and wheezing and I'm worried.",acute bronchospasm,Respiratory
"I came in because of skin moles, skin growth, lymphedema and abnormal appearing skin. This has lasted about a week.",rosacea,Dermatological
"Patient reports lower body pain, regurgitation.1, sharp abdominal pain, nausea, sharp chest pain and back pain. It got worse overnight.",gallstone,Gastrointestinal
"For the past few days I've had lacrimation, nasal congestion, sore throat, frontal headache and cough.",seasonal allergies (hay fever),Febrile/Systemic
"Lately I keep having skin growth, symptoms of the face, skin dryness, peeling, scaliness, or roughness, itching of skin, skin swelling and abnormal appearing skin. It comes and goes.",actinic keratosis,Dermatological
"Since yesterday I've noticed fever, frontal headache, headache, cough and sharp abdominal pain.",chronic sinusitis,Respiratory
"Chief complaint: headache, wheezing, coryza, coughing up sputum, cough and nasal congestion.",acute bronchitis,Respiratory
"I feel unwell, with dizziness, headache, focal weakness, weakness, seizures, blindness, depressive or psychotic symptoms and diminished vision.",intracerebral hemorrhage,Musculoskeletal/Other
"Since yesterday I've noticed abnormal involuntary movements, focal weakness, depression, problems with movement, hostile behavior and disturbance of memory. This has lasted about a week.",delirium,Musculoskeletal/Other
"I've been experiencing hurts to breath, difficulty breathing, decreased appetite, wheezing, nasal congestion, pulling at ears, fever and shortness of breath and I'm worried.",acute bronchiolitis,Respiratory
"The symptoms are diarrhea, headache, blood in stool, chills, nausea, burning abdominal pain and decreased appetite.",noninfectious gastroenteritis,Febrile/Systemic
"I have nausea, shortness of breath, upper abdominal pain, heartburn and side pain.",liver disease,Gastrointestinal
"My main problems are skin rash, foot or toe pain, hand or finger pain, abnormal appearing skin and skin swelling. It got worse overnight.",pyogenic skin infection,Dermatological
"For the past few days I've had rectal bleeding, sharp abdominal pain and constipation. It started two days ago.",hemorrhoids,Gastrointestinal
"Patient reports sore throat, vomiting, nasal congestion, cough, plugged feeling in ear and diminished hearing. It comes and goes.",otitis media,Musculoskeletal/Other
"I've been experiencing blood in stool, decreased appetite, diarrhea, rectal bleeding, fluid retention and headache and I'm worried.",noninfectious gastroenteritis,Febrile/Systemic
"The symptoms are sore throat, sneezing, itchiness of eye, allergic reaction, ear pain, temper problems and nasal congestion. It comes and goes.",seasonal allergies (hay fever),Febrile/Systemic
"For the past few days I've had itching of skin, skin irritation, skin lesion, skin dryness, peeling, scaliness, or roughness, allergic reaction, acne or pimples and skin swelling. It comes and goes.",contact dermatitis,Dermatological
"My main problems are burning abdominal pain, sharp abdominal pain, decreased appetite, fatigue, vomiting, diarrhea and fluid retention. It started two days ago.",infectious gastroenteritis,Febrile/Systemic
"The symptoms are flu-like syndrome, nausea, blood in stool, vomiting, headache and fever.",infectious gastroenteritis,Febrile/Systemic
"Lately I keep having shortness of breath, apnea, feeling ill, cough, difficulty breathing, sharp chest pain and fatigue. It comes and goes.",pulmonary hypertension,Respiratory
"For the past few days I've had vomiting, feeling ill, dizziness, diarrhea and fainting.",hypovolemia,Musculoskeletal/Other
"My main problems are skin dryness, peeling, scaliness, or roughness, too little hair, skin rash, itchy scalp and skin lesion.",fungal infection of the skin,Dermatological
"Chief complaint: burning abdominal pain, foreign body sensation in eye, decreased appetite, nausea, rectal bleeding, blood in stool, headache, sharp abdominal pain and diarrhea. It began this morning.",noninfectious gastroenteritis,Febrile/Systemic
"Lately I keep having skin swelling, skin rash, leg swelling, foot or toe pain, peripheral edema and leg pain. It got worse overnight.",pyogenic skin infection,Dermatological
"I have chills, sharp abdominal pain, decreased appetite, feeling ill, difficulty breathing, fever and shortness of breath. It got worse overnight.",sepsis,Febrile/Systemic
"The symptoms are shoulder pain, back pain, ache all over and loss of sensation. It began this morning.",neuralgia,Musculoskeletal/Other
"My main problems are difficulty breathing, sore throat, headache, fever, nasal congestion and congestion in chest.",acute bronchitis,Respiratory
"Complaining of arm stiffness or tightness, leg swelling, shoulder stiffness or tightness, arm pain, leg pain, hip pain, knee pain and shoulder pain. It comes and goes.",bursitis,Musculoskeletal/Other
"My main problems are coryza, sneezing, allergic reaction, frontal headache, itchiness of eye and nasal congestion. It started two days ago.",seasonal allergies (hay fever),Febrile/Systemic
"I have hand or finger stiffness or tightness, headache, decreased appetite, chills, nausea, rectal bleeding, fluid retention and burning abdominal pain. It started two days ago.",noninfectious gastroenteritis,Febrile/Systemic
"I've been experiencing cough, fever, ache all over, chills, headache, sore throat and diarrhea and I'm worried.",flu,Respiratory
"Complaining of sharp abdominal pain, fever, constipation, blood in stool and vomiting.",diverticulitis,Gastrointestinal
"The symptoms are symptoms of the scrotum and testes, pain in testicles, ache all over and lower abdominal pain. This has lasted about a week.",inguinal hernia,Gastrointestinal
"Patient reports foot or toe swelling, hand or finger swelling, leg swelling, skin swelling, double vision, abnormal appearing skin and skin rash. It began this morning.",pyogenic skin infection,Dermatological
"I have nausea, side pain, regurgitation.1, sharp chest pain, sharp abdominal pain and upper abdominal pain. It comes and goes.",cholecystitis,Gastrointestinal
"Lately I keep having dry or flaky scalp, itching of skin, abnormal appearing skin, skin rash, acne or pimples, skin dryness, peeling, scaliness, or roughness and skin lesion. It got worse overnight.",seborrheic dermatitis,Dermatological
"I came in because of chest tightness, muscle pain, fatigue, shortness of breath, lymphedema, dizziness and difficulty breathing. It comes and goes.",ischemic heart disease,Musculoskeletal/Other
"I feel unwell, with feeling ill, difficulty breathing, fever, weakness and cough. It got worse overnight.",sepsis,Febrile/Systemic
"The symptoms are warts, irregular appearing scalp, skin growth, acne or pimples, abnormal appearing skin, skin moles, skin dryness, peeling, scaliness, or roughness and skin lesion. It began this morning.",skin pigmentation disorder,Dermatological
"I feel unwell, with dizziness, difficulty in swallowing, decreased heart rate, weakness and shortness of breath. It comes and goes.",hyperkalemia,Musculoskeletal/Other
"Chief complaint: nausea, paresthesia, abusing alcohol, side pain and back pain.",acute pancreatitis,Gastrointestinal
"Chief complaint: eye redness, itchiness of eye, pain in eye, swollen eye, sneezing and diminished vision. It comes and goes.",conjunctivitis due to allergy,Musculoskeletal/Other
"I've been experiencing pulling at ears, hurts to breath, vomiting, nasal congestion, cough, fever, difficulty breathing and coryza and I'm worried. It comes and goes.",acute bronchiolitis,Respiratory
"I feel unwell, with insomnia, difficulty breathing, abnormal involuntary movements, weight gain, difficulty in swallowing and abnormal breathing sounds. It started two days ago.",obstructive sleep apnea (osa),Respiratory
"Patient reports lip swelling, acne or pimples, bumps on penis, skin swelling and warts. This has lasted about a week.",viral warts,Dermatological
"I have hemoptysis, weakness, side pain, shortness of breath, chest tightness and difficulty breathing. It began this morning.",pulmonary embolism,Respiratory
"For the past few days I've had nasal congestion, fever, painful sinuses, cough, frontal headache and sore throat. This has lasted about a week.",acute sinusitis,Respiratory
"Since yesterday I've noticed skin swelling, itching of skin, itchy scalp, irregular appearing scalp, skin rash and skin growth. It started two days ago.",fungal infection of the hair,Dermatological
"My main problems are sharp abdominal pain, flu-like syndrome, headache, fever, decreased appetite, nausea and vomiting. It began this morning.",infectious gastroenteritis,Febrile/Systemic
"My main problems are foot or toe swelling, hand or finger swelling, leg pain, abnormal appearing skin, hand or finger pain, leg swelling and foot or toe pain. It got worse overnight.",pyogenic skin infection,Dermatological
"I have nausea, burning abdominal pain, abusing alcohol, side pain, vomiting, diarrhea and hemoptysis. This has lasted about a week.",acute pancreatitis,Gastrointestinal
"I feel unwell, with fatigue, abnormal involuntary movements, depressive or psychotic symptoms, anxiety and nervousness, headache, dizziness, depression and shortness of breath. It comes and goes.",acute stress reaction,Musculoskeletal/Other
"Chief complaint: skin rash, symptoms of the face, skin dryness, peeling, scaliness, or roughness and acne or pimples. It started two days ago.",seborrheic dermatitis,Dermatological
"Since yesterday I've noticed irregular appearing scalp, acne or pimples, skin lesion, symptoms of the face, skin growth, too little hair, skin dryness, peeling, scaliness, or roughness and itching of skin.",seborrheic dermatitis,Dermatological
"Lately I keep having acne or pimples, skin moles, lip swelling, skin irritation, skin lesion, abnormal appearing skin and wrinkles on skin. It began this morning.",atrophic skin condition,Dermatological
My main problems are skin moles and skin growth.,actinic keratosis,Dermatological
"Since yesterday I've noticed sore throat, coryza, ear pain, nasal congestion, leg pain and lacrimation. This has lasted about a week.",seasonal allergies (hay fever),Febrile/Systemic
"For the past few days I've had recent pregnancy, fatigue, shortness of breath, insomnia, leg swelling and sharp chest pain. It got worse overnight.",hypertensive heart disease,Musculoskeletal/Other
"I have burning abdominal pain, side pain, heartburn, back pain, vomiting and regurgitation.1. It comes and goes.",gallstone,Gastrointestinal
"I have kidney mass, blood in urine, back pain and skin growth. It started two days ago.",polycystic kidney disease,Musculoskeletal/Other
"Since yesterday I've noticed burning abdominal pain, flu-like syndrome, groin pain, chills, sharp abdominal pain and vomiting. It began this morning.",infectious gastroenteritis,Febrile/Systemic
"I've been experiencing loss of sex drive, symptoms of prostate, frequent urination, excessive urination at night and involuntary urination and I'm worried. This has lasted about a week.",erectile dysfunction,Musculoskeletal/Other
"Complaining of mass in scrotum, pain in testicles, skin growth, pain of the anus and symptoms of the scrotum and testes. This has lasted about a week.",varicocele of the testicles,Musculoskeletal/Other
"I have acne or pimples, warts, skin lesion, skin rash, skin growth, irregular appearing scalp and itching of skin.",seborrheic keratosis,Dermatological
"Complaining of ear pain, allergic reaction, headache, sore throat, nasal congestion, chest tightness and lacrimation. It comes and goes.",seasonal allergies (hay fever),Febrile/Systemic
"I have wheezing, nasal congestion, vomiting, hoarse voice and sore throat.",croup,Respiratory
"I feel unwell, with leg pain, skin lesion and skin rash. It comes and goes.",pyogenic skin infection,Dermatological
"Patient reports skin swelling, skin irritation, symptoms of the face, skin rash, skin moles, skin lesion, skin dryness, peeling, scaliness, or roughness and itching of skin. It comes and goes.",actinic keratosis,Dermatological
"I came in because of vaginal itching, skin rash, recent pregnancy, suprapubic pain and vaginal discharge. It began this morning.",genital herpes,Musculoskeletal/Other
"Chief complaint: cough, allergic reaction, difficulty breathing, fever and coughing up sputum. It began this morning.",asthma,Respiratory
"I feel unwell, with swollen lymph nodes, feeling ill, nasal congestion, fever, skin rash and headache. It got worse overnight.",mononucleosis,Febrile/Systemic
"Since yesterday I've noticed shortness of breath, depressive or psychotic symptoms and difficulty breathing.",acute respiratory distress syndrome (ards),Respiratory
"The symptoms are feeling ill, fever, shortness of breath and decreased appetite. This has lasted about a week.",sepsis,Febrile/Systemic
"I came in because of pulling at ears, back pain, dry lips and leg pain. It comes and goes.",sickle cell anemia,Musculoskeletal/Other
"I've been experiencing skin growth, skin lesion, lip swelling, irregular appearing scalp, skin swelling, abnormal appearing skin, skin dryness, peeling, scaliness, or roughness and warts and I'm worried. It got worse overnight.",skin cancer,Dermatological
"I came in because of suprapubic pain, pelvic pain, sharp abdominal pain, pain during intercourse and vaginal pain. This has lasted about a week.",vaginitis,Musculoskeletal/Other
"Complaining of diminished vision, spots or clouds in vision, dizziness, vomiting, nausea and blindness. This has lasted about a week.",migraine,Musculoskeletal/Other
"The symptoms are nausea, vomiting blood, sharp abdominal pain, rectal bleeding, fainting, dizziness and vomiting. It began this morning.",gastrointestinal hemorrhage,Gastrointestinal
"I came in because of rectal bleeding, upper abdominal pain, blood in stool, melena, constipation and sharp abdominal pain. This has lasted about a week.",diverticulosis,Gastrointestinal
"I came in because of constipation, diarrhea, sharp abdominal pain, fever, blood in stool and chills. It got worse overnight.",diverticulitis,Gastrointestinal
"I came in because of vomiting blood, diarrhea and fever. This has lasted about a week.",gastritis,Gastrointestinal
"Lately I keep having muscle pain, back pain, hip pain, low back pain and side pain. It began this morning.",lumbago,Musculoskeletal/Other
"My main problems are frontal headache, facial pain, headache, hoarse voice and painful sinuses. It comes and goes.",nasal polyp,Respiratory
"Patient reports sweating, smoking problems, antisocial behavior, anxiety and nervousness, delusions or hallucinations and hostile behavior. This has lasted about a week.",drug abuse,Musculoskeletal/Other
"Since yesterday I've noticed groin pain, sharp abdominal pain, pain in testicles, swollen abdomen and lower abdominal pain.",inguinal hernia,Gastrointestinal
"Lately I keep having white discharge from eye, eye redness, pain in eye, itchiness of eye, symptoms of eye and foreign body sensation in eye. It began this morning.",foreign body in the eye,Musculoskeletal/Other
"I feel unwell, with vomiting, sore throat, fever, shortness of breath and sharp chest pain. This has lasted about a week.",acute bronchospasm,Respiratory
"For the past few days I've had ear pain, fever and frontal headache. It got worse overnight.",chronic sinusitis,Respiratory
"For the past few days I've had obsessions and compulsions, anxiety and nervousness, temper problems, depressive or psychotic symptoms, delusions or hallucinations and excessive anger. It began this morning.",bipolar disorder,Musculoskeletal/Other
"Since yesterday I've noticed upper abdominal pain, sharp chest pain, burning abdominal pain, vomiting, heartburn, nausea and vomiting blood. It started two days ago.",gastroduodenal ulcer,Gastrointestinal
"Complaining of rectal bleeding, upper abdominal pain, nausea, sharp abdominal pain and melena. It started two days ago.",diverticulosis,Gastrointestinal
"Complaining of skin rash, itching of skin, abnormal appearing skin, skin moles, itchy scalp, irregular appearing scalp and skin dryness, peeling, scaliness, or roughness.",psoriasis,Dermatological
"I feel unwell, with chills, fever, vomiting, headache, fluid retention, rectal bleeding, nausea and blood in stool. It got worse overnight.",noninfectious gastroenteritis,Febrile/Systemic
"The symptoms are nasal congestion, difficulty in swallowing, cough, ear pain and throat feels tight. It started two days ago.",laryngitis,Respiratory
"The symptoms are decreased appetite, fever, cough, irritable infant, difficulty breathing, hurts to breath, nasal congestion and shortness of breath.",acute bronchiolitis,Respiratory
"The symptoms are irregular appearing scalp, leg pain, dry or flaky scalp, skin dryness, peeling, scaliness, or roughness, symptoms of the face, skin rash, acne or pimples, skin growth and itching of skin.",seborrheic dermatitis,Dermatological
"I have blood in stool, flatulence, upper abdominal pain, sharp abdominal pain and diarrhea.",colonic polyp,Gastrointestinal
"The symptoms are weakness, side pain, sharp abdominal pain, rib pain, difficulty breathing, cough and abusing alcohol. This has lasted about a week.",pleural effusion,Respiratory
"My main problems are sore throat, fever, nasal congestion, shortness of breath, hoarse voice and pulling at ears.",croup,Respiratory
"I have leg swelling, foot or toe swelling, foot or toe pain, joint pain, hand or finger swelling, knee pain, ankle pain and knee swelling. It comes and goes.",gout,Musculoskeletal/Other
"Patient reports skin rash, suprapubic pain, leg weakness, diaper rash and abnormal appearing skin. It got worse overnight.",balanitis,Musculoskeletal/Other
"Patient reports skin growth, warts, skin moles and itching of skin. It got worse overnight.",seborrheic keratosis,Dermatological
"Since yesterday I've noticed nausea, melena, fainting, blood in stool and weakness. It comes and goes.",gastrointestinal hemorrhage,Gastrointestinal
"Lately I keep having swollen or red tonsils, abnormal breathing sounds, lump in throat, redness in ear and nasal congestion. This has lasted about a week.",tonsillitis,Respiratory
"I've been experiencing cough, feeling ill, sharp abdominal pain, fever and shortness of breath and I'm worried. This has lasted about a week.",sepsis,Febrile/Systemic
"The symptoms are sharp abdominal pain, retention of urine and nausea. It began this morning.",ischemia of the bowel,Gastrointestinal
"My main problems are double vision, headache, difficulty speaking, rib pain, dizziness, neck pain and disturbance of memory. It started two days ago.",concussion,Musculoskeletal/Other
"I came in because of sharp abdominal pain, chills, fever, cough, suprapubic pain and difficulty breathing. This has lasted about a week.",sepsis,Febrile/Systemic
"Chief complaint: back pain, weakness, difficulty breathing, cough, sharp abdominal pain and sharp chest pain.",pleural effusion,Respiratory
"Lately I keep having fever, skin lesion, sore in nose, mouth ulcer and cough. It began this morning.",impetigo,Dermatological
"Lately I keep having blood in stool, rectal bleeding, changes in stool appearance, vomiting blood and fainting.",gastrointestinal hemorrhage,Gastrointestinal
"I feel unwell, with cough, frontal headache, headache, nasal congestion and allergic reaction.",seasonal allergies (hay fever),Febrile/Systemic
"I've been experiencing nasal congestion, symptoms of infants, decreased appetite, cough and diarrhea and I'm worried. It comes and goes.",teething syndrome,Musculoskeletal/Other
"Since yesterday I've noticed fever, nasal congestion, shortness of breath, wheezing, sleepiness and abnormal breathing sounds.",interstitial lung disease,Respiratory
"Complaining of sore throat, wheezing, pulling at ears, nasal congestion, abnormal breathing sounds and vomiting. It began this morning.",croup,Respiratory
"I have pulling at ears, vaginal redness, ear pain, diminished hearing, nasal congestion and coryza. It started two days ago.",otitis media,Musculoskeletal/Other
"I feel unwell, with nausea, upper abdominal pain, vomiting, sharp abdominal pain, constipation, diminished vision and side pain. This has lasted about a week.",diverticulitis,Gastrointestinal
"My main problems are insomnia, headache, shortness of breath, anxiety and nervousness, increased heart rate and sharp chest pain. It got worse overnight.",anxiety,Musculoskeletal/Other
"My main problems are drug abuse, depressive or psychotic symptoms, disturbance of memory, insomnia, anxiety and nervousness, excessive anger, abusing alcohol and delusions or hallucinations. It began this morning.",depression,Musculoskeletal/Other
"I came in because of palpitations, throat feels tight and shortness of breath. This has lasted about a week.",chronic rheumatic fever,Febrile/Systemic
"Lately I keep having bumps on penis, lip swelling, acne or pimples, warts and abnormal appearing skin.",viral warts,Dermatological
"Chief complaint: vomiting, diarrhea, chills and upper abdominal pain. It got worse overnight.",diverticulitis,Gastrointestinal
"Patient reports skin moles, skin lesion, itching of skin, warts, skin growth and acne or pimples.",skin polyp,Dermatological
"I feel unwell, with excessive anger, heartburn, sharp chest pain, blood in stool and vomiting blood. This has lasted about a week.",gastroduodenal ulcer,Gastrointestinal
"Since yesterday I've noticed hand or finger swelling, foot or toe pain, knee pain, leg pain and hand or finger pain. It comes and goes.",tendinitis,Musculoskeletal/Other
"For the past few days I've had skin lesion, skin swelling, skin rash, irregular appearing scalp, skin dryness, peeling, scaliness, or roughness and abnormal appearing skin. This has lasted about a week.",fungal infection of the skin,Dermatological
"The symptoms are hemoptysis, sharp abdominal pain, burning abdominal pain and diarrhea. It began this morning.",acute pancreatitis,Gastrointestinal
"Patient reports white discharge from eye, pain in eye, nasal congestion, itchiness of eye, diminished vision and fever. It comes and goes.",conjunctivitis due to virus,Musculoskeletal/Other
"My main problems are cough, coryza, nasal congestion and headache. It got worse overnight.",acute bronchitis,Respiratory
"I've been experiencing nausea, intermenstrual bleeding, back pain, shortness of breath and sharp abdominal pain and I'm worried. It started two days ago.",peritonitis,Musculoskeletal/Other
"For the past few days I've had skin dryness, peeling, scaliness, or roughness, skin rash, skin swelling, skin lesion, lack of growth, irregular appearing scalp and abnormal appearing skin. It got worse overnight.",dermatitis due to sun exposure,Dermatological
"I came in because of fever, back pain, decreased appetite and chills.",noninfectious gastroenteritis,Febrile/Systemic
"For the past few days I've had heartburn, regurgitation.1, side pain, back pain, burning abdominal pain, sharp chest pain, nausea and sharp abdominal pain.",gallstone,Gastrointestinal
"I came in because of sweating, abnormal involuntary movements, abnormal breathing sounds, difficulty in swallowing, difficulty breathing and shortness of breath. It comes and goes.",obstructive sleep apnea (osa),Respiratory
Lately I keep having loss of sex drive and depressive or psychotic symptoms.,dysthymic disorder,Musculoskeletal/Other
"Lately I keep having skin growth, abnormal appearing skin, skin moles, skin rash, skin lesion and skin swelling. It started two days ago.",actinic keratosis,Dermatological
"The symptoms are itchy scalp, skin lesion, pelvic pain, skin growth, abnormal appearing skin, itching of skin and skin swelling. It started two days ago.",fungal infection of the hair,Dermatological
"I've been experiencing skin rash, irregular appearing scalp, skin growth, skin dryness, peeling, scaliness, or roughness, long menstrual periods and abnormal appearing skin and I'm worried. It got worse overnight.",acne,Dermatological
"I've been experiencing nasal congestion, sharp chest pain, shortness of breath, headache, congestion in chest, fever, coughing up sputum and wheezing and I'm worried. It began this morning.",acute bronchitis,Respiratory
"I have pain in testicles, sharp abdominal pain, mass in scrotum, swollen abdomen and symptoms of the scrotum and testes.",inguinal hernia,Gastrointestinal
The symptoms are feeling ill and swollen lymph nodes. It comes and goes.,mononucleosis,Febrile/Systemic
"My main problems are regurgitation.1, diarrhea, vomiting, vomiting blood, burning abdominal pain, nausea, fever and sharp abdominal pain. It began this morning.",gastritis,Gastrointestinal
"I have fatigue, fainting, hostile behavior, weight gain, chest tightness, decreased heart rate, sharp chest pain and irregular heartbeat.",paroxysmal ventricular tachycardia,Musculoskeletal/Other
"I feel unwell, with foot or toe pain, fluid retention, loss of sensation, ache all over, abnormal involuntary movements and back pain. It started two days ago.",complex regional pain syndrome,Musculoskeletal/Other
"I came in because of retention of urine, burning abdominal pain, nausea, lower abdominal pain, vomiting and rectal bleeding. It began this morning.",chronic constipation,Gastrointestinal
"The symptoms are back pain, lower body pain and paresthesia.",spondylosis,Musculoskeletal/Other
"My main problems are facial pain, nausea and diminished hearing.",meniere disease,Musculoskeletal/Other
"Lately I keep having wheezing, coryza, vomiting, abnormal breathing sounds, nasal congestion and pulling at ears.",croup,Respiratory
"The symptoms are sharp abdominal pain, decreased appetite, rectal bleeding and headache.",noninfectious gastroenteritis,Febrile/Systemic
"Lately I keep having ear pain, burning abdominal pain, vomiting, nausea and decreased appetite. It began this morning.",infectious gastroenteritis,Febrile/Systemic
"Chief complaint: lacrimation, ear pain, allergic reaction and itchiness of eye. It got worse overnight.",seasonal allergies (hay fever),Febrile/Systemic
"Complaining of cough, difficulty breathing, irritable infant, fever, nasal congestion, shortness of breath and decreased appetite.",acute bronchiolitis,Respiratory
"Complaining of skin rash, skin irritation, acne or pimples, skin moles, itching of skin, abnormal appearing skin and skin dryness, peeling, scaliness, or roughness. This has lasted about a week.",contact dermatitis,Dermatological
"Since yesterday I've noticed lower body pain, stiffness all over, leg pain, paresthesia and elbow pain. It got worse overnight.",ankylosing spondylitis,Musculoskeletal/Other
"I feel unwell, with upper abdominal pain, sharp chest pain, nausea, difficulty in swallowing, regurgitation, sharp abdominal pain, regurgitation.1 and burning abdominal pain.",hiatal hernia,Gastrointestinal
"The symptoms are obsessions and compulsions, temper problems, difficulty speaking, hostile behavior, antisocial behavior and depressive or psychotic symptoms. It began this morning.",developmental disability,Musculoskeletal/Other
"I feel unwell, with irritable infant, difficulty breathing, decreased appetite, hurts to breath, pulling at ears, fever and nasal congestion.",acute bronchiolitis,Respiratory
"Since yesterday I've noticed side pain, ache all over, hurts to breath, back mass or lump, sharp chest pain, rib pain and shoulder pain. It got worse overnight.",fracture of the rib,Musculoskeletal/Other
"My main problems are stomach bloating, back pain, symptoms of the kidneys and nausea.",cholecystitis,Gastrointestinal
"Complaining of skin moles, abnormal appearing skin, itching of skin and skin lesion.",contact dermatitis,Dermatological
"I have cough, chills, headache, wheezing, lower abdominal pain, sore throat, vomiting, nasal congestion and flu-like syndrome.",common cold,Respiratory
"Since yesterday I've noticed foot or toe pain, wrist swelling and ankle swelling. It began this morning.",injury of the ankle,Musculoskeletal/Other
"I've been experiencing intermenstrual bleeding, frequent menstruation, sharp abdominal pain, unpredictable menstruation, involuntary urination, painful menstruation and cramps and spasms and I'm worried. It comes and goes.",idiopathic excessive menstruation,Musculoskeletal/Other
"Lately I keep having itching of skin, abnormal appearing skin, skin lesion, skin swelling and acne or pimples. This has lasted about a week.",fungal infection of the skin,Dermatological
"I've been experiencing nausea, fever, sharp abdominal pain, chills, vomiting, decreased appetite and fluid retention and I'm worried.",infectious gastroenteritis,Febrile/Systemic
"I feel unwell, with vomiting, wheezing, fever, chest tightness, sore throat, coryza and difficulty breathing. It began this morning.",acute bronchospasm,Respiratory
"I came in because of gum pain, neck swelling, lip swelling, mouth pain, pain in gums and jaw swelling.",tooth abscess,Dermatological
"For the past few days I've had cough, sharp abdominal pain and vomiting.",sepsis,Febrile/Systemic
"Patient reports constipation, blood in stool, lower abdominal pain, sharp abdominal pain, rectal bleeding, retention of urine and nausea. It began this morning.",chronic constipation,Gastrointestinal
"I came in because of warts, irregular appearing scalp, lip swelling, skin irritation and skin growth. It started two days ago.",skin cancer,Dermatological
"I came in because of groin mass, groin pain, symptoms of the scrotum and testes, swollen abdomen and sharp abdominal pain. It started two days ago.",inguinal hernia,Gastrointestinal
"I have hemoptysis, lower body pain, sharp abdominal pain, nausea, upper abdominal pain, side pain, burning abdominal pain and abusing alcohol. It comes and goes.",acute pancreatitis,Gastrointestinal
"I have difficulty breathing, pulling at ears, hurts to breath, wheezing, coryza, shortness of breath and decreased appetite.",acute bronchiolitis,Respiratory
"For the past few days I've had cough, fever, sore throat, headache, skin rash, ache all over and chills.",strep throat,Musculoskeletal/Other
"Since yesterday I've noticed vomiting, difficulty in swallowing, nausea and burning abdominal pain. It began this morning.",stomach cancer,Gastrointestinal
"Chief complaint: decreased appetite, fever, chills, vomiting, weakness, suprapubic pain and shortness of breath. This has lasted about a week.",sepsis,Febrile/Systemic
"My main problems are coryza, cough, coughing up sputum and wheezing. It got worse overnight.",asthma,Respiratory
"Lately I keep having back pain, nausea, difficulty in swallowing, vomiting blood, sharp chest pain, heartburn and burning abdominal pain. It started two days ago.",hiatal hernia,Gastrointestinal
"Since yesterday I've noticed side pain, hemoptysis, weakness, abusing alcohol and nausea. It comes and goes.",acute pancreatitis,Gastrointestinal
"Complaining of skin moles, irregular appearing scalp, itching of skin, vaginal redness, skin growth, skin swelling and abnormal appearing skin.",skin disorder,Dermatological
"I've been experiencing knee lump or mass, hand or finger pain, skin growth and leg pain and I'm worried. It got worse overnight.",ganglion cyst,Musculoskeletal/Other
"Patient reports itching of skin, cough, allergic reaction, nasal congestion, hand or finger swelling, lip swelling and smoking problems. It got worse overnight.",food allergy,Musculoskeletal/Other
"I feel unwell, with acne or pimples and skin swelling. It began this morning.",viral warts,Dermatological
"I've been experiencing decreased appetite, fluid retention, diarrhea, chills and nausea and I'm worried.",noninfectious gastroenteritis,Febrile/Systemic
"For the past few days I've had double vision, abnormal involuntary movements, symptoms of the face, abnormal movement of eyelid and facial pain. It started two days ago.",cranial nerve palsy,Musculoskeletal/Other
"For the past few days I've had hip stiffness or tightness, problems with movement, low back pain, groin pain, knee pain, hip pain, ache all over and leg pain. It comes and goes.",arthritis of the hip,Musculoskeletal/Other
"The symptoms are irregular appearing scalp, skin swelling, skin irritation, skin growth, skin moles and symptoms of the face.",actinic keratosis,Dermatological
"Lately I keep having sharp abdominal pain, decreased appetite, feeling ill, shortness of breath and weakness.",sepsis,Febrile/Systemic
"For the past few days I've had sleepiness, sweating, fatigue, shortness of breath, difficulty breathing, apnea, abnormal involuntary movements and weight gain.",obstructive sleep apnea (osa),Respiratory
"Complaining of vomiting, fluid retention, flu-like syndrome, diarrhea and temper problems. This has lasted about a week.",infectious gastroenteritis,Febrile/Systemic
"For the past few days I've had problems with movement, depressive or psychotic symptoms, slurring words, disturbance of memory, headache and focal weakness. It comes and goes.",stroke,Musculoskeletal/Other
"Since yesterday I've noticed sharp chest pain, abusing alcohol, delusions or hallucinations, depression, fears and phobias, hostile behavior and excessive anger.",drug abuse (cocaine),Musculoskeletal/Other
"I have heartburn, diarrhea, weakness, sharp abdominal pain and nausea. It began this morning.",liver disease,Gastrointestinal
"Since yesterday I've noticed abnormal appearing skin, headache, fever and fatigue. This has lasted about a week.",lyme disease,Febrile/Systemic
"My main problems are loss of sensation, peripheral edema and facial pain.",bell palsy,Musculoskeletal/Other
"I have hip pain, neck pain, groin pain, low back pain, back pain and lower body pain.",chronic back pain,Musculoskeletal/Other
"I have vomiting, sharp chest pain, shortness of breath, upper abdominal pain, chest tightness, nausea and cough.",esophagitis,Gastrointestinal
"I feel unwell, with penis redness and suprapubic pain. It got worse overnight.",balanitis,Musculoskeletal/Other
"I've been experiencing side pain, unusual color or odor to urine, weakness, nausea, jaundice, diarrhea, peripheral edema and heartburn and I'm worried. It began this morning.",liver disease,Gastrointestinal
"For the past few days I've had sore throat, headache, facial pain, coryza, difficulty breathing, ear pain, fever and nasal congestion. This has lasted about a week.",nose disorder,Musculoskeletal/Other
"For the past few days I've had difficulty breathing, vomiting, coryza, fever, nasal congestion, sharp chest pain, wheezing and sore throat. It comes and goes.",acute bronchospasm,Respiratory
"I feel unwell, with cough and swollen lymph nodes. It began this morning.",mononucleosis,Febrile/Systemic
"The symptoms are chest tightness, cough, wheezing, vomiting, shortness of breath, sore throat and sharp chest pain. It began this morning.",acute bronchospasm,Respiratory
"Patient reports cough, sharp chest pain, weakness, palpitations, hurts to breath, shortness of breath and difficulty breathing. This has lasted about a week.",heart failure,Musculoskeletal/Other
"My main problems are diarrhea, burning abdominal pain, fever, vomiting, upper abdominal pain and chills. This has lasted about a week.",diverticulitis,Gastrointestinal
"I feel unwell, with rectal bleeding and vomiting.",diverticulosis,Gastrointestinal
"I've been experiencing retention of urine, sharp abdominal pain, rectal bleeding, changes in stool appearance and burning abdominal pain and I'm worried.",chronic constipation,Gastrointestinal
"Since yesterday I've noticed weight gain, chest tightness, weakness, peripheral edema, shortness of breath, fainting and sharp chest pain. It got worse overnight.",heart block,Musculoskeletal/Other
"I feel unwell, with irregular appearing scalp, skin rash, warts, abnormal appearing skin and skin moles. It got worse overnight.",skin pigmentation disorder,Dermatological
"I came in because of nausea, constipation, vomiting, sharp abdominal pain, burning abdominal pain and side pain.",diverticulitis,Gastrointestinal
"For the past few days I've had arm pain, vomiting, nausea and cough.",meningitis,Febrile/Systemic
"Lately I keep having abnormal breathing sounds, difficulty breathing and allergic reaction. It began this morning.",deviated nasal septum,Respiratory
"I came in because of decreased appetite, diarrhea, blood in stool, fluid retention, fever, burning abdominal pain and vomiting. This has lasted about a week.",noninfectious gastroenteritis,Febrile/Systemic
"I've been experiencing pain during pregnancy, vomiting, fever, lower abdominal pain, cramps and spasms, problems during pregnancy, pelvic pain, sharp abdominal pain and back pain and I'm worried.",problem during pregnancy,Musculoskeletal/Other
"The symptoms are skin rash, skin swelling, joint pain, skin moles, itchy scalp, abnormal appearing skin, skin lesion and seizures.",psoriasis,Dermatological
"I've been experiencing frontal headache, ear pain, coughing up sputum, painful sinuses and nasal congestion and I'm worried.",acute sinusitis,Respiratory
"I came in because of nausea, diarrhea, burning abdominal pain, decreased appetite and flu-like syndrome. It got worse overnight.",infectious gastroenteritis,Febrile/Systemic
"I came in because of sharp abdominal pain, chills, cough, weakness, difficulty breathing and decreased appetite. It comes and goes.",sepsis,Febrile/Systemic
"I've been experiencing leg pain, groin pain, back pain, hip pain, joint pain, pelvic pain and ache all over and I'm worried. It began this morning.",arthritis of the hip,Musculoskeletal/Other
"I have fever, pain in testicles, itching of skin, cough and skin rash. It began this morning.",chickenpox,Febrile/Systemic
"My main problems are anxiety and nervousness, burning abdominal pain, lower abdominal pain and upper abdominal pain. It began this morning.",irritable bowel syndrome,Gastrointestinal
"I feel unwell, with focal weakness, disturbance of memory, problems with movement, dizziness, headache, difficulty speaking and slurring words.",stroke,Musculoskeletal/Other
"Chief complaint: diarrhea, fever, rectal bleeding, vomiting, sharp abdominal pain, chills and fluid retention.",noninfectious gastroenteritis,Febrile/Systemic
"For the past few days I've had delusions or hallucinations, drug abuse and temper problems.",depression,Musculoskeletal/Other
"I came in because of diarrhea, fever, sharp abdominal pain, vomiting, burning abdominal pain, upper abdominal pain and lower abdominal pain.",appendicitis,Gastrointestinal
"Lately I keep having blood in stool, changes in stool appearance, fainting, dizziness, melena, sharp abdominal pain, vomiting blood and diarrhea.",gastrointestinal hemorrhage,Gastrointestinal
"The symptoms are itchy scalp, skin moles, skin rash, irregular appearing scalp, skin dryness, peeling, scaliness, or roughness, itching of skin, abnormal appearing skin and skin swelling. This has lasted about a week.",psoriasis,Dermatological
"Complaining of throat swelling, throat feels tight, sore throat and difficulty in swallowing.",peritonsillar abscess,Dermatological
"I feel unwell, with weakness, suprapubic pain, difficulty breathing, shortness of breath, sharp abdominal pain, vomiting and chills. This has lasted about a week.",sepsis,Febrile/Systemic
"Since yesterday I've noticed nasal congestion, difficulty breathing, irritable infant, vomiting, coryza, hurts to breath and wheezing. It got worse overnight.",acute bronchiolitis,Respiratory
"I have stomach bloating, side pain and burning abdominal pain. It began this morning.",appendicitis,Gastrointestinal
"I've been experiencing nasal congestion, fever, sharp chest pain, coughing up sputum and chest tightness and I'm worried. It started two days ago.",chronic obstructive pulmonary disease (copd),Respiratory
"For the past few days I've had shortness of breath, fever, difficulty breathing, cough, coughing up sputum, coryza, headache and wheezing. It started two days ago.",acute bronchitis,Respiratory
"I've been experiencing decreased appetite, weakness, fluid retention and diarrhea and I'm worried. It started two days ago.",diabetic ketoacidosis,Musculoskeletal/Other
"Patient reports eye burns or stings, swollen eye, skin swelling, eyelid lesion or rash and itchiness of eye. It comes and goes.",stye,Musculoskeletal/Other
"I have heartburn, lower body pain, sharp abdominal pain, upper abdominal pain, regurgitation.1, back pain and nausea. It got worse overnight.",gallstone,Gastrointestinal
"I came in because of cough, wheezing and hoarse voice. It comes and goes.",pharyngitis,Respiratory
"I have vomiting, pain of the anus, blood in stool, retention of urine, lower abdominal pain, rectal bleeding and changes in stool appearance. It started two days ago.",chronic constipation,Gastrointestinal
"Lately I keep having sharp chest pain, nausea, burning abdominal pain, upper abdominal pain and lower body pain. It started two days ago.",gallstone,Gastrointestinal
"My main problems are sharp abdominal pain, abusing alcohol, side pain, hemoptysis, burning abdominal pain, upper abdominal pain and nausea. It started two days ago.",acute pancreatitis,Gastrointestinal
"My main problems are sharp abdominal pain, upper abdominal pain, fever, shortness of breath, heartburn and jaundice. This has lasted about a week.",liver disease,Gastrointestinal
"I came in because of decreased heart rate, vomiting, dizziness, nausea, feeling ill and depressive or psychotic symptoms. This has lasted about a week.",hyperkalemia,Musculoskeletal/Other
"I feel unwell, with sharp abdominal pain, nausea, vomiting, lower abdominal pain, retention of urine, rectal bleeding, burning abdominal pain and blood in stool. It got worse overnight.",chronic constipation,Gastrointestinal
"Since yesterday I've noticed leg swelling, chest tightness, leg pain and weakness. It began this morning.",pulmonary embolism,Respiratory
"I came in because of vomiting, melena, weakness, diarrhea and nausea. This has lasted about a week.",gastrointestinal hemorrhage,Gastrointestinal
"Since yesterday I've noticed headache, nasal congestion, itchiness of eye, allergic reaction and frontal headache. This has lasted about a week.",seasonal allergies (hay fever),Febrile/Systemic
"I feel unwell, with vomiting, weakness, blood in stool and sharp abdominal pain. It began this morning.",gastrointestinal hemorrhage,Gastrointestinal
"Chief complaint: painful urination, sharp abdominal pain, pain during pregnancy, pain during intercourse and vaginal itching. This has lasted about a week.",vaginitis,Musculoskeletal/Other
"Chief complaint: stomach bloating, skin growth, back pain, lower body pain, symptoms of the kidneys, nausea, side pain, sharp abdominal pain and burning abdominal pain. It started two days ago.",cholecystitis,Gastrointestinal
"Complaining of swollen eye, abnormal appearing skin and neck swelling.",ingrown toe nail,Musculoskeletal/Other
"The symptoms are rectal bleeding, decreased appetite, fluid retention, blood in stool, vomiting, nausea, burning abdominal pain and chills. It started two days ago.",noninfectious gastroenteritis,Febrile/Systemic
"I've been experiencing skin rash, skin swelling and peripheral edema and I'm worried. It got worse overnight.",pyogenic skin infection,Dermatological
"Complaining of depressive or psychotic symptoms, skin moles, itching of skin, skin swelling and warts. It started two days ago.",skin polyp,Dermatological
"I have diaper rash, fever, blood in stool, vomiting, nasal congestion, irritable infant, pulling at ears and diarrhea.",diaper rash,Dermatological
"Patient reports burning abdominal pain, blood in stool, pain of the anus, nausea, sharp abdominal pain, vomiting, rectal bleeding and regurgitation.",crohn disease,Gastrointestinal
"For the past few days I've had sharp abdominal pain, pelvic pain, diarrhea and vomiting.",mittelschmerz,Musculoskeletal/Other
"Lately I keep having symptoms of eye, skin lesion, abnormal appearing skin, acne or pimples, skin dryness, peeling, scaliness, or roughness and lymphedema. It started two days ago.",rosacea,Dermatological
"My main problems are skin lesion, skin swelling, foot or toe swelling, skin growth, abnormal appearing skin, irregular appearing nails and acne or pimples.",callus,Dermatological
"For the past few days I've had sore throat, wheezing, coryza, congestion in chest, cough and headache.",acute bronchitis,Respiratory
"Chief complaint: mouth dryness, insomnia, weight gain, fatigue and abnormal involuntary movements. It started two days ago.",obstructive sleep apnea (osa),Respiratory
"Patient reports skin lesion, abnormal appearing skin, cough, fever, mouth ulcer, skin rash, sore in nose and skin swelling. It began this morning.",impetigo,Dermatological
"I came in because of fever, diarrhea, burning abdominal pain, regurgitation.1, vomiting and headache.",gastritis,Gastrointestinal
"The symptoms are lip swelling, sore throat, throat swelling and difficulty in swallowing. This has lasted about a week.",cellulitis or abscess of mouth,Dermatological
"Complaining of skin swelling, skin growth, too little hair, itching of skin and feeling ill.",alopecia,Dermatological
"Complaining of knee stiffness or tightness, leg pain, itching of skin, knee swelling, back pain and low back pain. It began this morning.",scoliosis,Musculoskeletal/Other
"The symptoms are dizziness, sharp chest pain, muscle pain, throat feels tight, lymphedema and chest tightness.",ischemic heart disease,Musculoskeletal/Other
"I came in because of sharp chest pain, back pain, upper abdominal pain, vomiting blood, regurgitation, regurgitation.1 and burning abdominal pain. It got worse overnight.",hiatal hernia,Gastrointestinal
"I feel unwell, with nasal congestion, difficulty speaking, sore throat, difficulty in swallowing, ear pain, throat feels tight and hoarse voice. It began this morning.",laryngitis,Respiratory
"I came in because of excessive anger, temper problems, abnormal appearing skin, hostile behavior, lack of growth, abusing alcohol and hysterical behavior. It comes and goes.",conduct disorder,Musculoskeletal/Other
"Complaining of leg swelling, leg pain, weakness, shortness of breath, hemoptysis, chest tightness, sweating and side pain. It began this morning.",pulmonary embolism,Respiratory
"I came in because of sneezing, ear pain, lacrimation, frontal headache, nasal congestion and sore throat. This has lasted about a week.",seasonal allergies (hay fever),Febrile/Systemic
"I've been experiencing fever, nausea, burning abdominal pain, decreased appetite, chills and vomiting and I'm worried. It got worse overnight.",infectious gastroenteritis,Febrile/Systemic
"I have side pain, painful urination, cramps and spasms, sharp abdominal pain, vaginal pain and burning abdominal pain. This has lasted about a week.",vulvodynia,Musculoskeletal/Other
"Since yesterday I've noticed blood in stool, pain of the anus, sharp abdominal pain, heartburn and cramps and spasms.",rectal disorder,Gastrointestinal
"Since yesterday I've noticed allergic reaction, pain in eye, headache, facial pain, apnea and nasal congestion. It began this morning.",deviated nasal septum,Respiratory
"I feel unwell, with hand or finger pain, shortness of breath and fever. This has lasted about a week.",valley fever,Febrile/Systemic
"Complaining of skin swelling, skin growth, skin moles, itching of skin and warts.",skin pigmentation disorder,Dermatological
"Lately I keep having skin lesion, irregular appearing scalp, skin dryness, peeling, scaliness, or roughness, symptoms of the face, itching of skin, skin growth, skin swelling and skin rash. It began this morning.",actinic keratosis,Dermatological
"Since yesterday I've noticed diarrhea, nasal congestion, vomiting, hurts to breath, pulling at ears, shortness of breath and difficulty breathing.",acute bronchiolitis,Respiratory
"The symptoms are sharp chest pain, chest tightness, sore throat, fever, shortness of breath, coughing up sputum, congestion in chest and nasal congestion. It started two days ago.",chronic obstructive pulmonary disease (copd),Respiratory
"Chief complaint: hoarse voice, difficulty in swallowing, coryza, sore throat, frequent urination and fever. It started two days ago.",laryngitis,Respiratory
"Since yesterday I've noticed disturbance of memory, temper problems, loss of sex drive, excessive anger and slurring words. It comes and goes.",dysthymic disorder,Musculoskeletal/Other
"Chief complaint: groin mass, regurgitation.1, lower abdominal pain, symptoms of the scrotum and testes, swollen abdomen and regurgitation. It began this morning.",abdominal hernia,Gastrointestinal
"For the past few days I've had fears and phobias, temper problems, abusing alcohol, depressive or psychotic symptoms, drug abuse, anxiety and nervousness, excessive anger and hostile behavior. This has lasted about a week.",marijuana abuse,Musculoskeletal/Other
"Lately I keep having regurgitation.1, chest tightness, sharp chest pain, difficulty in swallowing, sharp abdominal pain, nausea and regurgitation. This has lasted about a week.",gastroesophageal reflux disease (gerd),Gastrointestinal
"I feel unwell, with leg stiffness or tightness, leg pain, ankle swelling and hip pain.",fracture of the leg,Musculoskeletal/Other
"Lately I keep having sharp abdominal pain, side pain, vomiting, upper abdominal pain and hemoptysis. It comes and goes.",acute pancreatitis,Gastrointestinal
"Chief complaint: painful sinuses, congestion in chest, sinus congestion, sore throat, facial pain, headache, ear pain, frontal headache and shortness of breath. It comes and goes.",chronic sinusitis,Respiratory
"I came in because of nasal congestion, apnea, cough, difficulty in swallowing and redness in ear. It began this morning.",tonsillar hypertrophy,Respiratory
"I feel unwell, with lip swelling, skin swelling, difficulty breathing, itching of skin, fluid retention and allergic reaction.",allergy,Musculoskeletal/Other
"Chief complaint: shortness of breath, coryza, sore throat and sharp chest pain. It began this morning.",acute bronchospasm,Respiratory
"Chief complaint: fever, abnormal breathing sounds, cough, shortness of breath and sleepiness. It comes and goes.",interstitial lung disease,Respiratory
"Chief complaint: regurgitation.1, sharp chest pain, nausea, sharp abdominal pain and peripheral edema.",celiac disease,Gastrointestinal
"The symptoms are nausea, burning abdominal pain, sharp chest pain, changes in stool appearance, blood in stool, sharp abdominal pain, vomiting and upper abdominal pain. It comes and goes.",gastroduodenal ulcer,Gastrointestinal
"Complaining of difficulty breathing, sharp chest pain, congestion in chest, coughing up sputum, shortness of breath and sore throat. It got worse overnight.",acute bronchitis,Respiratory
"Patient reports diarrhea, vomiting, sharp abdominal pain and headache.",infectious gastroenteritis,Febrile/Systemic
"Lately I keep having sore throat, fever, cough, wheezing, headache, vomiting, flu-like syndrome and coryza.",common cold,Respiratory
"The symptoms are sharp chest pain, hemoptysis, shortness of breath, leg pain and difficulty breathing. It got worse overnight.",pulmonary embolism,Respiratory
"Patient reports arm pain, elbow pain, wrist pain, wrist swelling, hand or finger stiffness or tightness, loss of sensation and neck pain. It comes and goes.",carpal tunnel syndrome,Musculoskeletal/Other
"Complaining of acne or pimples, nausea, coryza, sore throat, cough and headache. This has lasted about a week.",flu,Respiratory
"Patient reports redness in ear, fluid in ear, plugged feeling in ear and difficulty speaking. It started two days ago.",conductive hearing loss,Musculoskeletal/Other
"Patient reports leg pain, joint pain, muscle pain, hand or finger pain, elbow pain, hip pain and knee pain. It started two days ago.",osteoarthritis,Musculoskeletal/Other
"For the past few days I've had nasal congestion, fever, chest tightness, congestion in chest, coughing up sputum and sharp chest pain. It began this morning.",chronic obstructive pulmonary disease (copd),Respiratory
"For the past few days I've had shortness of breath, retention of urine and sharp abdominal pain.",ascending cholangitis,Gastrointestinal
"Patient reports headache, decreased appetite, vomiting, burning abdominal pain, fluid retention and sharp abdominal pain.",infectious gastroenteritis,Febrile/Systemic
"The symptoms are itching of skin, problems during pregnancy, foot or toe swelling and skin swelling. This has lasted about a week.",scabies,Dermatological
"Patient reports mouth pain, lip swelling, gum pain and peripheral edema. It comes and goes.",tooth abscess,Dermatological
"For the past few days I've had side pain, sharp chest pain, back pain, vomiting, heartburn and burning abdominal pain. It comes and goes.",gallstone,Gastrointestinal
"I came in because of sharp chest pain, shortness of breath, side pain, hemoptysis, cough and leg pain.",pulmonary embolism,Respiratory
"Chief complaint: ache all over, headache, nausea, neck pain, spots or clouds in vision and neck stiffness or tightness.",meningitis,Febrile/Systemic
"Since yesterday I've noticed shortness of breath, seizures, abnormal breathing sounds, sore throat, cough, sleepiness, headache, nasal congestion and wheezing. This has lasted about a week.",interstitial lung disease,Respiratory
"I have symptoms of the scrotum and testes, lower abdominal pain, irregular belly button and ache all over. This has lasted about a week.",abdominal hernia,Gastrointestinal
"Lately I keep having lower abdominal pain, intermenstrual bleeding, problems during pregnancy, spotting or bleeding during pregnancy, blood clots during menstrual periods and blood in stool. It began this morning.",missed abortion,Musculoskeletal/Other
"Complaining of sharp abdominal pain, fever, diarrhea, flu-like syndrome and chills. It started two days ago.",infectious gastroenteritis,Febrile/Systemic
"Chief complaint: side pain, sharp abdominal pain, upper abdominal pain, vomiting, hemoptysis, abusing alcohol, nausea and back pain. This has lasted about a week.",acute pancreatitis,Gastrointestinal
"I feel unwell, with pain of the anus, itching of the anus, rectal bleeding, heartburn, changes in stool appearance, blood in stool and melena. It started two days ago.",hemorrhoids,Gastrointestinal
"For the past few days I've had vomiting, weakness, shortness of breath, sharp chest pain, sore throat, coryza, difficulty breathing and wheezing. This has lasted about a week.",pneumonia,Respiratory
"My main problems are flu-like syndrome, nasal congestion, headache and vomiting.",common cold,Respiratory
"Lately I keep having fluid retention, lip swelling, cough, abnormal appearing skin and allergic reaction. It comes and goes.",allergy,Musculoskeletal/Other
"Lately I keep having fluid retention, blood in stool, vomiting, nausea and rectal bleeding. It comes and goes.",noninfectious gastroenteritis,Febrile/Systemic
"Lately I keep having throat swelling, difficulty in swallowing and restlessness.",peritonsillar abscess,Dermatological
"Complaining of chills, shortness of breath, difficulty breathing and fever. It began this morning.",acute respiratory distress syndrome (ards),Respiratory
"I came in because of diarrhea, lower abdominal pain, blood in stool, vomiting, burning abdominal pain and chills. It comes and goes.",diverticulitis,Gastrointestinal
"Chief complaint: nausea, sharp abdominal pain, vomiting, fever, constipation and diarrhea. It comes and goes.",diverticulitis,Gastrointestinal
"Patient reports cough, nausea, sharp abdominal pain, hoarse voice, regurgitation.1 and regurgitation.",gastroesophageal reflux disease (gerd),Gastrointestinal
"I have vomiting blood, headache, fever, sharp abdominal pain and sharp chest pain.",gastritis,Gastrointestinal
"Patient reports sharp abdominal pain, fever, rectal bleeding, vomiting and blood in stool. It got worse overnight.",noninfectious gastroenteritis,Febrile/Systemic
"Patient reports nausea, fluid retention, fever, flu-like syndrome, vomiting, burning abdominal pain, blood in stool and chills.",infectious gastroenteritis,Febrile/Systemic
"Chief complaint: headache, fever, difficulty breathing, coryza, sore throat, sharp chest pain, nasal congestion and coughing up sputum. This has lasted about a week.",acute bronchitis,Respiratory
"For the past few days I've had cough, facial pain, mouth ulcer and congestion in chest.",chronic sinusitis,Respiratory
"I came in because of acne or pimples, irregular appearing scalp, skin lesion and depressive or psychotic symptoms. It began this morning.",dermatitis due to sun exposure,Dermatological
"Since yesterday I've noticed nausea, burning abdominal pain, decreased appetite, vomiting, diarrhea and headache. This has lasted about a week.",noninfectious gastroenteritis,Febrile/Systemic
"Lately I keep having vomiting, chills, fever, cough and flu-like syndrome.",common cold,Respiratory
"Lately I keep having itching of skin, skin irritation, pelvic pain, skin lesion, skin swelling and skin growth.",fungal infection of the hair,Dermatological
"Lately I keep having skin rash, itching of skin, acne or pimples, skin dryness, peeling, scaliness, or roughness, itchy scalp and too little hair. This has lasted about a week.",fungal infection of the skin,Dermatological
"I came in because of changes in stool appearance, sharp abdominal pain, constipation, heartburn and pain of the anus.",hemorrhoids,Gastrointestinal
"Complaining of pain in eye, sharp chest pain, itching of skin and abnormal appearing skin.",shingles (herpes zoster),Dermatological
"Patient reports abnormal appearing skin, skin dryness, peeling, scaliness, or roughness, skin irritation, itching of skin and irregular appearing scalp.",skin disorder,Dermatological
"I have rib pain, neck pain, headache and double vision. This has lasted about a week.",concussion,Musculoskeletal/Other
"I feel unwell, with vomiting, anxiety and nervousness and depression. It comes and goes.",drug withdrawal,Musculoskeletal/Other
"Chief complaint: skin on leg or foot looks infected, burning chest pain, abnormal appearing skin, skin lesion, leg pain and lymphedema. This has lasted about a week.",venous insufficiency,Musculoskeletal/Other
"Chief complaint: cough, leg pain, difficulty breathing, side pain, chest tightness, hemoptysis, back pain, leg swelling and sharp chest pain. It started two days ago.",pulmonary embolism,Respiratory
"Patient reports fever, flu-like syndrome, nausea, chills, headache, decreased appetite and blood in stool. It comes and goes.",infectious gastroenteritis,Febrile/Systemic
"Chief complaint: rectal bleeding, chills, nausea, fluid retention, blood in stool, vomiting, sharp abdominal pain and decreased appetite. It got worse overnight.",noninfectious gastroenteritis,Febrile/Systemic
"Lately I keep having side pain, chills, sharp chest pain, sharp abdominal pain, jaundice, nausea and upper abdominal pain.",choledocholithiasis,Musculoskeletal/Other
"Complaining of skin growth, skin irritation, abnormal appearing skin, irregular appearing scalp, skin dryness, peeling, scaliness, or roughness, acne or pimples and pain in eye. It comes and goes.",skin disorder,Dermatological
"I came in because of insomnia, flatulence, nausea and upper abdominal pain.",irritable bowel syndrome,Gastrointestinal
"I feel unwell, with abnormal involuntary movements, symptoms of eye, headache, loss of sensation and facial pain. This has lasted about a week.",bell palsy,Musculoskeletal/Other
"Lately I keep having vomiting, headache, diarrhea, vomiting blood and burning abdominal pain.",hyperemesis gravidarum,Musculoskeletal/Other
"I've been experiencing back cramps or spasms, leg pain, problems with movement and hip pain and I'm worried. This has lasted about a week.",sciatica,Musculoskeletal/Other
"My main problems are regurgitation.1, vomiting blood, regurgitation, difficulty in swallowing, heartburn and upper abdominal pain. It comes and goes.",hiatal hernia,Gastrointestinal
"I came in because of leg pain, infant feeding problem, knee pain, foot or toe swelling, foot or toe pain and ankle swelling. This has lasted about a week.",injury to the leg,Musculoskeletal/Other
"Lately I keep having fluid retention, vomiting, nausea, chills, fever, burning abdominal pain and flu-like syndrome.",infectious gastroenteritis,Febrile/Systemic
"My main problems are nasal congestion, skin lesion, mouth ulcer, cough, skin swelling, sore in nose and vomiting.",impetigo,Dermatological
"Complaining of rectal bleeding, melena, pain of the anus, sharp abdominal pain, constipation, blood in stool, cramps and spasms and heartburn. It started two days ago.",rectal disorder,Gastrointestinal
"I came in because of nasal congestion, pulling at ears and coryza. It comes and goes.",croup,Respiratory
"I've been experiencing pelvic pain, nausea, vaginal discharge, burning abdominal pain and cramps and spasms and I'm worried. It began this morning.",vulvodynia,Musculoskeletal/Other
"I have mass or swelling around the anus, blood in stool, melena, constipation, heartburn, lower body pain and sharp abdominal pain.",hemorrhoids,Gastrointestinal
"Since yesterday I've noticed vomiting, nausea, stomach bloating, lower abdominal pain, decreased appetite and diarrhea. It got worse overnight.",appendicitis,Gastrointestinal
"The symptoms are neck stiffness or tightness, fever, nausea and vomiting. It started two days ago.",meningitis,Febrile/Systemic
"My main problems are chest tightness, vomiting, wheezing, difficulty breathing, sore throat, shortness of breath, fever and nasal congestion. It started two days ago.",acute bronchospasm,Respiratory
"Since yesterday I've noticed fever, diarrhea, nausea, sharp abdominal pain and flu-like syndrome. It began this morning.",infectious gastroenteritis,Febrile/Systemic
"For the past few days I've had foot or toe swelling, skin lesion, skin swelling, abnormal appearing skin, hand or finger pain, foot or toe pain, skin rash and hand or finger swelling. It got worse overnight.",pyogenic skin infection,Dermatological
"The symptoms are fluid in ear, dizziness, ear pain, ringing in ear, hoarse voice and plugged feeling in ear. It got worse overnight.",conductive hearing loss,Musculoskeletal/Other
"I have coughing up sputum, sinus congestion, coryza, facial pain, sore throat, frontal headache, cough and fever. It got worse overnight.",acute sinusitis,Respiratory
"I feel unwell, with hostile behavior, depressive or psychotic symptoms, difficulty speaking, temper problems and obsessions and compulsions. It comes and goes.",developmental disability,Musculoskeletal/Other
"My main problems are frontal headache, sore throat and sneezing.",seasonal allergies (hay fever),Febrile/Systemic
"Lately I keep having diarrhea, fluid retention, sharp abdominal pain, vomiting, blood in stool, burning abdominal pain and nausea.",infectious gastroenteritis,Febrile/Systemic
"I came in because of skin lesion, joint pain and skin swelling. This has lasted about a week.",psoriasis,Dermatological
"Patient reports lacrimation, symptoms of eye, eye redness, diminished vision, cough, pain in eye, nasal congestion and sneezing. It comes and goes.",conjunctivitis due to allergy,Musculoskeletal/Other
"I've been experiencing skin rash, nasal congestion, sore in nose and fever and I'm worried. It got worse overnight.",impetigo,Dermatological
"I have painful sinuses, apnea, headache, abnormal breathing sounds, nosebleed, sore throat, nasal congestion and difficulty breathing.",deviated nasal septum,Respiratory
"Chief complaint: fever, mouth ulcer, headache, toothache and sore throat. This has lasted about a week.",aphthous ulcer,Gastrointestinal
"I came in because of burning abdominal pain, headache, nausea, chills, decreased appetite, vomiting, fever and rectal bleeding. It started two days ago.",noninfectious gastroenteritis,Febrile/Systemic
"I feel unwell, with sharp abdominal pain, diarrhea, nausea, fluid retention, chills, headache and fever.",infectious gastroenteritis,Febrile/Systemic
"My main problems are upper abdominal pain, nausea, burning abdominal pain, fever, stomach bloating, side pain, vomiting and decreased appetite. It began this morning.",appendicitis,Gastrointestinal
"I feel unwell, with skin rash, abnormal appearing skin, skin swelling, long menstrual periods and irregular appearing scalp. It got worse overnight.",acne,Dermatological
"My main problems are fever, burning abdominal pain, headache, chills, sharp abdominal pain, flu-like syndrome, vomiting and nausea. It started two days ago.",infectious gastroenteritis,Febrile/Systemic
"Lately I keep having vomiting, diarrhea and upper abdominal pain. It began this morning.",diverticulosis,Gastrointestinal
"For the past few days I've had itching of skin, vaginal discharge, vaginal pain, lower abdominal pain, vaginal redness, coryza, painful urination and suprapubic pain. It got worse overnight.",vaginal yeast infection,Musculoskeletal/Other
"Since yesterday I've noticed symptoms of the kidneys, peripheral edema, sharp chest pain, kidney mass and nausea. It comes and goes.",acute kidney injury,Musculoskeletal/Other
"I came in because of diarrhea, side pain, stomach bloating, fever, lower abdominal pain and nausea. This has lasted about a week.",appendicitis,Gastrointestinal
"I feel unwell, with skin swelling, hand or finger pain, skin lesion, leg pain, abnormal appearing skin, foot or toe pain, skin rash and leg swelling. It got worse overnight.",pyogenic skin infection,Dermatological
"For the past few days I've had sharp abdominal pain, decreased appetite, burning abdominal pain, vomiting and side pain. It began this morning.",appendicitis,Gastrointestinal
"Patient reports difficulty breathing, coryza, shortness of breath, vomiting, wheezing, sharp chest pain and sore throat.",acute bronchospasm,Respiratory
"I came in because of skin swelling, pelvic pain, involuntary urination, skin irritation, itching of skin, irregular appearing scalp, skin growth and itchy scalp.",fungal infection of the hair,Dermatological
"My main problems are frontal headache, sneezing, ear pain, nasal congestion and sore throat. This has lasted about a week.",seasonal allergies (hay fever),Febrile/Systemic
"I came in because of emotional symptoms, dizziness, depressive or psychotic symptoms, headache and nausea.",carbon monoxide poisoning,Musculoskeletal/Other
"I've been experiencing pelvic pain, back pain, headache, ache all over, shoulder pain and low back pain and I'm worried. It comes and goes.",chronic pain disorder,Musculoskeletal/Other
"Patient reports irregular appearing scalp, skin swelling, acne or pimples, skin irritation, skin lesion, skin rash, skin dryness, peeling, scaliness, or roughness and ankle pain. It got worse overnight.",eczema,Dermatological
"Chief complaint: foot or toe pain, hand or finger swelling, skin lesion, leg swelling, hand or finger pain, foot or toe swelling and peripheral edema. It comes and goes.",pyogenic skin infection,Dermatological
"Complaining of mouth pain, pain in gums, skin swelling, gum pain, toothache, neck swelling, peripheral edema and jaw swelling.",tooth abscess,Dermatological
"Complaining of blood in stool, burning abdominal pain, diarrhea, lower abdominal pain, nausea and fever. This has lasted about a week.",diverticulitis,Gastrointestinal
"I feel unwell, with hand or finger swelling, skin swelling, leg pain, foot or toe swelling, foot or toe pain and leg swelling.",pyogenic skin infection,Dermatological
"For the past few days I've had chest tightness, throat feels tight and shortness of breath. This has lasted about a week.",chronic rheumatic fever,Febrile/Systemic
"My main problems are frequent urination, suprapubic pain, intermenstrual bleeding, blood in urine, vaginal discharge and retention of urine.",pelvic organ prolapse,Musculoskeletal/Other
"I feel unwell, with symptoms of the face, skin swelling and itching of skin.",actinic keratosis,Dermatological
"I feel unwell, with shoulder pain, abnormal involuntary movements, neck pain, throat swelling and neck stiffness or tightness. It got worse overnight.",torticollis,Musculoskeletal/Other
"I have coryza, decreased appetite and shortness of breath. It got worse overnight.",acute bronchiolitis,Respiratory
"The symptoms are wheezing, abnormal breathing sounds, nasal congestion, hoarse voice, sore throat, shortness of breath, coryza and vomiting. It began this morning.",croup,Respiratory
"My main problems are hurts to breath, back pain, hip pain, shortness of breath, rib pain, shoulder pain and side pain. This has lasted about a week.",fracture of the rib,Musculoskeletal/Other
"I have coryza, coughing up sputum, chest tightness, allergic reaction, cough and difficulty breathing.",asthma,Respiratory
"The symptoms are itchy scalp, skin irritation, skin rash, irregular appearing scalp, pelvic pain and skin growth.",fungal infection of the hair,Dermatological
"I have drug abuse, nightmares and fears and phobias.",human immunodeficiency virus infection (hiv),Febrile/Systemic
"Chief complaint: sore throat, hoarse voice, fever, throat feels tight, coryza and difficulty speaking. It got worse overnight.",laryngitis,Respiratory
"I have burning abdominal pain, vomiting, fluid retention, headache, nausea, sharp abdominal pain and cough. It started two days ago.",noninfectious gastroenteritis,Febrile/Systemic
"Lately I keep having headache, decreased appetite, fluid retention, chills, nausea, diarrhea, fever and flu-like syndrome. This has lasted about a week.",infectious gastroenteritis,Febrile/Systemic
"The symptoms are facial pain, skin rash, skin lesion, headache and sharp chest pain. It began this morning.",shingles (herpes zoster),Dermatological
"Complaining of skin growth, skin rash, skin dryness, peeling, scaliness, or roughness, itchy scalp, abnormal appearing skin, itching of skin and acne or pimples.",fungal infection of the hair,Dermatological
"Patient reports lacrimation, coryza, nasal congestion and ear pain. It started two days ago.",seasonal allergies (hay fever),Febrile/Systemic
"The symptoms are lacrimation, frontal headache, allergic reaction, coryza, sneezing and sharp abdominal pain. It comes and goes.",seasonal allergies (hay fever),Febrile/Systemic
"I came in because of burning abdominal pain, vomiting, lower body pain, nausea, side pain, stomach bloating, back pain and symptoms of the kidneys. It comes and goes.",cholecystitis,Gastrointestinal
"For the past few days I've had leg swelling, frontal headache, headache and facial pain. This has lasted about a week.",chronic sinusitis,Respiratory
"The symptoms are cough, coryza, wheezing, flu-like syndrome, sore throat and nasal congestion.",common cold,Respiratory
"Complaining of skin rash, skin growth, itchy scalp, abnormal appearing skin, acne or pimples, skin dryness, peeling, scaliness, or roughness and warts.",skin pigmentation disorder,Dermatological
"Chief complaint: vomiting blood, changes in stool appearance, focal weakness and upper abdominal pain.",gastroduodenal ulcer,Gastrointestinal
"The symptoms are ear pain, fever, sore throat, vomiting, diminished hearing, coryza, fluid in ear and pulling at ears.",otitis media,Musculoskeletal/Other
"I have sharp abdominal pain, jaundice, blood in stool, weakness, diarrhea, nausea, peripheral edema and low back pain.",liver disease,Gastrointestinal
"Lately I keep having fatigue, fever, depressive or psychotic symptoms, hip pain and symptoms of the face. It comes and goes.",lyme disease,Febrile/Systemic
"Complaining of irregular appearing scalp, skin lesion, abnormal appearing skin, itching of skin and skin moles. It started two days ago.",skin polyp,Dermatological
"I feel unwell, with peripheral edema, wrist pain, joint pain, joint swelling, elbow swelling and knee pain.",rheumatoid arthritis,Musculoskeletal/Other
"Lately I keep having irregular appearing scalp, acne or pimples, warts, abnormal appearing skin, skin growth and skin irritation. It comes and goes.",seborrheic keratosis,Dermatological
"The symptoms are skin lesion, skin growth, symptoms of the face, dry or flaky scalp and acne or pimples. This has lasted about a week.",seborrheic dermatitis,Dermatological
"I feel unwell, with joint pain, skin rash, skin dryness, peeling, scaliness, or roughness and irregular appearing scalp.",psoriasis,Dermatological
"I came in because of mouth dryness, difficulty in swallowing, apnea, sweating, abnormal involuntary movements, shortness of breath, insomnia and weight gain. It comes and goes.",obstructive sleep apnea (osa),Respiratory
"For the past few days I've had shoulder pain, low back pain, back pain, hip pain, arm pain, loss of sensation and leg weakness. This has lasted about a week.",herniated disk,Gastrointestinal
"I came in because of burning abdominal pain, sharp abdominal pain, problems during pregnancy, painful urination and vaginal discharge.",benign vaginal discharge (leukorrhea),Musculoskeletal/Other
"Lately I keep having skin dryness, peeling, scaliness, or roughness, allergic reaction, skin rash, skin irritation, cough, irregular appearing scalp and abnormal appearing skin.",eczema,Dermatological
"Complaining of dry or flaky scalp, too little hair, irregular appearing scalp, abnormal appearing skin, symptoms of the face and skin lesion. It comes and goes.",seborrheic dermatitis,Dermatological
"My main problems are diarrhea, fever, stomach bloating, lower abdominal pain, vomiting and decreased appetite.",appendicitis,Gastrointestinal
"I've been experiencing constipation, burning abdominal pain and lower abdominal pain and I'm worried.",ileus,Gastrointestinal
"Since yesterday I've noticed back pain, low back pain, leg weakness, neck pain, arm pain, arm weakness and shoulder pain. It began this morning.",herniated disk,Gastrointestinal
"My main problems are nausea, upper abdominal pain, sharp abdominal pain, bones are painful, stomach bloating and burning abdominal pain.",cholecystitis,Gastrointestinal
"I feel unwell, with heartburn, jaundice, upper abdominal pain and unusual color or odor to urine. It comes and goes.",liver disease,Gastrointestinal
"I feel unwell, with symptoms of the face, skin moles, abnormal appearing skin, skin irritation and skin lesion. It comes and goes.",actinic keratosis,Dermatological
"I feel unwell, with skin dryness, peeling, scaliness, or roughness, skin rash, irregular appearing scalp, acne or pimples, warts, skin growth and skin swelling.",skin pigmentation disorder,Dermatological
"I've been experiencing leg pain, insomnia, headache and abnormal involuntary movements and I'm worried.",restless leg syndrome,Musculoskeletal/Other
"I have regurgitation.1, side pain, lower body pain, sharp chest pain, symptoms of the kidneys, sharp abdominal pain and back pain.",cholecystitis,Gastrointestinal
"Patient reports congestion in chest, nasal congestion, fever and sharp chest pain.",chronic obstructive pulmonary disease (copd),Respiratory
"For the past few days I've had heartburn, itching of the anus, diarrhea, headache, constipation, sharp abdominal pain and melena.",rectal disorder,Gastrointestinal
"I've been experiencing chest tightness, sharp chest pain, difficulty breathing, shortness of breath, fever, coughing up sputum and coryza and I'm worried.",asthma,Respiratory
"I feel unwell, with cough, sore throat, skin rash and nasal congestion. It started two days ago.",mononucleosis,Febrile/Systemic
"Chief complaint: toothache, headache, mouth pain, fever and cough. This has lasted about a week.",aphthous ulcer,Gastrointestinal
"Since yesterday I've noticed nausea, vomiting, diarrhea, blood in stool and burning abdominal pain. It got worse overnight.",infectious gastroenteritis,Febrile/Systemic
"Chief complaint: fever, feeling ill, vomiting, suprapubic pain and shortness of breath. It began this morning.",sepsis,Febrile/Systemic
"For the past few days I've had vomiting, burning abdominal pain, fluid retention, decreased appetite, headache, fever, diarrhea and sharp abdominal pain. It started two days ago.",noninfectious gastroenteritis,Febrile/Systemic
"Patient reports frontal headache, ear pain, fever, coughing up sputum, sinus congestion and painful sinuses. It comes and goes.",acute sinusitis,Respiratory
"Lately I keep having cough, headache, congestion in chest, nasal congestion, sore throat, fever, coughing up sputum and difficulty breathing.",acute bronchitis,Respiratory
"The symptoms are skin swelling, decreased appetite, skin rash, cough, vomiting and itching of skin.",viral exanthem,Musculoskeletal/Other
"My main problems are skin swelling, sore in nose, skin lesion, itching of skin and nasal congestion. It comes and goes.",impetigo,Dermatological
"My main problems are skin irritation, skin swelling, pelvic pain and skin dryness, peeling, scaliness, or roughness. This has lasted about a week.",fungal infection of the hair,Dermatological
"My main problems are headache, fluid retention, vomiting, diarrhea, blood in stool, rectal bleeding, fever and nausea. It got worse overnight.",noninfectious gastroenteritis,Febrile/Systemic
"Since yesterday I've noticed nasal congestion, apnea, painful sinuses, facial pain, headache and sore throat. It comes and goes.",deviated nasal septum,Respiratory
"I feel unwell, with coryza, shortness of breath, hurts to breath, pulling at ears, vomiting, difficulty breathing and irritable infant. It got worse overnight.",acute bronchiolitis,Respiratory
"Complaining of throat feels tight, cough, hoarse voice, ear pain, nasal congestion, fever and sore throat. This has lasted about a week.",laryngitis,Respiratory
"Lately I keep having sweating, difficulty breathing, abnormal involuntary movements, fatigue, mouth dryness, insomnia and sleepiness. This has lasted about a week.",obstructive sleep apnea (osa),Respiratory
"I feel unwell, with acne or pimples, warts and skin growth. It began this morning.",skin polyp,Dermatological
"For the past few days I've had shortness of breath, vomiting, difficulty breathing, feeling ill and fever. It started two days ago.",sepsis,Febrile/Systemic
"I've been experiencing cough, side pain, weakness, shortness of breath, sharp chest pain and sharp abdominal pain and I'm worried. It got worse overnight.",pleural effusion,Respiratory
"I came in because of fluid retention, decreased appetite, nausea, vomiting, burning abdominal pain, diarrhea and fever. It started two days ago.",infectious gastroenteritis,Febrile/Systemic
"Chief complaint: skin irritation, irregular appearing scalp, abnormal appearing skin, itching of skin, acne or pimples, itchy scalp and pelvic pain. This has lasted about a week.",fungal infection of the hair,Dermatological
"I feel unwell, with nasal congestion, sore throat, frontal headache, cough and sneezing. This has lasted about a week.",seasonal allergies (hay fever),Febrile/Systemic
"My main problems are burning abdominal pain, decreased appetite, chills, flu-like syndrome, diarrhea, fluid retention, headache and blood in stool. It got worse overnight.",infectious gastroenteritis,Febrile/Systemic
"I have difficulty in swallowing, dizziness, sharp chest pain, nausea, heartburn, regurgitation.1 and regurgitation.",hiatal hernia,Gastrointestinal
"Chief complaint: depression, anxiety and nervousness, abusing alcohol, excessive anger, delusions or hallucinations, obsessions and compulsions and temper problems.",bipolar disorder,Musculoskeletal/Other
"I've been experiencing cough, wheezing, shortness of breath, abnormal breathing sounds, sore throat and headache and I'm worried.",interstitial lung disease,Respiratory
"I came in because of pain of the anus, blood in stool, regurgitation, rectal bleeding and regurgitation.1.",crohn disease,Gastrointestinal
"For the past few days I've had wheezing, cough, sharp chest pain, chest tightness and chills.",acute respiratory distress syndrome (ards),Respiratory
"For the past few days I've had heartburn, upper abdominal pain, burning abdominal pain, difficulty in swallowing, sharp chest pain and nausea.",hiatal hernia,Gastrointestinal
"Chief complaint: heartburn, burning abdominal pain, regurgitation.1, sharp abdominal pain, back pain, nausea and sharp chest pain.",gallstone,Gastrointestinal
"I came in because of fluid retention, burning abdominal pain, nausea, fever, vomiting, diarrhea, flu-like syndrome and chills.",infectious gastroenteritis,Febrile/Systemic
"I have decreased appetite, cough, fever, mouth ulcer, sore throat and insomnia. It started two days ago.",herpangina,Musculoskeletal/Other
"I have difficulty breathing, insomnia, fatigue, sweating, apnea, sleepiness and abnormal breathing sounds. It started two days ago.",obstructive sleep apnea (osa),Respiratory
"Patient reports skin moles, skin irritation, abnormal appearing skin, symptoms of the face and skin dryness, peeling, scaliness, or roughness.",actinic keratosis,Dermatological
"My main problems are cough, chills, nausea, ache all over, coryza and headache.",flu,Respiratory
"I feel unwell, with throat swelling, swollen lymph nodes and headache.",peritonsillar abscess,Dermatological
"I've been experiencing side pain, blood in stool, upper abdominal pain, diarrhea, vomiting, constipation, lower abdominal pain and chills and I'm worried. It started two days ago.",diverticulitis,Gastrointestinal
"I feel unwell, with leg weakness, back pain, arm pain, paresthesia, shoulder pain and loss of sensation.",herniated disk,Gastrointestinal
"I've been experiencing headache, sore throat, sharp chest pain, fever, cough, coughing up sputum and coryza and I'm worried.",acute bronchitis,Respiratory
"The symptoms are vomiting, upper abdominal pain, side pain, nausea, fever and decreased appetite. This has lasted about a week.",appendicitis,Gastrointestinal
"I came in because of cough, coughing up sputum, nasal congestion, fever, frontal headache, painful sinuses and sinus congestion. It began this morning.",acute sinusitis,Respiratory
"Since yesterday I've noticed diarrhea, vomiting blood, weakness, sharp chest pain and blood in stool.",gastrointestinal hemorrhage,Gastrointestinal
"Chief complaint: nasal congestion, sore throat, fever, congestion in chest and coughing up sputum. It started two days ago.",chronic obstructive pulmonary disease (copd),Respiratory
"Patient reports nasal congestion, difficulty in swallowing, ear pain, sore throat and difficulty speaking. It comes and goes.",laryngitis,Respiratory
"I feel unwell, with depressive or psychotic symptoms, chest tightness, breathing fast, anxiety and nervousness and insomnia.",panic disorder,Musculoskeletal/Other
"Patient reports coryza, ear pain, itchiness of eye, frontal headache, lacrimation and nasal congestion. It comes and goes.",seasonal allergies (hay fever),Febrile/Systemic
"Patient reports upper abdominal pain, sharp abdominal pain, regurgitation.1, burning abdominal pain, lower body pain and sharp chest pain.",gallstone,Gastrointestinal
"Since yesterday I've noticed skin swelling, skin dryness, peeling, scaliness, or roughness, fever, warts and acne or pimples. It started two days ago.",eczema,Dermatological
"Chief complaint: fever, sore throat, wheezing, shortness of breath, nasal congestion and pulling at ears. It started two days ago.",croup,Respiratory
"Complaining of nausea, diarrhea, fluid retention, sharp abdominal pain, fever and chills. It got worse overnight.",infectious gastroenteritis,Febrile/Systemic
"The symptoms are arm pain, low back pain, leg weakness, paresthesia and shoulder pain. This has lasted about a week.",herniated disk,Gastrointestinal
"Patient reports nasal congestion, vomiting, shortness of breath, itchy eyelid, hurts to breath and pulling at ears. It comes and goes.",acute bronchiolitis,Respiratory
"For the past few days I've had sharp abdominal pain, difficulty breathing, hurts to breath, sharp chest pain and cough. It got worse overnight.",pleural effusion,Respiratory
"I feel unwell, with difficulty speaking, loss of sensation, focal weakness, disturbance of memory and depressive or psychotic symptoms. It began this morning.",transient ischemic attack,Musculoskeletal/Other
"My main problems are redness in ear, abnormal breathing sounds, cough and fever. It began this morning.",tonsillar hypertrophy,Respiratory
"For the past few days I've had sharp abdominal pain, itching of skin, sharp chest pain, burning abdominal pain, heartburn and chest tightness. This has lasted about a week.",esophagitis,Gastrointestinal
"I have lower abdominal pain, vomiting, pain of the anus, sharp abdominal pain, changes in stool appearance and burning abdominal pain. It began this morning.",chronic constipation,Gastrointestinal
"I've been experiencing coryza, plugged feeling in ear, fluid in ear, cough, nasal congestion and fever and I'm worried.",acute otitis media,Musculoskeletal/Other
"I've been experiencing sharp abdominal pain, vomiting, difficulty breathing and feeling ill and I'm worried. It started two days ago.",sepsis,Febrile/Systemic
"I've been experiencing itchy scalp, skin moles, skin dryness, peeling, scaliness, or roughness, skin lesion, joint pain and skin rash and I'm worried.",psoriasis,Dermatological
"For the past few days I've had upper abdominal pain, regurgitation.1, heartburn, dizziness and regurgitation. This has lasted about a week.",hiatal hernia,Gastrointestinal
"I have sharp abdominal pain, back pain and hurts to breath. It started two days ago.",pleural effusion,Respiratory
"Patient reports pain during pregnancy, sharp abdominal pain, lower abdominal pain, intermenstrual bleeding, heavy menstrual flow, cramps and spasms, vaginal discharge and pelvic pain. It got worse overnight.",vaginal cyst,Musculoskeletal/Other
"Lately I keep having symptoms of the face, itching of skin, skin dryness, peeling, scaliness, or roughness, skin growth and irregular appearing scalp.",actinic keratosis,Dermatological
"I've been experiencing diminished hearing, nasal congestion, swollen or red tonsils, unpredictable menstruation, throat redness and abnormal breathing sounds and I'm worried. This has lasted about a week.",tonsillitis,Respiratory
"Lately I keep having headache, knee stiffness or tightness, problems with movement, foot or toe pain, irregular appearing nails, knee pain and knee swelling. It started two days ago.",injury to the leg,Musculoskeletal/Other
"For the past few days I've had skin irritation, abnormal appearing skin, lip swelling, wrinkles on skin, skin moles and skin lesion.",atrophic skin condition,Dermatological
"For the past few days I've had sharp abdominal pain, suprapubic pain and shortness of breath.",sepsis,Febrile/Systemic
"My main problems are regurgitation.1, burning abdominal pain, sharp chest pain, side pain, back pain and vomiting. It began this morning.",gallstone,Gastrointestinal
"Chief complaint: sharp abdominal pain, swollen abdomen, lower abdominal pain, symptoms of the scrotum and testes and pain in testicles. It began this morning.",inguinal hernia,Gastrointestinal
"For the past few days I've had vomiting, chest tightness, sore throat, fever, wheezing and difficulty breathing.",acute bronchospasm,Respiratory
"I have abnormal appearing skin, skin rash, skin dryness, peeling, scaliness, or roughness, skin growth, irregular appearing scalp, symptoms of the face and itching of skin. It began this morning.",actinic keratosis,Dermatological
"For the past few days I've had upper abdominal pain, diarrhea, lower body pain, sharp abdominal pain, side pain and nausea.",acute pancreatitis,Gastrointestinal
"I came in because of coughing up sputum, abusing alcohol, shortness of breath, excessive anger, drug abuse and cough. It got worse overnight.",smoking or tobacco addiction,Musculoskeletal/Other
"Chief complaint: rectal bleeding, weight gain, regurgitation.1, fatigue, weakness, dizziness, heavy menstrual flow and regurgitation.",iron deficiency anemia,Musculoskeletal/Other
"Since yesterday I've noticed sweating, leg swelling, sharp chest pain and shortness of breath. It got worse overnight.",pulmonary embolism,Respiratory
"For the past few days I've had sore throat, nasal congestion and abnormal breathing sounds.",croup,Respiratory
"Lately I keep having seizures, headache, weakness, arm stiffness or tightness and problems with movement.",hemiplegia,Musculoskeletal/Other
"Chief complaint: sneezing, nasal congestion, lacrimation, headache, ear pain and cough.",seasonal allergies (hay fever),Febrile/Systemic
"My main problems are skin irritation, acne or pimples, skin dryness, peeling, scaliness, or roughness, cough and itching of skin. It comes and goes.",eczema,Dermatological
"Patient reports jaw swelling, mouth pain, lip swelling, neck swelling, facial pain and skin swelling.",tooth abscess,Dermatological
"My main problems are fluid retention, vomiting, chills, nausea, blood in stool, fever, diarrhea and flu-like syndrome.",infectious gastroenteritis,Febrile/Systemic
"My main problems are vomiting, wheezing, cough, sore throat, nasal congestion and hoarse voice. This has lasted about a week.",croup,Respiratory
I came in because of fever and coryza.,acute sinusitis,Respiratory
"My main problems are decreased appetite, headache, chills, fluid retention, flu-like syndrome and vomiting. It comes and goes.",infectious gastroenteritis,Febrile/Systemic
"Since yesterday I've noticed abnormal appearing skin, sore throat and lip swelling. It started two days ago.",cellulitis or abscess of mouth,Dermatological
"Patient reports vomiting, fever, flu-like syndrome, nausea, chills and sharp abdominal pain.",infectious gastroenteritis,Febrile/Systemic
"My main problems are coryza, sore throat, pulling at ears, shortness of breath, hoarse voice and vomiting.",croup,Respiratory
"Lately I keep having side pain, upper abdominal pain, sharp abdominal pain, shortness of breath and blood in stool. It got worse overnight.",liver disease,Gastrointestinal
"Complaining of skin dryness, peeling, scaliness, or roughness, skin growth and itchy scalp.",psoriasis,Dermatological
"Since yesterday I've noticed skin dryness, peeling, scaliness, or roughness, irregular appearing scalp, skin moles, itching of skin and symptoms of the face. It started two days ago.",actinic keratosis,Dermatological
"Complaining of sharp abdominal pain, painful urination, frequent urination and blood in urine. It comes and goes.",pyelonephritis,Musculoskeletal/Other
"My main problems are skin growth, skin rash, too little hair, itching of skin and skin lesion. It got worse overnight.",seborrheic dermatitis,Dermatological
"Patient reports fever, vomiting, decreased appetite, wheezing and pulling at ears.",acute bronchiolitis,Respiratory
"My main problems are sharp abdominal pain, headache, chills, vomiting, nausea and flu-like syndrome.",infectious gastroenteritis,Febrile/Systemic
"Since yesterday I've noticed symptoms of eye, lymphedema, skin dryness, peeling, scaliness, or roughness, itching of skin and skin growth.",rosacea,Dermatological
"For the past few days I've had blood in stool, pain of the anus, melena, diarrhea and itching of the anus.",rectal disorder,Gastrointestinal
"I feel unwell, with blood in stool, vomiting, burning abdominal pain, changes in stool appearance, nausea, sharp abdominal pain and heartburn. It got worse overnight.",gastroduodenal ulcer,Gastrointestinal
"I feel unwell, with sharp abdominal pain, nausea, heartburn, unusual color or odor to urine, weakness, peripheral edema, shortness of breath and side pain.",liver disease,Gastrointestinal
"Since yesterday I've noticed spots or clouds in vision, pain in eye, lacrimation, eye redness, lip swelling, swollen eye and eye burns or stings. This has lasted about a week.",cornea infection,Musculoskeletal/Other
"Chief complaint: chills, suprapubic pain, cough, fever, shortness of breath, decreased appetite, vomiting and difficulty breathing. This has lasted about a week.",sepsis,Febrile/Systemic
"I feel unwell, with vomiting, decreased appetite, burning abdominal pain, chills and headache.",infectious gastroenteritis,Febrile/Systemic
"The symptoms are nausea, dizziness, retention of urine, symptoms of the kidneys, weakness and shortness of breath.",acute kidney injury,Musculoskeletal/Other
"Complaining of ear pain, flu-like syndrome, cough, nasal congestion, wheezing, coryza and sore throat. It began this morning.",common cold,Respiratory
"My main problems are abusing alcohol, sharp abdominal pain, diarrhea, vomiting, lower body pain, burning abdominal pain and nausea.",acute pancreatitis,Gastrointestinal
"Chief complaint: chest tightness, side pain, difficulty breathing, sharp chest pain, cough, sweating and leg pain. It got worse overnight.",pulmonary embolism,Respiratory
"Lately I keep having shortness of breath, headache, depressive or psychotic symptoms, increased heart rate, irregular heartbeat, fears and phobias, abnormal involuntary movements and anxiety and nervousness. It started two days ago.",anxiety,Musculoskeletal/Other
"Patient reports rectal bleeding, chills, nausea, sharp abdominal pain, fluid retention, cough, blood in stool and fever. It began this morning.",noninfectious gastroenteritis,Febrile/Systemic
"My main problems are wrist swelling, nausea, stomach bloating, burning abdominal pain, regurgitation.1, lower body pain, sharp abdominal pain and back pain.",cholecystitis,Gastrointestinal
"My main problems are allergic reaction, skin rash, skin swelling, warts, skin dryness, peeling, scaliness, or roughness and itching of skin. It started two days ago.",eczema,Dermatological
"My main problems are skin growth, acne or pimples, skin rash, irregular appearing scalp, skin irritation, skin swelling and abnormal appearing skin.",seborrheic keratosis,Dermatological
"I've been experiencing itching of skin, skin dryness, peeling, scaliness, or roughness, skin irritation and skin growth and I'm worried. It began this morning.",skin disorder,Dermatological
"The symptoms are anxiety and nervousness, hostile behavior, depression and excessive anger. This has lasted about a week.",schizophrenia,Musculoskeletal/Other
"For the past few days I've had ear pain, coughing up sputum, coryza, nasal congestion, sore throat and facial pain. It got worse overnight.",acute sinusitis,Respiratory
"My main problems are decreased appetite, nausea, abnormal involuntary movements, feeling ill, fainting, sweating, depressive or psychotic symptoms and seizures. It got worse overnight.",hypoglycemia,Musculoskeletal/Other
"Complaining of skin dryness, peeling, scaliness, or roughness, acne or pimples, skin lesion and skin moles. It began this morning.",dermatitis due to sun exposure,Dermatological
"For the past few days I've had pain in gums, jaw swelling, skin irritation, mouth pain, restlessness, toothache, gum pain, skin swelling and hand or finger stiffness or tightness. It comes and goes.",dental caries,Musculoskeletal/Other
"Patient reports irregular appearing scalp, itching of skin, skin rash, acne or pimples, skin growth, skin lesion, low back pain, symptoms of the face and dry or flaky scalp.",seborrheic dermatitis,Dermatological
"I came in because of fluid retention, fever, nausea, diarrhea, rectal bleeding, headache and sore throat. It got worse overnight.",noninfectious gastroenteritis,Febrile/Systemic
"Patient reports symptoms of eye, eye redness, white discharge from eye, itchiness of eye, pain in eye and abnormal movement of eyelid.",dry eye of unknown cause,Musculoskeletal/Other
"Patient reports hemoptysis, upper abdominal pain, side pain, abusing alcohol, sharp abdominal pain and vomiting.",acute pancreatitis,Gastrointestinal
"I have lower body pain, sharp abdominal pain, stomach bloating, side pain, burning abdominal pain, nausea, sharp chest pain and vomiting. It began this morning.",cholecystitis,Gastrointestinal
"Lately I keep having shortness of breath, sharp chest pain, coughing up sputum, nasal congestion, congestion in chest and fever. It began this morning.",acute bronchitis,Respiratory
"Lately I keep having diarrhea, upper abdominal pain, nausea, lower body pain, hemoptysis, back pain, sharp abdominal pain, restlessness and burning abdominal pain. It comes and goes.",acute pancreatitis,Gastrointestinal
"Patient reports vomiting, sharp abdominal pain, heartburn, difficulty in swallowing, nausea and burning abdominal pain. This has lasted about a week.",esophagitis,Gastrointestinal
"I feel unwell, with ear pain, nasal congestion, sneezing, headache, coryza, sore throat and cough. It comes and goes.",seasonal allergies (hay fever),Febrile/Systemic
"Lately I keep having acne or pimples, itchy scalp, skin rash, too little hair, irregular appearing scalp and abnormal appearing skin.",fungal infection of the skin,Dermatological
"I came in because of leg stiffness or tightness, headache, lymphedema and foot or toe swelling. This has lasted about a week.",vasculitis,Musculoskeletal/Other
"For the past few days I've had difficulty breathing, sharp chest pain and nasal congestion.",pneumonia,Respiratory
"I came in because of chills, coryza, sore throat, sharp chest pain, cough, lower abdominal pain, weakness and nasal congestion.",pneumonia,Respiratory
"My main problems are nausea, vomiting, feeling ill and sharp abdominal pain.",hepatitis due to a toxin,Gastrointestinal
"Complaining of weakness, stomach bloating, sharp chest pain, upper abdominal pain, sharp abdominal pain, back pain, burning abdominal pain and vomiting. It began this morning.",cholecystitis,Gastrointestinal
"Chief complaint: vomiting, pulling at ears, blood in stool, temper problems, diaper rash, diarrhea and fever.",diaper rash,Dermatological
"Patient reports sore throat, cough, coryza, vomiting, weakness and difficulty breathing. It began this morning.",pneumonia,Respiratory
"Lately I keep having groin mass, skin lesion, skin swelling, shoulder lump or mass and neck mass. This has lasted about a week.",lipoma,Musculoskeletal/Other
"Chief complaint: lip swelling, toothache, facial pain, peripheral edema and skin swelling. This has lasted about a week.",tooth abscess,Dermatological
"My main problems are muscle pain, sharp abdominal pain, rectal bleeding, diarrhea, nausea, burning abdominal pain, chills, fluid retention and decreased appetite. This has lasted about a week.",noninfectious gastroenteritis,Febrile/Systemic
"The symptoms are peripheral edema, toothache, intermenstrual bleeding, skin swelling, gum pain and pain in gums. It got worse overnight.",tooth abscess,Dermatological
"Chief complaint: burning abdominal pain, diarrhea, side pain, abusing alcohol, nausea and back pain. It got worse overnight.",acute pancreatitis,Gastrointestinal
"Since yesterday I've noticed ache all over, abnormal involuntary movements, neck pain, low back pain, problems with movement, back pain and foot or toe pain.",complex regional pain syndrome,Musculoskeletal/Other
"Complaining of coryza, shortness of breath, fever and headache.",acute bronchitis,Respiratory
"For the past few days I've had difficulty breathing, weakness, sharp chest pain, chest tightness and shortness of breath. It comes and goes.",pulmonary embolism,Respiratory
"Patient reports difficulty in swallowing, upper abdominal pain, sore throat, vomiting, nausea and chest tightness.",esophagitis,Gastrointestinal
"Complaining of palpitations, fatigue, burning chest pain and irregular heartbeat.",coronary atherosclerosis,Musculoskeletal/Other
"Chief complaint: skin swelling, irregular appearing nails, foot or toe swelling and acne or pimples. This has lasted about a week.",callus,Dermatological
"Chief complaint: skin growth, skin lesion, skin moles, abnormal appearing skin, lip swelling and skin irritation. This has lasted about a week.",atrophic skin condition,Dermatological
"I've been experiencing headache, diarrhea, blood in stool, vomiting, burning abdominal pain and flu-like syndrome and I'm worried. It began this morning.",infectious gastroenteritis,Febrile/Systemic
"Complaining of sore throat, wheezing, shortness of breath and abnormal breathing sounds.",interstitial lung disease,Respiratory
"Since yesterday I've noticed sharp abdominal pain, sharp chest pain, peripheral edema and dizziness. It began this morning.",acute kidney injury,Musculoskeletal/Other
"I came in because of neck swelling, facial pain, skin swelling, lip swelling, mouth pain, jaw swelling and peripheral edema. It got worse overnight.",tooth abscess,Dermatological
"Since yesterday I've noticed skin rash, skin dryness, peeling, scaliness, or roughness, skin moles, long menstrual periods, skin growth and abnormal appearing skin.",acne,Dermatological
"Since yesterday I've noticed fears and phobias, temper problems, hysterical behavior, abusing alcohol and anxiety and nervousness.",psychotic disorder,Musculoskeletal/Other
"I feel unwell, with skin dryness, peeling, scaliness, or roughness, dry or flaky scalp, symptoms of the face, skin lesion, acne or pimples, skin rash and skin growth.",seborrheic dermatitis,Dermatological
"I came in because of shortness of breath, sharp chest pain, congestion in chest, cough, headache, fever, coughing up sputum and sore throat. It got worse overnight.",acute bronchitis,Respiratory
"Since yesterday I've noticed lower body pain, neck pain, joint pain, shoulder pain, low back pain and paresthesia. It comes and goes.",degenerative disc disease,Musculoskeletal/Other
"I have rectal bleeding, nausea, vomiting, blood in stool, changes in stool appearance and diarrhea. It began this morning.",gastrointestinal hemorrhage,Gastrointestinal
"Complaining of hoarse voice, cough, facial pain, fever, pulling at ears, nasal congestion and abnormal breathing sounds. It got worse overnight.",croup,Respiratory
"I have skin lesion, abnormal appearing skin, skin growth, skin irritation, skin dryness, peeling, scaliness, or roughness, irregular appearing scalp, acne or pimples and skin rash. It began this morning.",fungal infection of the hair,Dermatological
"I've been experiencing jaundice, blood in stool, nausea, sharp abdominal pain, peripheral edema, unusual color or odor to urine and weakness and I'm worried.",liver disease,Gastrointestinal
"I feel unwell, with chills, nausea, sharp abdominal pain, fluid retention, vomiting, decreased appetite and blood in stool. It started two days ago.",infectious gastroenteritis,Febrile/Systemic
"Patient reports coryza, cough, sore throat, nasal congestion, throat feels tight and difficulty speaking. It started two days ago.",laryngitis,Respiratory
"Since yesterday I've noticed swollen eye, skin irritation, acne or pimples and skin lesion. This has lasted about a week.",contact dermatitis,Dermatological
"I have skin rash, blood in stool and nasal congestion.",diaper rash,Dermatological
"My main problems are vomiting, sore throat, fever, weakness, cough, difficulty breathing, chills and nasal congestion. It started two days ago.",pneumonia,Respiratory
"Patient reports cough, chills and vomiting.",pneumonia,Respiratory
"Since yesterday I've noticed warts, skin swelling, skin irritation, itching of skin, skin moles, acne or pimples and irregular appearing scalp. It got worse overnight.",skin polyp,Dermatological
"The symptoms are dizziness, insomnia, breathing fast, abnormal involuntary movements, chest tightness, shortness of breath and depressive or psychotic symptoms. It started two days ago.",panic disorder,Musculoskeletal/Other
"The symptoms are skin dryness, peeling, scaliness, or roughness, skin growth, acne or pimples, warts and skin lesion. It started two days ago.",skin polyp,Dermatological
"I've been experiencing fever, cough, ache all over, headache, neck stiffness or tightness, nausea and vomiting and I'm worried. It began this morning.",meningitis,Febrile/Systemic
"Patient reports rectal bleeding, blood in stool, burning abdominal pain, chills, vomiting, headache and decreased appetite.",noninfectious gastroenteritis,Febrile/Systemic
"I've been experiencing decreased appetite, difficulty breathing, foot or toe swelling and wheezing and I'm worried. This has lasted about a week.",acute bronchiolitis,Respiratory
"I have shortness of breath, coryza, sore throat, cough, sharp chest pain, difficulty breathing, weakness and nasal congestion.",pneumonia,Respiratory
"I've been experiencing jaundice, sharp abdominal pain, upper abdominal pain, diarrhea, side pain, blood in stool, nausea and shortness of breath and I'm worried.",liver disease,Gastrointestinal
"Chief complaint: cough, diarrhea, sore throat and headache. It started two days ago.",flu,Respiratory
"For the past few days I've had too little hair, skin dryness, peeling, scaliness, or roughness, skin rash, symptoms of the face, acne or pimples and irregular appearing scalp. This has lasted about a week.",seborrheic dermatitis,Dermatological
"For the past few days I've had leg pain, skin lesion, peripheral edema, foot or toe pain and abnormal appearing skin.",pyogenic skin infection,Dermatological
"Chief complaint: vomiting, sharp abdominal pain, decreased appetite, chills, diarrhea and fever.",noninfectious gastroenteritis,Febrile/Systemic
"I have fever, sore throat, headache and feeling ill. It comes and goes.",mononucleosis,Febrile/Systemic
"I came in because of congestion in chest, cough, fever, facial pain, painful sinuses, sore throat, frontal headache and ear pain. It began this morning.",chronic sinusitis,Respiratory
"Complaining of diarrhea, headache, chills, ache all over, coryza, nausea and sore throat. It got worse overnight.",flu,Respiratory
"I have pelvic pain, burning abdominal pain, blood in stool, vomiting blood and heartburn.",gastroduodenal ulcer,Gastrointestinal
"Since yesterday I've noticed skin dryness, peeling, scaliness, or roughness, skin irritation, skin lesion, cough, warts, skin swelling, itching of skin and abnormal appearing skin. It comes and goes.",eczema,Dermatological
"I've been experiencing lip swelling, vomiting, cough and itching of skin and I'm worried. It got worse overnight.",food allergy,Musculoskeletal/Other
"For the past few days I've had elbow pain, lower body pain, knee pain, stiffness all over, hip pain and paresthesia. It began this morning.",ankylosing spondylitis,Musculoskeletal/Other
"My main problems are palpitations, insomnia, shortness of breath, anxiety and nervousness, dizziness, breathing fast and irregular heartbeat.",panic disorder,Musculoskeletal/Other
"I have skin lesion, itchy scalp, pelvic pain and irregular appearing scalp. It comes and goes.",fungal infection of the hair,Dermatological
"My main problems are knee swelling, arm pain, shoulder pain, knee pain, leg swelling, arm stiffness or tightness, arm swelling and hip pain. It comes and goes.",bursitis,Musculoskeletal/Other
"I have nasal congestion, difficulty speaking, fever, difficulty breathing, coughing up sputum, sharp chest pain, chest tightness and wheezing. It got worse overnight.",asthma,Respiratory
"Patient reports diarrhea, fluid retention, nausea, decreased appetite, blood in stool and chills.",infectious gastroenteritis,Febrile/Systemic
"I feel unwell, with abnormal movement of eyelid, diminished vision and itchiness of eye. It started two days ago.",macular degeneration,Musculoskeletal/Other
"Complaining of lower body pain, bones are painful, low back pain, headache, symptoms of the scrotum and testes, wrist pain and neck pain. It started two days ago.",injury to the trunk,Musculoskeletal/Other
"I came in because of blood in stool, decreased appetite, sharp abdominal pain, nausea, fever and fluid retention. It began this morning.",noninfectious gastroenteritis,Febrile/Systemic
"The symptoms are painful sinuses, coughing up sputum, sore throat and coryza. It started two days ago.",acute sinusitis,Respiratory
"I came in because of low back pain, arm pain, paresthesia, hip pain and leg weakness. This has lasted about a week.",herniated disk,Gastrointestinal
"For the past few days I've had pulling at ears, cough, fears and phobias, fever, shortness of breath, irritable infant, wheezing and coryza.",acute bronchiolitis,Respiratory
"The symptoms are vomiting, fever, diarrhea, pulling at ears, cough, diaper rash and irritable infant. It started two days ago.",diaper rash,Dermatological
"Lately I keep having itchy scalp, skin swelling, skin dryness, peeling, scaliness, or roughness, irregular appearing scalp, skin moles, skin lesion, joint pain and skin rash.",psoriasis,Dermatological
"Since yesterday I've noticed allergic reaction, sore throat, headache, lacrimation, back stiffness or tightness, frontal headache and cough. This has lasted about a week.",seasonal allergies (hay fever),Febrile/Systemic
"The symptoms are skin irritation, feeling ill, chills, vomiting, decreased appetite and shortness of breath.",sepsis,Febrile/Systemic
"My main problems are skin swelling, skin lesion, itching of skin, acne or pimples, skin rash, skin irritation and abnormal appearing skin. It got worse overnight.",seborrheic keratosis,Dermatological
"Chief complaint: vomiting, sharp chest pain, back pain, symptoms of the kidneys, sharp abdominal pain, burning abdominal pain and stomach bloating. This has lasted about a week.",cholecystitis,Gastrointestinal
"Chief complaint: decreased appetite, lower abdominal pain, burning abdominal pain, stomach bloating, vomiting, fever and sharp abdominal pain. It comes and goes.",appendicitis,Gastrointestinal
"I came in because of throat swelling, abnormal appearing skin, lip swelling and difficulty in swallowing.",cellulitis or abscess of mouth,Dermatological
"My main problems are sweating, weight gain, sleepiness, difficulty in swallowing, abnormal breathing sounds, mouth dryness, fatigue and insomnia. It began this morning.",obstructive sleep apnea (osa),Respiratory
"My main problems are burning abdominal pain, chills, nausea, decreased appetite, vomiting and diarrhea. It comes and goes.",infectious gastroenteritis,Febrile/Systemic
"I have lower abdominal pain, sharp abdominal pain, burning abdominal pain, cramps and spasms, uterine contractions, blood clots during menstrual periods and spotting or bleeding during pregnancy. This has lasted about a week.",spontaneous abortion,Musculoskeletal/Other
"The symptoms are chills, burning abdominal pain, decreased appetite, flu-like syndrome and fever. It comes and goes.",infectious gastroenteritis,Febrile/Systemic
"Lately I keep having palpitations, lip swelling, skin swelling, skin dryness, peeling, scaliness, or roughness, abnormal appearing skin and skin lesion. It began this morning.",skin cancer,Dermatological
"Lately I keep having depressive or psychotic symptoms, problems during pregnancy, pain during pregnancy, excessive anger, intermenstrual bleeding and depression.",postpartum depression,Musculoskeletal/Other
"My main problems are temper problems, vomiting, diaper rash, skin rash, fever, lacrimation and diarrhea.",diaper rash,Dermatological
"The symptoms are skin dryness, peeling, scaliness, or roughness, too little hair, acne or pimples, itchy scalp and irregular appearing scalp. It started two days ago.",fungal infection of the skin,Dermatological
"I came in because of chest tightness, regurgitation.1, regurgitation, sharp abdominal pain and cough. This has lasted about a week.",gastroesophageal reflux disease (gerd),Gastrointestinal
"Patient reports vomiting blood, low self-esteem, smoking problems, depressive or psychotic symptoms and depression. It got worse overnight.",alcohol abuse,Musculoskeletal/Other
"Patient reports seizures, headache, arm stiffness or tightness, loss of sensation, abnormal involuntary movements, problems with movement and difficulty speaking.",hemiplegia,Musculoskeletal/Other
"My main problems are abnormal involuntary movements, skin swelling, itching of skin, skin growth, abnormal appearing skin, irregular appearing scalp, skin dryness, peeling, scaliness, or roughness and joint pain. It began this morning.",psoriasis,Dermatological
"Chief complaint: cough, vomiting, feeling ill, difficulty breathing, shortness of breath, chills, sharp abdominal pain and fever.",sepsis,Febrile/Systemic
"The symptoms are chills, sharp abdominal pain, blood in stool, burning abdominal pain, diarrhea, lower abdominal pain and nausea. It started two days ago.",diverticulitis,Gastrointestinal
"I have retention of urine, vaginal itching and frequent urination.",urge incontinence,Musculoskeletal/Other
"I have vomiting, sharp chest pain, cough, nasal congestion, shortness of breath, sore throat and difficulty breathing. It got worse overnight.",acute bronchospasm,Respiratory
"I came in because of plugged feeling in ear, abnormal breathing sounds, headache, sore throat, wheezing and sleepiness. This has lasted about a week.",interstitial lung disease,Respiratory
"Complaining of difficulty breathing, sharp chest pain, weakness, sharp abdominal pain and back pain. It got worse overnight.",pleural effusion,Respiratory
"My main problems are vaginal itching, problems during pregnancy, suprapubic pain, burning abdominal pain and vaginal redness. This has lasted about a week.",benign vaginal discharge (leukorrhea),Musculoskeletal/Other
"Patient reports frontal headache, sneezing, sore throat, lacrimation and coryza. This has lasted about a week.",seasonal allergies (hay fever),Febrile/Systemic
"For the past few days I've had shortness of breath, congestion in chest, cough, nasal congestion, wheezing, sore throat and sharp chest pain. It got worse overnight.",chronic obstructive pulmonary disease (copd),Respiratory
"Since yesterday I've noticed sneezing, nasal congestion, sore throat, frontal headache and coryza.",seasonal allergies (hay fever),Febrile/Systemic
"My main problems are melena, itching of the anus, cramps and spasms, pain of the anus, rectal bleeding, constipation, sharp abdominal pain, burning abdominal pain and hip pain.",rectal disorder,Gastrointestinal
"The symptoms are ear pain, fever, hoarse voice, nasal congestion, throat feels tight and cough. This has lasted about a week.",laryngitis,Respiratory
"Complaining of sore throat, coryza, hoarse voice, wheezing, shortness of breath, vomiting, pulling at ears and cough.",croup,Respiratory
"The symptoms are warts, skin lesion, irregular appearing scalp, skin growth, acne or pimples and skin swelling.",skin polyp,Dermatological
"I've been experiencing sneezing, headache, itchiness of eye, allergic reaction, skin dryness, peeling, scaliness, or roughness and lacrimation and I'm worried.",seasonal allergies (hay fever),Febrile/Systemic
"I feel unwell, with diminished hearing, sore throat, swollen or red tonsils and ear pain.",eustachian tube dysfunction (ear disorder),Musculoskeletal/Other
"My main problems are acne or pimples, skin dryness, peeling, scaliness, or roughness, skin lesion, skin irritation, irregular appearing scalp and allergic reaction. It began this morning.",eczema,Dermatological
"Complaining of fever, nausea, headache, diarrhea, burning abdominal pain and chills.",noninfectious gastroenteritis,Febrile/Systemic
"Since yesterday I've noticed skin swelling, skin growth, abnormal appearing skin, wrinkles on skin, skin lesion and lip swelling.",atrophic skin condition,Dermatological
"Chief complaint: weakness, difficulty in swallowing, nausea, sharp chest pain and decreased heart rate. It began this morning.",hyperkalemia,Musculoskeletal/Other
"Patient reports painful sinuses, headache and facial pain.",deviated nasal septum,Respiratory
"Since yesterday I've noticed chills, anxiety and nervousness, neck pain and headache.",tension headache,Musculoskeletal/Other
"I've been experiencing hip pain, back pain, shoulder pain, leg pain, arm weakness, low back pain, loss of sensation and arm pain and I'm worried.",herniated disk,Gastrointestinal
"Complaining of peripheral edema, mouth pain, toothache, jaw swelling, skin irritation, neck swelling and gum pain.",dental caries,Musculoskeletal/Other
"I have difficulty speaking, hoarse voice and sore throat.",laryngitis,Respiratory
"I came in because of heartburn, upper abdominal pain, nausea, sharp chest pain, burning abdominal pain, shortness of breath and sore throat. This has lasted about a week.",esophagitis,Gastrointestinal
"The symptoms are nasal congestion, vomiting, sharp chest pain, weakness, coryza and difficulty breathing. It comes and goes.",pneumonia,Respiratory
"Lately I keep having diminished hearing, throat feels tight, abnormal breathing sounds, throat redness, redness in ear and lump in throat.",tonsillitis,Respiratory
Since yesterday I've noticed upper abdominal pain and blood in stool.,cirrhosis,Gastrointestinal
"Chief complaint: shortness of breath, sore throat, hoarse voice, pulling at ears, vomiting, coryza and wheezing. This has lasted about a week.",croup,Respiratory
"I feel unwell, with hip pain, back pain, loss of sensation, shoulder pain, leg pain, arm pain and leg weakness.",herniated disk,Gastrointestinal
"Complaining of acne or pimples, abnormal appearing skin, itching of skin and skin dryness, peeling, scaliness, or roughness. It got worse overnight.",seborrheic dermatitis,Dermatological
"Chief complaint: coryza, ear pain, lacrimation, sore throat, itchiness of eye, headache, frontal headache and nasal congestion. It started two days ago.",seasonal allergies (hay fever),Febrile/Systemic
"Since yesterday I've noticed fever, sharp abdominal pain, headache, diarrhea, chills and decreased appetite. This has lasted about a week.",noninfectious gastroenteritis,Febrile/Systemic
"My main problems are skin dryness, peeling, scaliness, or roughness, skin irritation, skin lesion, symptoms of the face and skin growth. It began this morning.",actinic keratosis,Dermatological
"I've been experiencing arm pain, skin growth and joint pain and I'm worried. This has lasted about a week.",injury to the arm,Musculoskeletal/Other
"Chief complaint: frequent menstruation, painful menstruation, intermenstrual bleeding, sharp abdominal pain, lower abdominal pain and cramps and spasms. It began this morning.",idiopathic irregular menstrual cycle,Musculoskeletal/Other
"I've been experiencing hostile behavior, temper problems, hysterical behavior, anxiety and nervousness, insomnia, low self-esteem and depressive or psychotic symptoms and I'm worried. It started two days ago.",schizophrenia,Musculoskeletal/Other
"The symptoms are coryza, shortness of breath, difficulty breathing, fever, nasal congestion and vomiting.",acute bronchospasm,Respiratory
"I came in because of hoarse voice, coryza, difficulty speaking, throat feels tight, cough, difficulty in swallowing and nasal congestion. It comes and goes.",laryngitis,Respiratory
"Patient reports wrist pain, foot or toe swelling, loss of sensation, ankle swelling, hand or finger swelling, knee pain and knee swelling. This has lasted about a week.",gout,Musculoskeletal/Other
"I have feeling ill, shortness of breath, cough and chills. It comes and goes.",sepsis,Febrile/Systemic
"Complaining of ear pain, facial pain, coryza, painful sinuses, sinus congestion, coughing up sputum, sore throat and frontal headache.",acute sinusitis,Respiratory
"Patient reports irregular appearing scalp, itching of skin, symptoms of the face, abnormal appearing skin, skin dryness, peeling, scaliness, or roughness, skin moles, skin growth and skin rash. It began this morning.",actinic keratosis,Dermatological
"I feel unwell, with problems with movement, ankle swelling and foot or toe pain. This has lasted about a week.",plantar fasciitis,Musculoskeletal/Other
"I have heartburn, cough, shortness of breath, chest tightness, sharp abdominal pain, sore throat, burning abdominal pain and vomiting. It started two days ago.",esophagitis,Gastrointestinal
"Lately I keep having lacrimation, eye redness, foreign body sensation in eye, double vision and pain in eye.",corneal disorder,Musculoskeletal/Other
"I've been experiencing side pain, chills, vomiting, upper abdominal pain, nausea, burning abdominal pain and sharp abdominal pain and I'm worried. It got worse overnight.",diverticulitis,Gastrointestinal
"I've been experiencing difficulty breathing, cough, fever, lower abdominal pain, coughing up sputum, nasal congestion, sharp chest pain, allergic reaction and coryza and I'm worried. It began this morning.",asthma,Respiratory
"I came in because of difficulty in swallowing, shortness of breath, heartburn, nausea, sore throat, chest tightness, upper abdominal pain and cough.",esophagitis,Gastrointestinal
"Complaining of sleepiness, shortness of breath, nasal congestion, headache, wheezing and fever. It started two days ago.",interstitial lung disease,Respiratory
"Lately I keep having burning abdominal pain, upper abdominal pain, sharp chest pain, diarrhea, back pain, sharp abdominal pain and vomiting. It started two days ago.",acute pancreatitis,Gastrointestinal
"My main problems are warts, skin growth, skin swelling, skin lesion, abnormal appearing skin and itching of skin. It comes and goes.",seborrheic keratosis,Dermatological
"I've been experiencing skin rash, sore throat, nasal congestion and swollen lymph nodes and I'm worried. It got worse overnight.",mononucleosis,Febrile/Systemic
"I have lacrimation, symptoms of eye, lip swelling, eye redness, spots or clouds in vision, itchiness of eye and eye burns or stings. It started two days ago.",cornea infection,Musculoskeletal/Other
The symptoms are skin growth and skin lesion.,viral warts,Dermatological
"I've been experiencing nausea, blood in stool, fever, sharp abdominal pain, rectal bleeding and diarrhea and I'm worried. It began this morning.",noninfectious gastroenteritis,Febrile/Systemic
"For the past few days I've had vomiting, shortness of breath, chills and suprapubic pain. This has lasted about a week.",sepsis,Febrile/Systemic
"Lately I keep having vomiting, chills, headache, nausea, fever, fluid retention and diarrhea.",infectious gastroenteritis,Febrile/Systemic
I came in because of sharp chest pain and depression. It started two days ago.,drug abuse (cocaine),Musculoskeletal/Other
"I feel unwell, with sharp abdominal pain, vomiting, decreased appetite and upper abdominal pain. It got worse overnight.",appendicitis,Gastrointestinal
"I came in because of allergic reaction, skin lesion, abnormal appearing skin, irregular appearing scalp, skin dryness, peeling, scaliness, or roughness and skin rash. This has lasted about a week.",eczema,Dermatological
"For the past few days I've had hoarse voice, cough, burning abdominal pain, regurgitation, regurgitation.1 and sharp abdominal pain. It began this morning.",gastroesophageal reflux disease (gerd),Gastrointestinal
"I've been experiencing headache, nausea, problems during pregnancy, cramps and spasms, pain during pregnancy, pelvic pain and lower abdominal pain and I'm worried.",problem during pregnancy,Musculoskeletal/Other
"I've been experiencing warts, skin irritation, irregular appearing scalp, skin moles, abnormal appearing skin, spotting or bleeding during pregnancy, skin rash and itching of skin and I'm worried. This has lasted about a week.",seborrheic keratosis,Dermatological
"Chief complaint: foot or toe pain, abnormal appearing skin, skin rash, hand or finger swelling, hand or finger pain and peripheral edema. This has lasted about a week.",pyogenic skin infection,Dermatological
"I have leg pain, foot or toe pain, hand or finger swelling, leg swelling, skin swelling and peripheral edema. This has lasted about a week.",pyogenic skin infection,Dermatological
"Patient reports rectal bleeding, pain of the anus, retention of urine, lower abdominal pain and sharp abdominal pain. It started two days ago.",chronic constipation,Gastrointestinal
"Patient reports skin lesion, abnormal appearing skin, irregular appearing scalp, skin rash, cough and skin swelling. It comes and goes.",eczema,Dermatological
"I've been experiencing skin swelling, skin rash, skin growth, acne or pimples, skin irritation, itchy scalp, abnormal appearing skin and skin lesion and I'm worried. It began this morning.",fungal infection of the hair,Dermatological
"I've been experiencing swollen abdomen, groin pain and groin mass and I'm worried. It comes and goes.",inguinal hernia,Gastrointestinal
"For the past few days I've had shortness of breath, sharp chest pain, sore throat, wheezing and weakness. This has lasted about a week.",pneumonia,Respiratory
"Complaining of headache, cough, sharp chest pain, coughing up sputum, sore throat, wheezing, nasal congestion and congestion in chest.",acute bronchitis,Respiratory
"I feel unwell, with chills, diarrhea, sharp abdominal pain, rectal bleeding, fluid retention, headache, weakness and decreased appetite.",noninfectious gastroenteritis,Febrile/Systemic
"My main problems are sharp abdominal pain, nausea, fainting, dizziness, vomiting, blood in stool and melena. It comes and goes.",gastrointestinal hemorrhage,Gastrointestinal
"I've been experiencing depressive or psychotic symptoms, abnormal involuntary movements, anxiety and nervousness, vomiting and abusing alcohol and I'm worried. It comes and goes.",alcohol intoxication,Musculoskeletal/Other
"For the past few days I've had difficulty breathing, wheezing, vomiting, shortness of breath, fever, weakness, coryza and nasal congestion.",pneumonia,Respiratory
"The symptoms are sharp chest pain, insomnia, shortness of breath and depressive or psychotic symptoms. It began this morning.",malignant hypertension,Musculoskeletal/Other
"Chief complaint: burning abdominal pain, upper abdominal pain, hemoptysis, side pain, abusing alcohol and lower body pain. It began this morning.",acute pancreatitis,Gastrointestinal
"I feel unwell, with itching of skin, skin rash, skin swelling, irregular appearing scalp, itchy scalp, abnormal appearing skin, acne or pimples and hip pain. This has lasted about a week.",fungal infection of the skin,Dermatological
"My main problems are hoarse voice, cough, fever, difficulty speaking, sore throat, nasal congestion, coryza and difficulty in swallowing. It began this morning.",laryngitis,Respiratory
"I have leg pain, difficulty breathing, shortness of breath, sweating, hemoptysis and weakness.",pulmonary embolism,Respiratory
"Patient reports sharp chest pain, nausea, regurgitation.1, heartburn, back pain, difficulty in swallowing, regurgitation and sharp abdominal pain. It began this morning.",hiatal hernia,Gastrointestinal
"My main problems are itchy scalp, skin growth, skin rash, skin lesion, abnormal appearing skin, itching of skin and knee swelling.",fungal infection of the hair,Dermatological
"I have sharp chest pain, nausea, burning abdominal pain, heartburn and back pain.",hiatal hernia,Gastrointestinal
"Complaining of pelvic pain, acne or pimples, abnormal appearing skin, itching of skin, skin lesion and skin irritation. It comes and goes.",fungal infection of the hair,Dermatological
"Chief complaint: difficulty in swallowing, abnormal breathing sounds, insomnia, mouth dryness, abnormal involuntary movements and upper abdominal pain. It got worse overnight.",obstructive sleep apnea (osa),Respiratory
"Since yesterday I've noticed skin growth, skin moles, skin dryness, peeling, scaliness, or roughness, skin lesion, symptoms of the face and skin swelling.",actinic keratosis,Dermatological
"Since yesterday I've noticed ear pain, cough, sinus congestion, facial pain and painful sinuses. It got worse overnight.",chronic sinusitis,Respiratory
"My main problems are skin swelling, skin dryness, peeling, scaliness, or roughness, irregular appearing scalp, skin moles, itching of skin and itchy scalp. This has lasted about a week.",fungal infection of the skin,Dermatological
"Since yesterday I've noticed chest tightness, upper abdominal pain, cough, sore throat, sharp chest pain, nausea and heartburn. It began this morning.",esophagitis,Gastrointestinal
"The symptoms are abnormal appearing skin, skin swelling, allergic reaction, skin dryness, peeling, scaliness, or roughness and acne or pimples. It comes and goes.",contact dermatitis,Dermatological
"I feel unwell, with cramps and spasms, diarrhea, sharp abdominal pain, pain of the anus, constipation, itching of the anus and melena.",rectal disorder,Gastrointestinal
"I've been experiencing decreased appetite, feeling ill, chills, cough, sharp abdominal pain and weakness and I'm worried.",sepsis,Febrile/Systemic
"Patient reports nasal congestion, wheezing, flu-like syndrome, coryza, cough and vomiting.",common cold,Respiratory
"I've been experiencing itching of the anus, heartburn, melena, constipation, diarrhea, pain of the anus and rectal bleeding and I'm worried. It got worse overnight.",rectal disorder,Gastrointestinal
"My main problems are sharp abdominal pain, fever, nausea and diarrhea.",diverticulitis,Gastrointestinal
"Chief complaint: arm pain, elbow swelling, arm stiffness or tightness, shoulder pain, elbow pain, shoulder stiffness or tightness and hip pain. This has lasted about a week.",bursitis,Musculoskeletal/Other
"I have warts, lip swelling, acne or pimples, skin lesion and skin swelling. It comes and goes.",viral warts,Dermatological
"I feel unwell, with groin mass, shortness of breath and intermenstrual bleeding. It began this morning.",peritonitis,Musculoskeletal/Other
"I've been experiencing chest tightness, cough, allergic reaction, shortness of breath, sharp chest pain, coughing up sputum, difficulty breathing and fever and I'm worried. It started two days ago.",asthma,Respiratory
"I feel unwell, with depressive or psychotic symptoms, excessive anger, temper problems and hostile behavior. This has lasted about a week.",marijuana abuse,Musculoskeletal/Other
"I feel unwell, with flatulence, nasal congestion, allergic reaction and cough.",intestinal malabsorption,Gastrointestinal
"I feel unwell, with sharp abdominal pain, peripheral edema, shortness of breath, nausea, blood in stool, diarrhea and upper abdominal pain. It began this morning.",liver disease,Gastrointestinal
"Patient reports diarrhea, nausea, fever, flu-like syndrome, sharp abdominal pain, headache, vomiting and chills. This has lasted about a week.",infectious gastroenteritis,Febrile/Systemic
"I've been experiencing symptoms of eye, skin lesion, skin moles, skin swelling, lymphedema, itching of skin, skin growth, excessive urination at night and abnormal appearing skin and I'm worried. It started two days ago.",rosacea,Dermatological
"I have hoarse voice, fluid in ear, difficulty speaking, low self-esteem, ear pain and plugged feeling in ear. This has lasted about a week.",conductive hearing loss,Musculoskeletal/Other
"The symptoms are irregular appearing nails, lip swelling, skin growth, irregular appearing scalp, abnormal appearing skin and skin lesion.",hemangioma,Musculoskeletal/Other
"Chief complaint: abnormal appearing skin, irregular appearing scalp, skin rash, skin lesion, itching of skin and skin swelling. It began this morning.",skin pigmentation disorder,Dermatological
"Since yesterday I've noticed skin moles, swollen eye, skin swelling, skin lesion, skin irritation and abnormal appearing skin. It got worse overnight.",contact dermatitis,Dermatological
"The symptoms are skin dryness, peeling, scaliness, or roughness, skin irritation, skin rash, skin swelling and skin lesion. It started two days ago.",actinic keratosis,Dermatological
"Complaining of fever, headache, neck stiffness or tightness and ache all over.",meningitis,Febrile/Systemic
"I've been experiencing coryza, allergic reaction, fever, wheezing, nasal congestion and coughing up sputum and I'm worried. It got worse overnight.",asthma,Respiratory
"The symptoms are ache all over, stiffness all over, knee pain, low back pain and elbow pain. It began this morning.",ankylosing spondylitis,Musculoskeletal/Other
"Lately I keep having pain in gums, gum pain, toothache, mouth pain, ear pain and skin irritation.",dental caries,Musculoskeletal/Other
"I've been experiencing fatigue, difficulty in swallowing, sleepiness, abnormal breathing sounds, abnormal involuntary movements and apnea and I'm worried. It comes and goes.",obstructive sleep apnea (osa),Respiratory
"Patient reports vomiting, decreased appetite, shortness of breath, pulling at ears, hurts to breath, nasal congestion, difficulty breathing and abnormal appearing skin.",acute bronchiolitis,Respiratory
"For the past few days I've had headache, burning abdominal pain, sharp abdominal pain, nausea and fever. It got worse overnight.",infectious gastroenteritis,Febrile/Systemic
"Complaining of skin swelling, skin lesion, irregular appearing scalp, abnormal appearing skin and warts. It comes and goes.",seborrheic keratosis,Dermatological
"My main problems are fever, coryza, decreased appetite, nasal congestion and hurts to breath. It got worse overnight.",acute bronchiolitis,Respiratory
"The symptoms are nausea, rectal bleeding, vomiting, heartburn and upper abdominal pain.",diverticulosis,Gastrointestinal
"I have irregular appearing scalp, itching of skin, dry or flaky scalp, acne or pimples, skin lesion, skin rash and too little hair. This has lasted about a week.",seborrheic dermatitis,Dermatological
"For the past few days I've had fever, blood in stool, fluid retention, rectal bleeding, chills, headache and sharp abdominal pain.",noninfectious gastroenteritis,Febrile/Systemic
"I've been experiencing weakness, suprapubic pain, feeling ill, difficulty breathing, shortness of breath, fever, sharp abdominal pain and chills and I'm worried.",sepsis,Febrile/Systemic
"I feel unwell, with painful urination, pelvic pain, side pain, cramps and spasms, vaginal discharge, pain during pregnancy, back pain and vaginal pain. It got worse overnight.",vulvodynia,Musculoskeletal/Other
"Chief complaint: shortness of breath, increased heart rate, sharp chest pain, chest tightness and palpitations. It began this morning.",chronic rheumatic fever,Febrile/Systemic
"I've been experiencing nausea, low back pain, blood in stool, chills, flu-like syndrome and sharp abdominal pain and I'm worried.",infectious gastroenteritis,Febrile/Systemic
"Complaining of vaginal pain, vaginal discharge, sharp abdominal pain, burning abdominal pain, nausea, lower abdominal pain, pain during pregnancy and pelvic pain.",vulvodynia,Musculoskeletal/Other
The symptoms are cough and diaper rash.,balanitis,Musculoskeletal/Other
"My main problems are constipation, burning abdominal pain, sharp abdominal pain, side pain, lower abdominal pain, fever and nausea. It began this morning.",diverticulitis,Gastrointestinal
"I've been experiencing coryza, shortness of breath, fever, hurts to breath, pulling at ears, cough, wheezing and decreased appetite and I'm worried.",acute bronchiolitis,Respiratory
"Patient reports pulling at ears, wheezing, coryza and nasal congestion.",croup,Respiratory
"I came in because of skin swelling, pelvic pain, itching of skin, itchy scalp, skin dryness, peeling, scaliness, or roughness, skin lesion and acne or pimples. It began this morning.",fungal infection of the skin,Dermatological
"For the past few days I've had knee swelling, ankle swelling, wrist swelling, hand or finger swelling, foot or toe pain, knee pain and ankle pain. It began this morning.",gout,Musculoskeletal/Other
"For the past few days I've had vomiting, upper abdominal pain, blood in stool and changes in stool appearance. It comes and goes.",gastroduodenal ulcer,Gastrointestinal
"The symptoms are sweating, mouth dryness, difficulty breathing, shortness of breath and weight gain. It comes and goes.",obstructive sleep apnea (osa),Respiratory
"I have difficulty in swallowing, upper abdominal pain, sore throat and burning abdominal pain. It started two days ago.",esophagitis,Gastrointestinal
"The symptoms are pain in eye, double vision, symptoms of eye, spots or clouds in vision and blindness.",retinal detachment,Musculoskeletal/Other
"Chief complaint: heartburn, sharp chest pain and upper abdominal pain. It started two days ago.",gallstone,Gastrointestinal
"Patient reports upper abdominal pain, hemoptysis, nausea, lower body pain and abusing alcohol. It comes and goes.",acute pancreatitis,Gastrointestinal
"Since yesterday I've noticed skin swelling, acne or pimples and allergic reaction. It got worse overnight.",contact dermatitis,Dermatological
"Since yesterday I've noticed rectal bleeding, diarrhea, chills, nausea, headache and sharp abdominal pain. It began this morning.",noninfectious gastroenteritis,Febrile/Systemic
"Complaining of decreased appetite, difficulty breathing, suprapubic pain, shortness of breath, fever, vomiting and chills. It began this morning.",sepsis,Febrile/Systemic
"I came in because of hoarse voice, cough, painful sinuses, facial pain, nasal congestion and headache. It comes and goes.",nasal polyp,Respiratory
"The symptoms are shortness of breath, rib pain, sharp abdominal pain and sharp chest pain. It got worse overnight.",pleural effusion,Respiratory
"The symptoms are fever, ache all over, chills, coryza, diarrhea, nausea and cough. It started two days ago.",flu,Respiratory
"Since yesterday I've noticed sleepiness, fatigue, shortness of breath, difficulty in swallowing, insomnia, sweating and abnormal involuntary movements.",obstructive sleep apnea (osa),Respiratory
"The symptoms are cough, feeling ill, swollen lymph nodes and sore throat. It started two days ago.",mononucleosis,Febrile/Systemic
"I have nasal congestion, sharp chest pain, dizziness, fever and shortness of breath. It comes and goes.",pulmonary eosinophilia,Respiratory
"Lately I keep having decreased appetite, flu-like syndrome, burning abdominal pain, diarrhea, nausea, headache and fever. This has lasted about a week.",infectious gastroenteritis,Febrile/Systemic
"For the past few days I've had regurgitation.1, regurgitation, upper abdominal pain, symptoms of the scrotum and testes and sharp abdominal pain.",abdominal hernia,Gastrointestinal
"I've been experiencing skin moles, skin rash, skin swelling, itching of skin, skin growth and irregular appearing scalp and I'm worried.",psoriasis,Dermatological
"I have feeling ill, skin swelling, palpitations, apnea, cough and difficulty breathing.",pulmonary hypertension,Respiratory
"Chief complaint: sharp chest pain, abusing alcohol, upper abdominal pain, sharp abdominal pain and back pain.",acute pancreatitis,Gastrointestinal
"Complaining of low back pain, headache, wrist pain, neck pain, back pain, sharp chest pain and shoulder pain.",injury to the trunk,Musculoskeletal/Other
"I came in because of skin growth, lymphedema, skin swelling, abnormal appearing skin, skin moles, skin lesion and skin dryness, peeling, scaliness, or roughness.",rosacea,Dermatological
"Chief complaint: upper abdominal pain, sharp abdominal pain, side pain, shortness of breath, unusual color or odor to urine and blood in stool. This has lasted about a week.",liver disease,Gastrointestinal
"I've been experiencing sharp abdominal pain, vomiting, fever, burning abdominal pain, diarrhea, fluid retention and nausea and I'm worried.",noninfectious gastroenteritis,Febrile/Systemic
"Chief complaint: fever, vomiting, nausea, burning abdominal pain, rectal bleeding, fluid retention and blood in stool. This has lasted about a week.",noninfectious gastroenteritis,Febrile/Systemic
"My main problems are skin dryness, peeling, scaliness, or roughness, skin swelling, pelvic pain, skin irritation, itching of skin, skin lesion, irregular appearing scalp and skin growth. It comes and goes.",fungal infection of the hair,Dermatological
"For the past few days I've had diarrhea, headache, fluid retention, chills, flu-like syndrome, burning abdominal pain, vomiting and nausea. It got worse overnight.",infectious gastroenteritis,Febrile/Systemic
"I came in because of fluid retention, vomiting, blood in stool and sharp abdominal pain. It started two days ago.",noninfectious gastroenteritis,Febrile/Systemic
"For the past few days I've had diarrhea, heartburn, vomiting, burning abdominal pain, difficulty in swallowing and nausea.",stomach cancer,Gastrointestinal
"The symptoms are chills, blood in stool and diarrhea. It got worse overnight.",noninfectious gastroenteritis,Febrile/Systemic
"Patient reports lower abdominal pain, pain during pregnancy, burning abdominal pain, pelvic pain, sharp abdominal pain, painful urination and hip pain. It began this morning.",vulvodynia,Musculoskeletal/Other
"Chief complaint: pain in eye, cough, fever and white discharge from eye.",conjunctivitis,Musculoskeletal/Other
"Chief complaint: allergic reaction, vomiting, sharp abdominal pain, nasal congestion and flatulence. This has lasted about a week.",intestinal malabsorption,Gastrointestinal
"Lately I keep having dry or flaky scalp, skin dryness, peeling, scaliness, or roughness, symptoms of the face, skin rash and acne or pimples. It comes and goes.",seborrheic dermatitis,Dermatological
"My main problems are abnormal appearing skin, skin growth, skin rash, symptoms of the face, skin lesion, itching of skin, skin irritation and skin moles. It began this morning.",actinic keratosis,Dermatological
"My main problems are skin swelling, skin growth, skin on leg or foot looks infected, abnormal appearing skin and skin dryness, peeling, scaliness, or roughness. It comes and goes.",onychomycosis,Musculoskeletal/Other
"Chief complaint: hemoptysis, lower body pain, abusing alcohol, sharp chest pain and burning abdominal pain. It started two days ago.",acute pancreatitis,Gastrointestinal
"Since yesterday I've noticed melena, blood in stool, rectal bleeding and upper abdominal pain.",diverticulosis,Gastrointestinal
"Chief complaint: sharp abdominal pain, rectal bleeding, vomiting, headache, nausea, diarrhea and burning abdominal pain. It began this morning.",noninfectious gastroenteritis,Febrile/Systemic
"I've been experiencing feeling ill, fever, cough, chills, sharp abdominal pain, vomiting, mouth pain, shortness of breath and difficulty breathing and I'm worried. It got worse overnight.",sepsis,Febrile/Systemic
"I've been experiencing chills, sharp abdominal pain, upper abdominal pain, constipation and burning abdominal pain and I'm worried. It began this morning.",diverticulitis,Gastrointestinal
"My main problems are joint pain, leg pain, knee weakness, hip pain, knee pain and back pain. It got worse overnight.",osteoarthritis,Musculoskeletal/Other
"I've been experiencing headache, itchiness of eye, sore throat, coryza, frontal headache, ear pain, lacrimation and sneezing and I'm worried. It began this morning.",seasonal allergies (hay fever),Febrile/Systemic
"Chief complaint: dizziness, focal weakness, breathing fast, irregular heartbeat, palpitations, depression, insomnia, shortness of breath and anxiety and nervousness.",panic disorder,Musculoskeletal/Other
"Since yesterday I've noticed sharp abdominal pain, vomiting, feeling ill, fever, suprapubic pain, difficulty breathing and decreased appetite.",sepsis,Febrile/Systemic
"Complaining of sharp chest pain, shortness of breath, leg pain, weakness, side pain and cough. It began this morning.",pulmonary embolism,Respiratory
"I came in because of sore throat, lump in throat and nasal congestion.",tonsillitis,Respiratory
"Lately I keep having frontal headache, coryza, allergic reaction and cough.",seasonal allergies (hay fever),Febrile/Systemic
"I have rectal bleeding, melena, vomiting and blood in stool.",gastrointestinal hemorrhage,Gastrointestinal
"Complaining of headache, fever, burning abdominal pain, decreased appetite, rectal bleeding, nausea and vomiting. It got worse overnight.",noninfectious gastroenteritis,Febrile/Systemic
"I have sore throat, chest tightness, wheezing, vomiting, cough and fever.",acute bronchospasm,Respiratory
"I've been experiencing vomiting blood, sharp abdominal pain, heartburn and dizziness and I'm worried. This has lasted about a week.",hiatal hernia,Gastrointestinal
"Chief complaint: allergic reaction, coryza, nasal congestion, frontal headache, ear pain and lacrimation. It comes and goes.",seasonal allergies (hay fever),Febrile/Systemic
"My main problems are diarrhea, vomiting, fluid retention, chills, fever and flu-like syndrome. This has lasted about a week.",infectious gastroenteritis,Febrile/Systemic
"I've been experiencing coryza, fever, shortness of breath, allergic reaction, cough and nasal congestion and I'm worried. This has lasted about a week.",asthma,Respiratory
"Since yesterday I've noticed fluid in ear, skin rash, sinus congestion, plugged feeling in ear, ear pain and nasal congestion. It began this morning.",ear wax impaction,Musculoskeletal/Other
"I feel unwell, with knee stiffness or tightness, neck stiffness or tightness, diminished hearing, neck pain, headache and nosebleed. It comes and goes.",injury to the face,Musculoskeletal/Other
"Since yesterday I've noticed nasal congestion, fever, sore throat, ear pain, cough and throat feels tight. It began this morning.",laryngitis,Respiratory
"I've been experiencing sharp abdominal pain, decreased appetite, nausea, diarrhea, fluid retention and burning abdominal pain and I'm worried.",noninfectious gastroenteritis,Febrile/Systemic
"I feel unwell, with burning abdominal pain, chills, blood in stool, decreased appetite, headache, nausea and vomiting.",infectious gastroenteritis,Febrile/Systemic
"My main problems are fainting, regurgitation.1, sharp chest pain, vomiting and regurgitation. It started two days ago.",intestinal disease,Gastrointestinal
"I've been experiencing skin swelling, lack of growth, skin rash, skin lesion and irregular appearing scalp and I'm worried. It began this morning.",dermatitis due to sun exposure,Dermatological
"I've been experiencing warts, lip swelling, skin growth, skin irritation, skin moles, irregular appearing scalp, skin lesion and abnormal appearing skin and I'm worried. It began this morning.",skin cancer,Dermatological
"I've been experiencing decreased appetite, nasal congestion, coryza, wheezing, hurts to breath, difficulty breathing, shortness of breath and vomiting and I'm worried. It comes and goes.",acute bronchiolitis,Respiratory
"My main problems are sharp chest pain, pelvic pain, coughing up sputum, congestion in chest, sore throat, cough and nasal congestion. It started two days ago.",chronic obstructive pulmonary disease (copd),Respiratory
"The symptoms are headache, fever, sharp abdominal pain, regurgitation.1 and diarrhea. It got worse overnight.",gastritis,Gastrointestinal
"Patient reports skin growth, skin moles, lip swelling, abnormal appearing skin and warts.",viral warts,Dermatological
"The symptoms are fever, wheezing, headache, sore throat and nasal congestion.",interstitial lung disease,Respiratory
"I have lower body pain, back cramps or spasms, side pain, back stiffness or tightness and back pain.",chronic back pain,Musculoskeletal/Other
"The symptoms are back mass or lump, irregular appearing scalp, acne or pimples, neck mass, skin moles and skin swelling. This has lasted about a week.",sebaceous cyst,Musculoskeletal/Other
"Patient reports vomiting blood, nausea, dizziness and vomiting. This has lasted about a week.",gastrointestinal hemorrhage,Gastrointestinal
"Chief complaint: melena, stomach bloating and hand or finger stiffness or tightness. It started two days ago.",viral hepatitis,Gastrointestinal
"Complaining of knee swelling, knee pain, leg pain, leg stiffness or tightness, problems with movement, ankle pain, knee weakness and ankle swelling. It comes and goes.",fracture of the leg,Musculoskeletal/Other
"I have skin irritation, skin growth, pelvic pain, irregular appearing scalp and itchy scalp. This has lasted about a week.",fungal infection of the hair,Dermatological
"Chief complaint: frequent urination, retention of urine, swelling of scrotum and pain in testicles. This has lasted about a week.",benign prostatic hyperplasia (bph),Musculoskeletal/Other
"I have mouth ulcer, constipation, skin rash, cough, irritable infant, nasal congestion, tongue lesions and mouth pain.",oral thrush (yeast infection),Musculoskeletal/Other
"Since yesterday I've noticed shortness of breath, nasal congestion, decreased appetite, wheezing, fever and irritable infant. It comes and goes.",acute bronchiolitis,Respiratory
"I've been experiencing knee swelling, knee pain, wrist swelling, wrist lump or mass, hand or finger pain and leg pain and I'm worried.",ganglion cyst,Musculoskeletal/Other
"The symptoms are skin growth, skin moles, warts, acne or pimples, itching of skin and skin irritation. It started two days ago.",seborrheic keratosis,Dermatological
"I've been experiencing sharp chest pain, hemoptysis, coughing up sputum, abusing alcohol, headache, smoking problems, hurts to breath and cough and I'm worried. This has lasted about a week.",smoking or tobacco addiction,Musculoskeletal/Other
"I have decreased appetite, fluid retention and fever. This has lasted about a week.",infectious gastroenteritis,Febrile/Systemic
"I've been experiencing mouth pain, pain in gums, toothache, facial pain, gum pain, skin swelling, neck swelling and lip swelling and I'm worried. It got worse overnight.",tooth abscess,Dermatological
"Patient reports diarrhea, vomiting, lower abdominal pain, upper abdominal pain, rectal bleeding, melena, blood in stool and heartburn.",diverticulosis,Gastrointestinal
"I have blood in stool, fever, fluid retention, nausea, vomiting, burning abdominal pain and headache. This has lasted about a week.",infectious gastroenteritis,Febrile/Systemic
"My main problems are fluid retention, fever, decreased appetite, burning abdominal pain, nausea and chills. It got worse overnight.",noninfectious gastroenteritis,Febrile/Systemic
"Since yesterday I've noticed abnormal appearing skin, skin growth and throat swelling.",cellulitis or abscess of mouth,Dermatological
"I have problems with movement, vomiting, anxiety and nervousness, depressive or psychotic symptoms and sharp chest pain.",alcohol intoxication,Musculoskeletal/Other
"I feel unwell, with knee pain, knee swelling, fever and hip pain.",septic arthritis,Febrile/Systemic
"Complaining of eye deviation, eye moves abnormally, lack of growth and symptoms of eye. It got worse overnight.",eye alignment disorder,Musculoskeletal/Other
"I feel unwell, with burning abdominal pain, chills, nausea, blood in stool, fluid retention, diarrhea, sharp abdominal pain and headache.",noninfectious gastroenteritis,Febrile/Systemic
"My main problems are regurgitation.1, sharp abdominal pain, back pain, symptoms of the kidneys, burning abdominal pain, sharp chest pain and stomach bloating. It began this morning.",cholecystitis,Gastrointestinal
"Complaining of fever, abnormal breathing sounds and cough.",croup,Respiratory
"My main problems are blood in stool, intermenstrual bleeding, cramps and spasms, problems during pregnancy, spotting or bleeding during pregnancy, sharp abdominal pain, blood clots during menstrual periods and lower abdominal pain. It got worse overnight.",missed abortion,Musculoskeletal/Other
"I have abnormal appearing skin, skin moles, itching of skin, skin swelling and symptoms of the face. It comes and goes.",actinic keratosis,Dermatological
"I came in because of diarrhea, vomiting, decreased appetite, flu-like syndrome, fluid retention, fever, blood in stool and chills.",infectious gastroenteritis,Febrile/Systemic
"I have skin rash, symptoms of the face, too little hair, skin growth, irregular appearing scalp, ringing in ear, abnormal appearing skin and skin lesion.",seborrheic dermatitis,Dermatological
"Lately I keep having chills, headache, fluid retention, rectal bleeding, nausea and fever.",noninfectious gastroenteritis,Febrile/Systemic
"My main problems are vomiting, decreased appetite, chills, sharp abdominal pain and emotional symptoms. It comes and goes.",infectious gastroenteritis,Febrile/Systemic
"The symptoms are flu-like syndrome, sharp abdominal pain, decreased appetite, chills, fever and vomiting. This has lasted about a week.",infectious gastroenteritis,Febrile/Systemic
"Chief complaint: insomnia, dizziness and headache. It got worse overnight.",encephalitis,Febrile/Systemic
"Complaining of arm swelling, knee swelling, shoulder pain, elbow pain, arm stiffness or tightness, arm pain and shoulder stiffness or tightness. It started two days ago.",bursitis,Musculoskeletal/Other
"Chief complaint: vomiting, chills, blood in stool, decreased appetite, burning abdominal pain and diarrhea.",infectious gastroenteritis,Febrile/Systemic
"I've been experiencing wheezing, difficulty breathing, nasal congestion, shortness of breath, sore throat and coryza and I'm worried. It started two days ago.",acute bronchospasm,Respiratory
"Complaining of facial pain, frontal headache, sinus congestion, nasal congestion, sore throat and coughing up sputum.",acute sinusitis,Respiratory
"I've been experiencing vomiting, chills, difficulty breathing, suprapubic pain, feeling ill, sharp abdominal pain, shortness of breath and weakness and I'm worried. It started two days ago.",sepsis,Febrile/Systemic
"I've been experiencing fever, diarrhea and nausea and I'm worried. It got worse overnight.",gastritis,Gastrointestinal
"Complaining of cough, chest tightness, sharp abdominal pain, shortness of breath, chills and difficulty breathing. This has lasted about a week.",acute respiratory distress syndrome (ards),Respiratory
"I came in because of fever, cough, decreased heart rate and shortness of breath.",pulmonary congestion,Respiratory
"Complaining of wheezing, vomiting, decreased appetite and coryza.",acute bronchiolitis,Respiratory
"I feel unwell, with allergic reaction, sore throat, nasal congestion and coryza. It started two days ago.",seasonal allergies (hay fever),Febrile/Systemic
"I feel unwell, with arm weakness, shoulder pain, hip pain, low back pain and loss of sensation. It started two days ago.",herniated disk,Gastrointestinal
"For the past few days I've had allergic reaction, difficulty breathing, cough, chest tightness and coughing up sputum. It comes and goes.",asthma,Respiratory
"My main problems are fatigue, skin growth, skin dryness, peeling, scaliness, or roughness, skin lesion, too little hair, irregular appearing scalp, acne or pimples, itching of skin and skin rash.",seborrheic dermatitis,Dermatological
"Chief complaint: burning abdominal pain, sharp abdominal pain, difficulty in swallowing, regurgitation, regurgitation.1 and back pain. It started two days ago.",hiatal hernia,Gastrointestinal
"I came in because of diminished vision, cough, white discharge from eye, eye redness, itchiness of eye and nasal congestion.",conjunctivitis due to virus,Musculoskeletal/Other
"I feel unwell, with sharp abdominal pain, headache, decreased appetite and fluid retention.",infectious gastroenteritis,Febrile/Systemic
"The symptoms are burning abdominal pain, diarrhea, fluid retention, fever, chills, blood in stool, headache and rectal bleeding. It began this morning.",noninfectious gastroenteritis,Febrile/Systemic
"I came in because of sharp chest pain, headache, arm pain, ache all over, neck pain, back pain and hip pain.",fibromyalgia,Musculoskeletal/Other
"I feel unwell, with cough, feeling ill, shortness of breath, fever, weakness, difficulty breathing and chills.",sepsis,Febrile/Systemic
"I've been experiencing headache, nausea, chills and fluid retention and I'm worried.",infectious gastroenteritis,Febrile/Systemic
"Complaining of shoulder pain, paresthesia, lower body pain, neck pain, hip pain and knee pain.",spondylosis,Musculoskeletal/Other
"Lately I keep having hand or finger pain, skin swelling, skin lesion, foot or toe pain, peripheral edema and leg swelling. This has lasted about a week.",pyogenic skin infection,Dermatological
"For the past few days I've had back mass or lump, stiffness all over and hip pain.",spondylitis,Musculoskeletal/Other
"Since yesterday I've noticed fever, diarrhea, decreased appetite, nausea, sharp abdominal pain and headache.",infectious gastroenteritis,Febrile/Systemic
"I came in because of apnea, rib pain, sleepiness, weight gain, difficulty in swallowing and abnormal involuntary movements. It started two days ago.",obstructive sleep apnea (osa),Respiratory
"Since yesterday I've noticed sharp abdominal pain, side pain, symptoms of the kidneys, nausea, vomiting, burning abdominal pain, stomach bloating and sharp chest pain. It comes and goes.",cholecystitis,Gastrointestinal
"I came in because of burning abdominal pain, nausea, diarrhea, constipation and lower abdominal pain. It comes and goes.",ileus,Gastrointestinal
"Complaining of skin lesion, itching of skin, skin swelling, irregular appearing scalp, skin rash, itchy scalp, skin growth and skin moles. It comes and goes.",psoriasis,Dermatological
"I feel unwell, with problems with movement, hip pain, low back pain, lower body pain, shoulder pain, headache, loss of sensation and paresthesia. It comes and goes.",spinal stenosis,Musculoskeletal/Other
"Patient reports sharp abdominal pain, burning abdominal pain, rectal bleeding, coughing up sputum, vomiting, constipation, nausea and lower abdominal pain. It comes and goes.",chronic constipation,Gastrointestinal
"I feel unwell, with side pain, fever, chills, lower abdominal pain, constipation, burning abdominal pain, vomiting and sharp abdominal pain.",diverticulitis,Gastrointestinal
"My main problems are blood in stool, sharp abdominal pain, pain of the anus, mass or swelling around the anus and heartburn. It comes and goes.",hemorrhoids,Gastrointestinal
"I came in because of allergic reaction, headache, facial pain, nasal congestion, painful sinuses and abnormal breathing sounds. It began this morning.",deviated nasal septum,Respiratory
"My main problems are headache, difficulty breathing, congestion in chest, coughing up sputum, foot or toe pain, cough and coryza.",acute bronchitis,Respiratory
"Since yesterday I've noticed fainting, weakness, feeling ill, abnormal involuntary movements and irregular heartbeat. This has lasted about a week.",orthostatic hypotension,Musculoskeletal/Other
"Patient reports cough, nausea, neck pain, headache and ache all over. It got worse overnight.",meningitis,Febrile/Systemic
"I came in because of neck pain, loss of sensation, leg pain, knee pain and low back pain.",spondylosis,Musculoskeletal/Other
"I came in because of skin dryness, peeling, scaliness, or roughness, skin swelling, skin rash, skin growth and long menstrual periods.",acne,Dermatological
"Complaining of abnormal appearing skin, pelvic pain, skin lesion, skin dryness, peeling, scaliness, or roughness, irregular appearing scalp, skin rash, itching of skin and skin growth. This has lasted about a week.",fungal infection of the hair,Dermatological
"Since yesterday I've noticed wrinkles on skin, skin moles, acne or pimples and lip swelling.",atrophic skin condition,Dermatological
"I feel unwell, with congestion in chest, cough, ankle pain, facial pain, sore throat and sinus congestion.",chronic sinusitis,Respiratory
"For the past few days I've had changes in stool appearance, mass or swelling around the anus, lower body pain, blood in stool, pain of the anus, constipation and itching of the anus.",hemorrhoids,Gastrointestinal
"I came in because of rectal bleeding, lower body pain and heartburn. It comes and goes.",hemorrhoids,Gastrointestinal
"I feel unwell, with acne or pimples and skin rash.",alopecia,Dermatological
"I've been experiencing burning abdominal pain, vomiting, decreased appetite, headache, fever, blood in stool and chills and I'm worried. It began this morning.",infectious gastroenteritis,Febrile/Systemic
"Lately I keep having nasal congestion, sharp chest pain, fluid retention, vomiting, coryza, difficulty breathing, chills, wheezing and fever. It comes and goes.",pneumonia,Respiratory
"I came in because of nausea, upper abdominal pain, heartburn, shortness of breath, sore throat, difficulty in swallowing, sharp abdominal pain and cough. It began this morning.",esophagitis,Gastrointestinal
"I have tongue lesions, toothache and mouth ulcer. It comes and goes.",oral mucosal lesion,Musculoskeletal/Other
"I have chills, cough, shortness of breath, weakness, fever and sharp abdominal pain. It started two days ago.",sepsis,Febrile/Systemic
"My main problems are sharp chest pain, upper abdominal pain, cough, burning abdominal pain, sharp abdominal pain and difficulty in swallowing. This has lasted about a week.",esophagitis,Gastrointestinal
"For the past few days I've had sharp abdominal pain, involuntary urination, painful urination, lower abdominal pain, regurgitation, symptoms of bladder, blood in urine and regurgitation.1. This has lasted about a week.",temporary or benign blood in urine,Musculoskeletal/Other
"For the past few days I've had fever, headache, decreased appetite and vomiting.",noninfectious gastroenteritis,Febrile/Systemic
"I have cough, sore throat and painful sinuses.",chronic sinusitis,Respiratory
"I feel unwell, with decreased appetite, sharp abdominal pain, feeling ill, cough, shortness of breath and vomiting. This has lasted about a week.",sepsis,Febrile/Systemic
"Complaining of headache, mouth pain, toothache, tongue lesions and sore throat. It got worse overnight.",aphthous ulcer,Gastrointestinal
"The symptoms are burning abdominal pain, itchy scalp, constipation, pain of the anus, sharp abdominal pain and heartburn. It started two days ago.",rectal disorder,Gastrointestinal
"I came in because of abnormal appearing skin, skin growth, too little hair, symptoms of the face, itching of skin and skin dryness, peeling, scaliness, or roughness.",seborrheic dermatitis,Dermatological
"Patient reports sore throat, sinus congestion, nasal congestion, frontal headache, fever, cough, abnormal appearing skin and coryza. It got worse overnight.",acute sinusitis,Respiratory
"Since yesterday I've noticed sore throat, nasal congestion, coryza, sneezing, lacrimation, itchiness of eye, frontal headache and allergic reaction. It began this morning.",seasonal allergies (hay fever),Febrile/Systemic
"Patient reports gum pain, facial pain and toothache.",tooth abscess,Dermatological
"I feel unwell, with headache, vomiting, chills, fever, wheezing and cough. This has lasted about a week.",common cold,Respiratory
"My main problems are palpitations, chest tightness, dizziness, depressive or psychotic symptoms, anxiety and nervousness and abnormal involuntary movements.",panic disorder,Musculoskeletal/Other
"I have feeling ill, suprapubic pain, decreased appetite, shortness of breath, vomiting and cough. This has lasted about a week.",sepsis,Febrile/Systemic
"For the past few days I've had chills, sharp abdominal pain, suprapubic pain and feeling ill.",sepsis,Febrile/Systemic
I have diminished vision and spots or clouds in vision. This has lasted about a week.,astigmatism,Musculoskeletal/Other
"Complaining of sharp abdominal pain, pain of the anus, constipation, rectal bleeding, itching of the anus, heartburn, burning abdominal pain and blood in stool. This has lasted about a week.",rectal disorder,Gastrointestinal
"Chief complaint: skin dryness, peeling, scaliness, or roughness, allergic reaction, skin moles and abnormal appearing skin. This has lasted about a week.",contact dermatitis,Dermatological
"Complaining of coryza, sore throat, irritable infant and cough.",abscess of nose,Dermatological
"The symptoms are palpitations, difficulty breathing, feeling ill, fatigue, shortness of breath and sharp chest pain. It got worse overnight.",pulmonary hypertension,Respiratory
"Since yesterday I've noticed sore throat, nasal congestion, sinus congestion, painful sinuses, frontal headache, facial pain and cough. It comes and goes.",acute sinusitis,Respiratory
"I came in because of coryza, difficulty breathing, cough, decreased appetite, hurts to breath, fever, pulling at ears and nasal congestion.",acute bronchiolitis,Respiratory
"Complaining of skin moles, itching of skin, swollen eye, abnormal appearing skin, skin rash and skin lesion. It started two days ago.",contact dermatitis,Dermatological
"For the past few days I've had wheezing, hurts to breath, difficulty breathing, coryza and pulling at ears. It began this morning.",acute bronchiolitis,Respiratory
"I've been experiencing knee pain, fever, skin rash, temper problems, diaper rash and irritable infant and I'm worried.",diaper rash,Dermatological
"I've been experiencing acne or pimples, skin lesion, skin growth and irregular appearing nails and I'm worried. It comes and goes.",callus,Dermatological
"Patient reports skin dryness, peeling, scaliness, or roughness, abnormal appearing skin, skin swelling, skin moles, symptoms of eye and acne or pimples. It got worse overnight.",rosacea,Dermatological
"Complaining of pulling at ears, hurts to breath, irritable infant and fever.",acute bronchiolitis,Respiratory
"For the past few days I've had difficulty breathing, cough, sore throat, fever, coryza, wheezing, shortness of breath and headache. It got worse overnight.",acute bronchitis,Respiratory
"Complaining of skin rash, skin moles, irregular appearing scalp and skin swelling. It began this morning.",psoriasis,Dermatological
"For the past few days I've had arm pain, neck pain, leg pain, arm weakness, low back pain, hip pain and shoulder pain. This has lasted about a week.",herniated disk,Gastrointestinal
"Chief complaint: symptoms of the kidneys, sharp chest pain, vomiting, nausea and retention of urine.",acute kidney injury,Musculoskeletal/Other
"Chief complaint: diarrhea, sharp abdominal pain, weakness, fainting and vomiting blood.",gastrointestinal hemorrhage,Gastrointestinal
"I've been experiencing facial pain, headache, skin rash, abnormal appearing skin, lacrimation, back pain and skin lesion and I'm worried. It got worse overnight.",shingles (herpes zoster),Dermatological
"Patient reports nausea, stomach bloating, vaginal itching and pain of the anus. It got worse overnight.",intestinal obstruction,Gastrointestinal
"Chief complaint: focal weakness, diminished vision, peripheral edema, symptoms of eye, facial pain, abnormal involuntary movements and weakness.",bell palsy,Musculoskeletal/Other
"My main problems are groin pain, pain in testicles, symptoms of the scrotum and testes, mass in scrotum, sharp abdominal pain and swelling of scrotum. It started two days ago.",inguinal hernia,Gastrointestinal
"I came in because of headache, decreased appetite, sharp abdominal pain, nausea and burning abdominal pain. It got worse overnight.",infectious gastroenteritis,Febrile/Systemic
"Chief complaint: nausea, sharp chest pain, vomiting, lower body pain, heartburn and back pain.",gallstone,Gastrointestinal
"I feel unwell, with disturbance of memory, sleepiness, rib pain and headache.",concussion,Musculoskeletal/Other
"Lately I keep having itching of skin, skin moles, lymphedema, abnormal appearing skin and skin growth. It comes and goes.",rosacea,Dermatological
"I feel unwell, with skin dryness, peeling, scaliness, or roughness, abnormal appearing skin, allergic reaction, skin irritation, skin swelling, acne or pimples and cough. It comes and goes.",eczema,Dermatological
"I have frontal headache, allergic reaction, peripheral edema, headache and ear pain.",seasonal allergies (hay fever),Febrile/Systemic
"I feel unwell, with headache, blood in stool, sharp abdominal pain, nausea, fluid retention, decreased appetite and fever.",noninfectious gastroenteritis,Febrile/Systemic
"Patient reports unpredictable menstruation, skin rash, skin swelling and foot or toe swelling. It began this morning.",scabies,Dermatological
"I came in because of diarrhea, flatulence, cough and nasal congestion. It began this morning.",intestinal malabsorption,Gastrointestinal
"I've been experiencing neck pain, heartburn, back pain, knee pain, loss of sensation and leg pain and I'm worried.",spondylosis,Musculoskeletal/Other
"I've been experiencing fluid retention, diarrhea, sharp abdominal pain, blood in stool, nausea, burning abdominal pain, chills and fever and I'm worried. It began this morning.",infectious gastroenteritis,Febrile/Systemic
"The symptoms are wrist swelling, knee swelling, knee pain, knee lump or mass and hand or finger pain. It began this morning.",ganglion cyst,Musculoskeletal/Other
"My main problems are allergic reaction, redness in ear, plugged feeling in ear, nasal congestion, swollen or red tonsils, sore throat and dizziness.",eustachian tube dysfunction (ear disorder),Musculoskeletal/Other
"For the past few days I've had rectal bleeding, lower body pain, blood in stool, itching of the anus and constipation. It started two days ago.",hemorrhoids,Gastrointestinal
"My main problems are abnormal appearing skin, skin growth and symptoms of the face. It got worse overnight.",actinic keratosis,Dermatological
"My main problems are diaper rash, nasal congestion, blood in stool, irritable infant, temper problems, cough, vomiting and fever. It began this morning.",diaper rash,Dermatological
"The symptoms are sore throat, coryza, coughing up sputum and shortness of breath.",chronic obstructive pulmonary disease (copd),Respiratory
"Lately I keep having fever, cough and chills.",pneumonia,Respiratory
"Since yesterday I've noticed burning abdominal pain, upper abdominal pain, back pain, symptoms of the kidneys, stomach bloating, side pain, sharp abdominal pain and vomiting. This has lasted about a week.",cholecystitis,Gastrointestinal
"The symptoms are cough, abnormal breathing sounds, shortness of breath, nasal congestion and sore throat. It got worse overnight.",croup,Respiratory
"Complaining of fainting, vomiting, rectal bleeding, melena, vomiting blood, changes in stool appearance, dizziness and nausea. This has lasted about a week.",gastrointestinal hemorrhage,Gastrointestinal
"I've been experiencing sharp chest pain, hurts to breath, shortness of breath, smoking problems and abusing alcohol and I'm worried.",smoking or tobacco addiction,Musculoskeletal/Other
My main problems are swollen or red tonsils and diminished hearing.,tonsillitis,Respiratory
"Lately I keep having acne or pimples, skin lesion, itchy scalp, skin growth, skin irritation and skin swelling. It comes and goes.",fungal infection of the hair,Dermatological
"I came in because of frontal headache, cough, painful sinuses, facial pain, coryza, coughing up sputum, fever and sore throat. It got worse overnight.",acute sinusitis,Respiratory
"Complaining of weight gain, difficulty in swallowing, difficulty breathing and sleepiness. It started two days ago.",obstructive sleep apnea (osa),Respiratory
"Lately I keep having pelvic pain, nausea, vaginal discharge, sharp abdominal pain and suprapubic pain.",pelvic inflammatory disease,Musculoskeletal/Other
"Since yesterday I've noticed skin growth, symptoms of the face, skin moles, abnormal appearing skin and skin dryness, peeling, scaliness, or roughness.",actinic keratosis,Dermatological
"I have coughing up sputum, shortness of breath, cough, sharp chest pain, hurts to breath and headache. It began this morning.",smoking or tobacco addiction,Musculoskeletal/Other
"For the past few days I've had vomiting, fever, diaper rash, cough, irritable infant and pulling at ears. This has lasted about a week.",diaper rash,Dermatological
"Lately I keep having headache, vomiting, fever, burning abdominal pain, flu-like syndrome, fluid retention and diarrhea. It began this morning.",infectious gastroenteritis,Febrile/Systemic
"Since yesterday I've noticed heartburn, melena, lower body pain, rectal bleeding, sharp abdominal pain, blood in stool, pain of the anus and constipation. It comes and goes.",hemorrhoids,Gastrointestinal
"Chief complaint: facial pain, sore throat, sinus congestion and fever.",acute sinusitis,Respiratory
"Patient reports melena, constipation, heartburn, sharp abdominal pain, burning abdominal pain and rectal bleeding.",rectal disorder,Gastrointestinal
"Patient reports diarrhea, headache, nausea, fever, sharp abdominal pain, burning abdominal pain and decreased appetite. It comes and goes.",infectious gastroenteritis,Febrile/Systemic
"Chief complaint: symptoms of the kidneys, upper abdominal pain, burning abdominal pain and side pain.",cholecystitis,Gastrointestinal
"I have sharp abdominal pain, sharp chest pain, side pain, back pain and regurgitation.1. It got worse overnight.",cholecystitis,Gastrointestinal
"Lately I keep having vomiting, burning abdominal pain, rectal bleeding, diarrhea, fever, decreased appetite, headache and sharp abdominal pain. It started two days ago.",noninfectious gastroenteritis,Febrile/Systemic
"Chief complaint: ear pain, sinus congestion, frontal headache, abnormal appearing skin, fever and coughing up sputum.",acute sinusitis,Respiratory
"I've been experiencing side pain, burning abdominal pain, nausea and abusing alcohol and I'm worried.",acute pancreatitis,Gastrointestinal
"My main problems are sharp abdominal pain, fever, diarrhea and rectal bleeding.",noninfectious gastroenteritis,Febrile/Systemic
"For the past few days I've had shoulder pain, loss of sensation, hand or finger pain, back pain, elbow pain, headache and hand or finger weakness.",brachial neuritis,Musculoskeletal/Other
"I came in because of fever, difficulty breathing and coryza. It began this morning.",acute bronchiolitis,Respiratory
"I have sharp abdominal pain, regurgitation.1, symptoms of the kidneys, back pain, upper abdominal pain, stomach bloating and sharp chest pain.",cholecystitis,Gastrointestinal
"I came in because of ache all over, swollen abdomen, symptoms of the scrotum and testes, upper abdominal pain, lower abdominal pain, groin mass and irregular belly button. It got worse overnight.",abdominal hernia,Gastrointestinal
"I feel unwell, with sweating, abnormal involuntary movements, sleepiness, fatigue, difficulty breathing and insomnia. It started two days ago.",obstructive sleep apnea (osa),Respiratory
"I've been experiencing sharp chest pain, diarrhea, nausea, hemoptysis, upper abdominal pain and sharp abdominal pain and I'm worried. It comes and goes.",acute pancreatitis,Gastrointestinal
"I feel unwell, with facial pain, painful sinuses, sinus congestion, headache, frontal headache, congestion in chest, cough and fever. It started two days ago.",chronic sinusitis,Respiratory
"I have symptoms of the scrotum and testes, pelvic pain, lower abdominal pain, groin pain, sharp abdominal pain and swelling of scrotum. It got worse overnight.",inguinal hernia,Gastrointestinal
"Patient reports abnormal involuntary movements, shortness of breath, burning abdominal pain, fatigue, headache and depression. It began this morning.",acute stress reaction,Musculoskeletal/Other
"My main problems are back pain, nausea, vomiting, lower body pain, diarrhea, burning abdominal pain, sharp abdominal pain and abusing alcohol. This has lasted about a week.",acute pancreatitis,Gastrointestinal
"Since yesterday I've noticed skin lesion, cough, abnormal appearing skin and skin rash. It comes and goes.",impetigo,Dermatological
"I feel unwell, with decreased appetite, chills, blood in stool, sharp abdominal pain, foot or toe swelling, nausea, burning abdominal pain, fluid retention and fever.",infectious gastroenteritis,Febrile/Systemic
"The symptoms are coryza, fever, sharp chest pain, congestion in chest, coughing up sputum and headache. It began this morning.",acute bronchitis,Respiratory
"Since yesterday I've noticed leg pain, foot or toe pain, foot or toe swelling, nausea, skin lesion and hand or finger swelling.",pyogenic skin infection,Dermatological
"I came in because of abnormal breathing sounds, sore throat, wheezing, vomiting, shortness of breath, nasal congestion and hoarse voice. It began this morning.",croup,Respiratory
"My main problems are groin pain, hip pain, low back pain, back pain, knee pain and leg pain. It started two days ago.",arthritis of the hip,Musculoskeletal/Other
"I have temper problems, diarrhea, blood in stool, vomiting, diaper rash, nasal congestion, irritable infant and cough. This has lasted about a week.",diaper rash,Dermatological
"Since yesterday I've noticed burning abdominal pain, constipation, cramps and spasms, melena and sharp abdominal pain.",rectal disorder,Gastrointestinal
"Chief complaint: sharp abdominal pain, blood in stool, fever, upper abdominal pain, diarrhea, burning abdominal pain, side pain and nausea.",diverticulitis,Gastrointestinal
"I feel unwell, with diarrhea, side pain, lower abdominal pain, unusual color or odor to urine, peripheral edema and blood in stool. This has lasted about a week.",liver disease,Gastrointestinal
"I came in because of cough, shortness of breath, sharp abdominal pain and back pain. This has lasted about a week.",pleural effusion,Respiratory
"Lately I keep having diarrhea, pulling at ears, blood in stool, skin rash and temper problems. It began this morning.",diaper rash,Dermatological
"I feel unwell, with acne or pimples, skin irritation, abnormal appearing skin, skin swelling, skin lesion, itching of skin and skin growth. It began this morning.",skin disorder,Dermatological
"I have retention of urine, frequent urination, sharp abdominal pain, vomiting and blood in urine.",kidney stone,Musculoskeletal/Other
"I came in because of blood in stool, vomiting, fluid retention and decreased appetite.",infectious gastroenteritis,Febrile/Systemic
"Patient reports peripheral edema, hand or finger swelling, leg pain, foot or toe swelling, skin swelling and skin lesion. It began this morning.",pyogenic skin infection,Dermatological
"I have regurgitation, heavy menstrual flow, rectal bleeding, regurgitation.1 and weakness.",iron deficiency anemia,Musculoskeletal/Other
"Since yesterday I've noticed back pain, neck pain, shoulder pain, hip pain, loss of sensation, vaginal discharge and arm weakness. It comes and goes.",herniated disk,Gastrointestinal
"Chief complaint: difficulty breathing, symptoms of prostate, vomiting and pulling at ears. It got worse overnight.",acute bronchiolitis,Respiratory
"Chief complaint: lower abdominal pain, pain of the anus, burning abdominal pain, retention of urine, changes in stool appearance and rectal bleeding. It got worse overnight.",chronic constipation,Gastrointestinal
"Lately I keep having cough, decreased appetite, shortness of breath, feeling ill, suprapubic pain and fever. It started two days ago.",sepsis,Febrile/Systemic
"My main problems are itchy ear(s), plugged feeling in ear, diminished hearing, facial pain, cough and sore throat. It got worse overnight.",otitis externa (swimmer's ear),Musculoskeletal/Other
"My main problems are fever, blood in stool, sharp abdominal pain, nausea, diarrhea, rectal bleeding, headache and chills. It got worse overnight.",noninfectious gastroenteritis,Febrile/Systemic
"I came in because of skin dryness, peeling, scaliness, or roughness, allergic reaction, itching of skin, irregular appearing scalp, warts, skin lesion, skin rash and skin irritation. It got worse overnight.",eczema,Dermatological
"My main problems are sharp chest pain, weakness, nasal congestion, chest tightness, cough, fever, shortness of breath and leg swelling. This has lasted about a week.",pulmonary congestion,Respiratory
"Lately I keep having blood in stool, pulling at ears, cough, skin rash, temper problems and vomiting.",diaper rash,Dermatological
"I feel unwell, with diarrhea, vomiting, side pain, abusing alcohol, sharp chest pain, lower body pain, nausea and upper abdominal pain.",acute pancreatitis,Gastrointestinal
"Complaining of coryza, nasal congestion and cough. This has lasted about a week.",abscess of nose,Dermatological
"I came in because of burning abdominal pain, flu-like syndrome, headache and vomiting. It got worse overnight.",infectious gastroenteritis,Febrile/Systemic
"I have sore throat, sneezing, lacrimation, coryza, headache and cough. It started two days ago.",seasonal allergies (hay fever),Febrile/Systemic
"I feel unwell, with mass in scrotum, pain in testicles, symptoms of the scrotum and testes, groin pain, involuntary urination and pain of the anus. This has lasted about a week.",varicocele of the testicles,Musculoskeletal/Other
"Since yesterday I've noticed leg pain, leg swelling, leg stiffness or tightness and ankle swelling.",fracture of the leg,Musculoskeletal/Other
"I feel unwell, with fatigue, mouth dryness, shortness of breath, weight gain, abnormal involuntary movements, sleepiness and insomnia.",obstructive sleep apnea (osa),Respiratory
"I've been experiencing fluid retention, diarrhea, chills and headache and I'm worried. It comes and goes.",noninfectious gastroenteritis,Febrile/Systemic
"I have decreased appetite, blood in stool, vomiting, burning abdominal pain, fluid retention, chills and headache.",infectious gastroenteritis,Febrile/Systemic
"I feel unwell, with congestion in chest, nasal congestion, headache, difficulty breathing, wheezing and shortness of breath. It started two days ago.",acute bronchitis,Respiratory
"For the past few days I've had vomiting, sharp abdominal pain, diarrhea, chills, fluid retention, decreased appetite, burning abdominal pain and blood in stool. It got worse overnight.",noninfectious gastroenteritis,Febrile/Systemic
"Chief complaint: irregular heartbeat, diarrhea, sharp abdominal pain, headache, fluid retention and flu-like syndrome. It began this morning.",infectious gastroenteritis,Febrile/Systemic
"Chief complaint: sneezing, coryza, cough, ear pain and lacrimation. It got worse overnight.",seasonal allergies (hay fever),Febrile/Systemic
"I came in because of sweating, weight gain, fatigue, apnea, difficulty breathing, coryza, difficulty in swallowing, insomnia and mouth dryness. It got worse overnight.",obstructive sleep apnea (osa),Respiratory
"Chief complaint: skin dryness, peeling, scaliness, or roughness, skin swelling, skin growth, warts and skin lesion. It comes and goes.",skin polyp,Dermatological
"I have diarrhea, blood in stool, lymphedema, rectal bleeding, cramps and spasms and burning abdominal pain.",rectal disorder,Gastrointestinal
"I've been experiencing hip pain, leg cramps or spasms and disturbance of memory and I'm worried.",osteoporosis,Musculoskeletal/Other
"The symptoms are decreased appetite, chills, sharp abdominal pain and shortness of breath.",sepsis,Febrile/Systemic
"I've been experiencing side pain, nausea, diarrhea, upper abdominal pain, vomiting, fever, chills and burning abdominal pain and I'm worried. It began this morning.",diverticulitis,Gastrointestinal
"For the past few days I've had hip pain, pain in eye and eye redness.",corneal disorder,Musculoskeletal/Other
"Complaining of nausea, vomiting, sharp abdominal pain, fever, stomach bloating, decreased appetite and burning abdominal pain. It began this morning.",appendicitis,Gastrointestinal
"I've been experiencing coryza, hurts to breath, cough, vomiting and shortness of breath and I'm worried.",acute bronchiolitis,Respiratory
"For the past few days I've had upper abdominal pain, vomiting, sharp chest pain, lower body pain, diarrhea, burning abdominal pain and abusing alcohol. It comes and goes.",acute pancreatitis,Gastrointestinal
"For the past few days I've had dizziness, shortness of breath, chest tightness, increased heart rate and throat feels tight. It comes and goes.",chronic rheumatic fever,Febrile/Systemic
"I came in because of nausea, fever, blood in stool, headache, flu-like syndrome and diarrhea. It got worse overnight.",infectious gastroenteritis,Febrile/Systemic
"I came in because of skin irritation, skin rash, vaginal dryness, skin swelling, symptoms of the face and abnormal appearing skin. This has lasted about a week.",actinic keratosis,Dermatological
"The symptoms are skin swelling, itchy scalp, itching of skin, abnormal appearing skin, skin lesion and irregular appearing scalp.",fungal infection of the skin,Dermatological
"My main problems are sharp abdominal pain, fainting, weakness, vomiting blood, changes in stool appearance and blood in stool.",gastrointestinal hemorrhage,Gastrointestinal
"Lately I keep having shortness of breath, chills, suprapubic pain, vomiting, feeling ill, fever and sharp abdominal pain.",sepsis,Febrile/Systemic
"I feel unwell, with skin dryness, peeling, scaliness, or roughness, skin rash, warts, irregular appearing scalp and skin growth. This has lasted about a week.",skin pigmentation disorder,Dermatological
"The symptoms are intermenstrual bleeding, burning abdominal pain, nausea and painful menstruation. It got worse overnight.",ovarian cyst,Musculoskeletal/Other
"Lately I keep having foot or toe pain, wrist pain, neck pain, leg pain, headache and shoulder pain. It comes and goes.",sprain or strain,Musculoskeletal/Other
"Chief complaint: pain of the anus, flatulence, skin dryness, peeling, scaliness, or roughness, diarrhea, rectal bleeding, heartburn and sharp abdominal pain. It began this morning.",colonic polyp,Gastrointestinal
"Since yesterday I've noticed warts, skin irritation, abnormal appearing skin and irregular appearing scalp. It got worse overnight.",skin polyp,Dermatological
"The symptoms are burning abdominal pain, constipation, diarrhea, upper abdominal pain, nausea, blood in stool, fever and vomiting. This has lasted about a week.",diverticulitis,Gastrointestinal
"Lately I keep having itchy scalp, irregular appearing scalp, acne or pimples, skin swelling and itching of skin. It got worse overnight.",fungal infection of the skin,Dermatological
"Chief complaint: nasal congestion, chills, sore throat, wheezing, ear pain and cough. This has lasted about a week.",common cold,Respiratory
"The symptoms are skin moles, skin swelling, allergic reaction, skin irritation, acne or pimples, skin lesion, itching of skin and skin rash. It started two days ago.",contact dermatitis,Dermatological
"Chief complaint: shortness of breath, depressive or psychotic symptoms, depression, headache, fears and phobias and irregular heartbeat.",anxiety,Musculoskeletal/Other
"Chief complaint: shortness of breath, retention of urine, vomiting, nausea, sharp abdominal pain and dizziness. This has lasted about a week.",acute kidney injury,Musculoskeletal/Other
"Lately I keep having rectal bleeding, constipation, heartburn, itching of the anus and sharp abdominal pain. This has lasted about a week.",hemorrhoids,Gastrointestinal
"I feel unwell, with abnormal appearing skin, sharp chest pain, pain in eye, double vision, skin lesion and headache.",shingles (herpes zoster),Dermatological
"Since yesterday I've noticed dry or flaky scalp, skin rash, acne or pimples, abnormal appearing skin and itching of skin. It got worse overnight.",seborrheic dermatitis,Dermatological
"Lately I keep having arm weakness, frontal headache, cough, coryza and nasal congestion. It comes and goes.",seasonal allergies (hay fever),Febrile/Systemic
"I've been experiencing irregular appearing scalp, abnormal appearing skin, lip swelling and skin lesion and I'm worried. It started two days ago.",skin cancer,Dermatological
"Complaining of feeling ill, sweating, weakness, depressive or psychotic symptoms, dizziness, decreased appetite and abnormal involuntary movements. It comes and goes.",hypoglycemia,Musculoskeletal/Other
"I've been experiencing vomiting, upper abdominal pain, stomach bloating, lower abdominal pain, fever, side pain, diarrhea and burning abdominal pain and I'm worried. It comes and goes.",appendicitis,Gastrointestinal
"Chief complaint: blood in stool, fever, diarrhea, sharp abdominal pain, rectal bleeding, headache, vomiting and chills.",noninfectious gastroenteritis,Febrile/Systemic
"I came in because of flu-like syndrome, diarrhea, sharp abdominal pain, chills, headache, fever, burning abdominal pain and decreased appetite. It comes and goes.",infectious gastroenteritis,Febrile/Systemic
"Chief complaint: chest tightness, skin growth, skin rash, irregular appearing scalp and itching of skin.",actinic keratosis,Dermatological
"Complaining of coryza, itchiness of eye, cough, nasal congestion, ear pain and sneezing. It began this morning.",seasonal allergies (hay fever),Febrile/Systemic
"I've been experiencing fluid retention, nausea, diarrhea, rectal bleeding and blood in stool and I'm worried. It began this morning.",noninfectious gastroenteritis,Febrile/Systemic
"My main problems are difficulty breathing, apnea, sweating, weight gain and insomnia. It comes and goes.",obstructive sleep apnea (osa),Respiratory
"Complaining of painful sinuses, facial pain, coryza, fever and coughing up sputum. It comes and goes.",acute sinusitis,Respiratory
"Since yesterday I've noticed increased heart rate, palpitations, arm pain, weakness and sweating.",angina,Musculoskeletal/Other
"For the past few days I've had back cramps or spasms, loss of sensation, back pain, low back pain, groin pain and side pain.",chronic back pain,Musculoskeletal/Other
"I feel unwell, with vomiting, shortness of breath, cough, hurts to breath, decreased appetite and wheezing. It got worse overnight.",acute bronchiolitis,Respiratory
"I've been experiencing symptoms of the kidneys, ear pain, nasal congestion, lacrimation, coryza and itchiness of eye and I'm worried.",seasonal allergies (hay fever),Febrile/Systemic
"Chief complaint: sharp abdominal pain, itching of the anus, lower body pain, mass or swelling around the anus, changes in stool appearance and blood in stool.",hemorrhoids,Gastrointestinal
"My main problems are cough, ear pain, nasal congestion, flu-like syndrome and headache. It began this morning.",common cold,Respiratory
"I feel unwell, with skin rash, irregular appearing scalp, long menstrual periods, skin dryness, peeling, scaliness, or roughness and skin swelling. It started two days ago.",acne,Dermatological
"My main problems are double vision, redness in or around nose, peripheral edema, swollen eye and pain in eye.",fracture of the facial bones,Musculoskeletal/Other
"I've been experiencing foot or toe pain, foot or toe swelling, skin growth and irregular appearing nails and I'm worried. It got worse overnight.",ingrown toe nail,Musculoskeletal/Other
"I have throat feels tight, palpitations and dizziness.",chronic rheumatic fever,Febrile/Systemic
"Chief complaint: excessive anger, insomnia, hostile behavior, delusions or hallucinations and anxiety and nervousness. This has lasted about a week.",schizophrenia,Musculoskeletal/Other
"The symptoms are skin swelling, symptoms of eye, acne or pimples, skin dryness, peeling, scaliness, or roughness, itching of skin and skin moles. It got worse overnight.",rosacea,Dermatological
"I feel unwell, with coryza, sharp chest pain, chest tightness, nasal congestion, coughing up sputum, sore throat, congestion in chest and cough. It got worse overnight.",chronic obstructive pulmonary disease (copd),Respiratory
"I came in because of acne or pimples, skin swelling, irregular appearing scalp, itchy scalp and skin rash. It started two days ago.",fungal infection of the skin,Dermatological
"Since yesterday I've noticed irregular appearing scalp, abnormal appearing skin, skin swelling, skin moles and itchy scalp. It comes and goes.",psoriasis,Dermatological
"I've been experiencing headache, decreased appetite, sharp abdominal pain, diarrhea and fluid retention and I'm worried. It started two days ago.",infectious gastroenteritis,Febrile/Systemic
"For the past few days I've had sharp chest pain, difficulty breathing, chest tightness, hemoptysis, weakness and leg pain. It started two days ago.",pulmonary embolism,Respiratory
"The symptoms are skin swelling, skin on leg or foot looks infected, arm swelling, arm pain, ache all over, leg pain, lymphedema and leg swelling. It comes and goes.",thrombophlebitis,Musculoskeletal/Other
"For the past few days I've had itching of skin, skin lesion, acne or pimples, skin dryness, peeling, scaliness, or roughness and skin swelling. It comes and goes.",fungal infection of the skin,Dermatological
"Since yesterday I've noticed decreased appetite, arm pain, burning abdominal pain, fever, fluid retention, diarrhea, blood in stool, vomiting and nausea. It began this morning.",infectious gastroenteritis,Febrile/Systemic
"My main problems are leg pain, back pain, paresthesia, shoulder pain and lower body pain. It comes and goes.",degenerative disc disease,Musculoskeletal/Other
"My main problems are abnormal involuntary movements, loss of sensation and arm pain. It comes and goes.",peripheral nerve disorder,Musculoskeletal/Other
"Complaining of lower body pain, wrist pain and back pain.",injury to the trunk,Musculoskeletal/Other
"I've been experiencing vomiting, abnormal breathing sounds, wheezing, pulling at ears, cough, sore throat and hoarse voice and I'm worried. It comes and goes.",croup,Respiratory
"I've been experiencing abnormal appearing skin, itching of skin, sharp chest pain, back pain, facial pain, skin lesion and skin rash and I'm worried. It comes and goes.",shingles (herpes zoster),Dermatological
"Complaining of back pain, upper abdominal pain, sharp abdominal pain and regurgitation.1. It got worse overnight.",cholecystitis,Gastrointestinal
"I have decreased appetite, diarrhea, flu-like syndrome, nausea and fluid retention. It comes and goes.",infectious gastroenteritis,Febrile/Systemic
"Since yesterday I've noticed headache, depressive or psychotic symptoms and fatigue. It started two days ago.",lyme disease,Febrile/Systemic
"I've been experiencing cough, fever, shortness of breath, difficulty breathing, congestion in chest and headache and I'm worried. It started two days ago.",acute bronchitis,Respiratory
"I've been experiencing sharp abdominal pain, burning abdominal pain, vaginal itching, constipation and nausea and I'm worried.",intestinal obstruction,Gastrointestinal
"The symptoms are burning abdominal pain, symptoms of the kidneys, regurgitation.1, side pain, sharp abdominal pain and stomach bloating. It got worse overnight.",cholecystitis,Gastrointestinal
"My main problems are burning abdominal pain, flu-like syndrome, blood in stool, diarrhea, fluid retention and chills.",infectious gastroenteritis,Febrile/Systemic
"My main problems are cramps and spasms, skin growth, vaginal discharge, heavy menstrual flow, involuntary urination, frequent menstruation, blood clots during menstrual periods and unpredictable menstruation. It started two days ago.",idiopathic excessive menstruation,Musculoskeletal/Other
"I have cough, lacrimation, sneezing, sore throat and itchiness of eye. It comes and goes.",seasonal allergies (hay fever),Febrile/Systemic
"Chief complaint: sharp chest pain, hand or finger swelling, vomiting and shortness of breath.",fluid overload,Musculoskeletal/Other
"Lately I keep having symptoms of the scrotum and testes, groin mass, regurgitation.1, regurgitation, ache all over, lower abdominal pain, swollen abdomen and upper abdominal pain.",abdominal hernia,Gastrointestinal
"Chief complaint: lack of growth, hysterical behavior, depressive or psychotic symptoms, hostile behavior, abusing alcohol and depression.",conduct disorder,Musculoskeletal/Other
"The symptoms are sore throat, lacrimation, nasal congestion, sneezing and frontal headache. It began this morning.",seasonal allergies (hay fever),Febrile/Systemic
"Patient reports burning abdominal pain, sharp abdominal pain, vomiting, flu-like syndrome, nausea and headache.",infectious gastroenteritis,Febrile/Systemic
"Lately I keep having burning abdominal pain, sharp abdominal pain, vomiting, fluid retention and decreased appetite. It started two days ago.",infectious gastroenteritis,Febrile/Systemic
"I feel unwell, with diarrhea, chills, sore throat, itchy scalp and vomiting.",flu,Respiratory
"Chief complaint: decreased appetite, difficulty speaking, chills, nausea, fluid retention and headache. It began this morning.",noninfectious gastroenteritis,Febrile/Systemic
"Complaining of low back pain, leg pain, ankle pain, foot or toe pain and back pain. This has lasted about a week.",sprain or strain,Musculoskeletal/Other
"I came in because of difficulty speaking, abnormal movement of eyelid, headache, abnormal involuntary movements, symptoms of the face and facial pain. This has lasted about a week.",cranial nerve palsy,Musculoskeletal/Other
"Patient reports leg pain, skin rash, foot or toe pain, hand or finger swelling, leg swelling, abnormal appearing skin and skin swelling.",pyogenic skin infection,Dermatological
"Chief complaint: vaginal itching, burning abdominal pain, nausea, pain of the anus, stomach bloating, sharp abdominal pain, retention of urine and constipation. It got worse overnight.",intestinal obstruction,Gastrointestinal
"Patient reports headache, diarrhea, burning abdominal pain, flu-like syndrome, nausea and vomiting. It comes and goes.",infectious gastroenteritis,Febrile/Systemic
"I feel unwell, with shortness of breath, paresthesia, increased heart rate, sharp chest pain, fever and nasal congestion. It started two days ago.",pulmonary eosinophilia,Respiratory
I've been experiencing disturbance of memory and insomnia and I'm worried. This has lasted about a week.,encephalitis,Febrile/Systemic
"The symptoms are peripheral edema, skin rash, skin lesion, abnormal appearing skin, foot or toe pain, leg pain and hand or finger swelling.",pyogenic skin infection,Dermatological
"I've been experiencing sharp chest pain, side pain, nausea, lower body pain and burning abdominal pain and I'm worried.",gallstone,Gastrointestinal
"Chief complaint: lymphedema, skin swelling, itching of skin, skin lesion, hand or finger pain and acne or pimples.",rosacea,Dermatological
"Chief complaint: diminished hearing, nasal congestion, throat redness, lump in throat and sore throat.",tonsillitis,Respiratory
"I feel unwell, with burning abdominal pain, sharp abdominal pain, pain of the anus, melena, itching of the anus and constipation. It comes and goes.",rectal disorder,Gastrointestinal
"I came in because of skin irritation, skin lesion, pelvic pain, abnormal appearing skin and skin rash. It comes and goes.",fungal infection of the hair,Dermatological
"Patient reports headache, burning abdominal pain, chills, fever and rectal bleeding. This has lasted about a week.",noninfectious gastroenteritis,Febrile/Systemic
"For the past few days I've had rectal bleeding, changes in stool appearance, lower body pain, pain of the anus and heartburn. It comes and goes.",hemorrhoids,Gastrointestinal
"Patient reports cough, ear pain, allergic reaction, headache, lacrimation and sore throat.",seasonal allergies (hay fever),Febrile/Systemic
"Chief complaint: coryza, chills, ear pain and sore throat.",common cold,Respiratory
"I came in because of headache, ear pain, plugged feeling in ear and diminished hearing.",tinnitus of unknown cause,Musculoskeletal/Other
"I've been experiencing nausea, diarrhea, rectal bleeding, chills, headache, decreased appetite and sharp abdominal pain and I'm worried. This has lasted about a week.",noninfectious gastroenteritis,Febrile/Systemic
"I have difficulty breathing, cough, wheezing, nasal congestion, coughing up sputum, allergic reaction and coryza.",asthma,Respiratory
"Since yesterday I've noticed upper abdominal pain, vaginal redness, sharp abdominal pain, vomiting blood, burning abdominal pain and sharp chest pain.",hiatal hernia,Gastrointestinal
"I've been experiencing feeling ill, shortness of breath and decreased appetite and I'm worried.",sepsis,Febrile/Systemic
"Patient reports blood in stool, constipation, chills, upper abdominal pain, diarrhea and vomiting. This has lasted about a week.",diverticulitis,Gastrointestinal
"Lately I keep having burning abdominal pain, chills, vomiting and fever.",infectious gastroenteritis,Febrile/Systemic
"I have skin dryness, peeling, scaliness, or roughness, skin swelling, warts, infant feeding problem, skin lesion and abnormal appearing skin.",skin polyp,Dermatological
"My main problems are throat feels tight, difficulty speaking, hoarse voice, coryza, fever, nasal congestion, cough and sore throat. It began this morning.",laryngitis,Respiratory
"For the past few days I've had irregular appearing scalp, joint pain, skin dryness, peeling, scaliness, or roughness, skin lesion, itching of skin, skin moles and itchy scalp. It comes and goes.",psoriasis,Dermatological
"Patient reports warts, skin rash, allergic reaction, skin swelling and cough. It began this morning.",eczema,Dermatological
"Chief complaint: blood in stool, vomiting, decreased appetite and diarrhea. It got worse overnight.",infectious gastroenteritis,Febrile/Systemic
"My main problems are skin moles, skin growth, fluid retention, skin irritation, wrinkles on skin, acne or pimples, lip swelling and skin swelling.",atrophic skin condition,Dermatological
"Complaining of headache, cough, difficulty in swallowing, sharp chest pain, fever and insomnia. It comes and goes.",abscess of the pharynx,Dermatological
"Lately I keep having hemoptysis, side pain, lower body pain and diarrhea. It began this morning.",acute pancreatitis,Gastrointestinal
"Chief complaint: nasal congestion, vomiting, cough, coryza, sinus congestion, decreased heart rate and irritable infant. It comes and goes.",abscess of nose,Dermatological
"I came in because of burning abdominal pain, nausea, constipation, diarrhea and chills. It started two days ago.",diverticulitis,Gastrointestinal
"The symptoms are fluid retention, nausea, blood in stool, burning abdominal pain, vomiting, chills and diarrhea.",noninfectious gastroenteritis,Febrile/Systemic
"Since yesterday I've noticed lower body pain, hot flashes, chest tightness, sweating, dizziness, arm pain and shortness of breath. It started two days ago.",angina,Musculoskeletal/Other
"For the past few days I've had side pain, sharp chest pain, vomiting, leg pain, nausea, headache, low back pain and back pain. It started two days ago.",pain after an operation,Musculoskeletal/Other
"Lately I keep having coughing up sputum, allergic reaction, chest tightness, cough, fever, wheezing, sharp chest pain and shortness of breath. It started two days ago.",asthma,Respiratory
"Chief complaint: skin growth, neck mass, skin swelling, abnormal appearing skin, skin lesion, back mass or lump, arm lump or mass and groin mass. It comes and goes.",lipoma,Musculoskeletal/Other
"I've been experiencing throat redness, redness in ear, throat feels tight, nasal congestion and sore throat and I'm worried. It began this morning.",tonsillitis,Respiratory
"For the past few days I've had joint pain, lower body pain, shoulder pain and arm pain.",degenerative disc disease,Musculoskeletal/Other
"I have lip swelling, skin moles and skin growth. It got worse overnight.",viral warts,Dermatological
"Lately I keep having itchiness of eye, sneezing, allergic reaction, sore throat, lacrimation and sharp abdominal pain.",seasonal allergies (hay fever),Febrile/Systemic
Since yesterday I've noticed cough and wheezing.,chronic obstructive pulmonary disease (copd),Respiratory
"My main problems are dizziness, headache, insomnia, depression, fatigue and burning abdominal pain. It began this morning.",acute stress reaction,Musculoskeletal/Other
"Patient reports difficulty breathing, cough, vomiting and ache all over. It started two days ago.",meningitis,Febrile/Systemic
"The symptoms are sharp abdominal pain, blood in stool, decreased appetite and fluid retention. It comes and goes.",infectious gastroenteritis,Febrile/Systemic
"Since yesterday I've noticed chest tightness, burning abdominal pain, sharp abdominal pain and vomiting.",esophagitis,Gastrointestinal
"Complaining of shortness of breath, nasal congestion, hurts to breath, difficulty breathing and decreased appetite.",acute bronchiolitis,Respiratory
"Lately I keep having fever, coryza, shortness of breath, wheezing, nasal congestion and vomiting. This has lasted about a week.",acute bronchospasm,Respiratory
"Chief complaint: decreased appetite, vomiting, headache and flu-like syndrome. This has lasted about a week.",infectious gastroenteritis,Febrile/Systemic
"For the past few days I've had hoarse voice, nasal congestion, fever, coryza, vomiting, wheezing, shortness of breath and pulling at ears.",croup,Respiratory
"My main problems are sore throat, coughing up sputum, chest tightness, shortness of breath, sharp chest pain, coryza and fever. It started two days ago.",chronic obstructive pulmonary disease (copd),Respiratory
"Since yesterday I've noticed skin lesion, skin swelling, pain in testicles and abnormal appearing skin. It started two days ago.",perirectal infection,Gastrointestinal
"Patient reports neck pain, shoulder pain, lower body pain, hip pain, arm pain, leg pain, joint pain and back pain. It got worse overnight.",degenerative disc disease,Musculoskeletal/Other
"I have rectal bleeding, pain of the anus, melena, diarrhea, burning abdominal pain, heartburn and sharp abdominal pain.",rectal disorder,Gastrointestinal
"I came in because of headache, rectal bleeding, fluid retention, sharp abdominal pain and burning abdominal pain. It comes and goes.",noninfectious gastroenteritis,Febrile/Systemic
"I've been experiencing fever, diarrhea, nausea, decreased appetite, sharp abdominal pain, fluid retention and headache and I'm worried. This has lasted about a week.",infectious gastroenteritis,Febrile/Systemic
"I came in because of symptoms of the scrotum and testes, sharp abdominal pain, upper abdominal pain, irregular belly button, regurgitation and regurgitation.1.",abdominal hernia,Gastrointestinal
"Patient reports vaginal discharge, groin pain, skin swelling and vulvar irritation. It got worse overnight.",female genitalia infection,Musculoskeletal/Other
"Complaining of sharp abdominal pain, fever, flu-like syndrome, diarrhea, blood in stool and chills.",infectious gastroenteritis,Febrile/Systemic
"Patient reports cough, sinus congestion, headache and fever. It comes and goes.",chronic sinusitis,Respiratory
"Patient reports burning abdominal pain, fever, vomiting, flu-like syndrome and blood in stool. It comes and goes.",infectious gastroenteritis,Febrile/Systemic
"For the past few days I've had rectal bleeding, pain of the anus, arm swelling, heartburn and lower body pain.",hemorrhoids,Gastrointestinal
"I came in because of sharp chest pain, delusions or hallucinations, abusing alcohol, antisocial behavior, dizziness, seizures and fainting. It got worse overnight.",alcohol withdrawal,Musculoskeletal/Other
"My main problems are loss of sensation, low back pain, neck pain, leg pain, abnormal involuntary movements, ache all over, paresthesia and back pain.",complex regional pain syndrome,Musculoskeletal/Other
"Patient reports ache all over, swelling of scrotum, bones are painful, symptoms of the scrotum and testes, swollen abdomen and sharp abdominal pain.",inguinal hernia,Gastrointestinal
"Patient reports skin rash, skin growth, skin moles, skin lesion, itching of skin, skin irritation and skin swelling.",seborrheic keratosis,Dermatological
"My main problems are congestion in chest, difficulty breathing and sharp chest pain. It comes and goes.",acute bronchitis,Respiratory
"I feel unwell, with diarrhea, vomiting, decreased appetite, burning abdominal pain, nausea and stomach bloating.",appendicitis,Gastrointestinal
"Lately I keep having sharp abdominal pain, pelvic pain, lower abdominal pain, burning abdominal pain, painful urination, nausea, vomiting and suprapubic pain. It got worse overnight.",pelvic inflammatory disease,Musculoskeletal/Other
"Complaining of mouth pain, fever, nasal congestion and sore throat.",oral thrush (yeast infection),Musculoskeletal/Other
"Chief complaint: skin moles, skin irritation, skin growth, skin lesion and skin dryness, peeling, scaliness, or roughness. It began this morning.",skin disorder,Dermatological
"The symptoms are burning abdominal pain, pain during pregnancy, vaginal discharge, pelvic pain, painful urination, back pain and nausea. It started two days ago.",vulvodynia,Musculoskeletal/Other
"Complaining of disturbance of memory, facial pain, neck pain, sleepiness, difficulty speaking, nausea, vomiting and headache. It began this morning.",concussion,Musculoskeletal/Other
"I've been experiencing frontal headache, coryza, sneezing, itchiness of eye, cough, headache and allergic reaction and I'm worried. It got worse overnight.",seasonal allergies (hay fever),Febrile/Systemic
"For the past few days I've had skin lesion, skin growth, skin swelling and itching of skin.",actinic keratosis,Dermatological
"I've been experiencing symptoms of eye, diminished vision, cross-eyed, pain in eye, eye moves abnormally and lack of growth and I'm worried. It started two days ago.",eye alignment disorder,Musculoskeletal/Other
"The symptoms are swollen abdomen, symptoms of the scrotum and testes, sharp abdominal pain, irregular belly button and upper abdominal pain. It got worse overnight.",abdominal hernia,Gastrointestinal
"The symptoms are sinus congestion, facial pain, frontal headache and ear pain. It got worse overnight.",chronic sinusitis,Respiratory
"I've been experiencing fever, chest tightness, allergic reaction, difficulty breathing, nasal congestion, sharp chest pain, coughing up sputum and wheezing and I'm worried. It began this morning.",asthma,Respiratory
"Complaining of heartburn, diarrhea, weakness, unusual color or odor to urine and blood in stool.",liver disease,Gastrointestinal
"I have upper abdominal pain, lower abdominal pain, diarrhea, heartburn, sharp abdominal pain and rectal bleeding.",diverticulosis,Gastrointestinal
"Complaining of nausea, retention of urine, vomiting, dizziness, shortness of breath, kidney mass and peripheral edema.",acute kidney injury,Musculoskeletal/Other
"The symptoms are side pain, back pain, vaginal discharge, painful urination and cramps and spasms. It got worse overnight.",vulvodynia,Musculoskeletal/Other
"The symptoms are chills, burning abdominal pain, diarrhea, constipation, side pain, upper abdominal pain, blood in stool and sharp abdominal pain.",diverticulitis,Gastrointestinal
"Chief complaint: nausea, diarrhea, headache, decreased appetite and sharp abdominal pain. It comes and goes.",infectious gastroenteritis,Febrile/Systemic
"I came in because of coryza, throat feels tight, difficulty in swallowing and cough. It comes and goes.",laryngitis,Respiratory
"For the past few days I've had sore throat, fever, sleepiness, cough, headache, wheezing and nasal congestion. It started two days ago.",interstitial lung disease,Respiratory
"Since yesterday I've noticed decreased appetite, wheezing, nasal congestion, difficulty breathing, coryza, vomiting and hurts to breath. It comes and goes.",acute bronchiolitis,Respiratory
"Since yesterday I've noticed pain of the anus, vomiting, drug abuse, changes in stool appearance and retention of urine.",chronic constipation,Gastrointestinal
"I've been experiencing diarrhea, vomiting, pulling at ears, nasal congestion, fever, decreased appetite and blood in stool and I'm worried.",diaper rash,Dermatological
"Patient reports weakness, difficulty breathing, leg pain, chest tightness, shortness of breath, leg swelling and side pain. This has lasted about a week.",pulmonary embolism,Respiratory
"My main problems are difficulty breathing, coughing up sputum, cough, headache, nasal congestion, sore throat and sharp chest pain.",acute bronchitis,Respiratory
"Lately I keep having shortness of breath, difficulty breathing, weakness, chills and vomiting. It started two days ago.",sepsis,Febrile/Systemic
"Since yesterday I've noticed diarrhea, vomiting, headache, nausea, decreased appetite, burning abdominal pain, fluid retention and blood in stool. It began this morning.",infectious gastroenteritis,Febrile/Systemic
"I came in because of itchiness of eye, headache, sneezing, skin on leg or foot looks infected, allergic reaction and ear pain. It comes and goes.",seasonal allergies (hay fever),Febrile/Systemic
"Patient reports chills, difficulty breathing, fever, sore throat, coryza, wheezing, vomiting and sharp chest pain. It comes and goes.",pneumonia,Respiratory
"For the past few days I've had throat feels tight, sore throat, diminished hearing and abnormal breathing sounds.",tonsillitis,Respiratory
"Since yesterday I've noticed neck stiffness or tightness, vomiting and headache. It comes and goes.",meningitis,Febrile/Systemic
"The symptoms are vomiting, sharp abdominal pain, symptoms of the kidneys and upper abdominal pain. It got worse overnight.",cholecystitis,Gastrointestinal
"Lately I keep having sharp abdominal pain, upper abdominal pain, lower abdominal pain, nausea, vomiting and decreased appetite.",appendicitis,Gastrointestinal
"The symptoms are skin lesion, allergic reaction, irregular appearing scalp, acne or pimples, skin swelling and itching of skin. It began this morning.",eczema,Dermatological
"For the past few days I've had upper abdominal pain, blood in stool and vomiting blood.",cirrhosis,Gastrointestinal
"Since yesterday I've noticed vomiting, cough, fever, sharp abdominal pain, chills, feeling ill, difficulty breathing and suprapubic pain. This has lasted about a week.",sepsis,Febrile/Systemic
"Chief complaint: lower abdominal pain, heavy menstrual flow, painful menstruation, sharp abdominal pain, long menstrual periods, frequent menstruation, pelvic pain and infertility.",idiopathic irregular menstrual cycle,Musculoskeletal/Other
"Since yesterday I've noticed diarrhea, fever, nausea, fluid retention, burning abdominal pain, chills, blood in stool and decreased appetite.",noninfectious gastroenteritis,Febrile/Systemic
"I have warts, abnormal appearing skin, skin irritation, irregular appearing scalp and skin swelling.",skin polyp,Dermatological
"I have blood in stool, lower abdominal pain, upper abdominal pain and vomiting.",diverticulosis,Gastrointestinal
"Chief complaint: skin swelling, cough, irregular appearing scalp, allergic reaction, warts, itching of skin, skin irritation and acne or pimples.",eczema,Dermatological
"Chief complaint: leg pain, leg swelling, foot or toe pain, skin swelling, peripheral edema and hand or finger pain. It began this morning.",pyogenic skin infection,Dermatological
"Since yesterday I've noticed arm swelling, jaundice and ache all over. It began this morning.",pancreatic cancer,Gastrointestinal
"Patient reports regurgitation, upper abdominal pain, regurgitation.1, dizziness, vomiting blood, nausea and sharp chest pain.",hiatal hernia,Gastrointestinal
"My main problems are burning abdominal pain, nausea, sharp abdominal pain, fever, decreased appetite, diarrhea and blood in stool.",infectious gastroenteritis,Febrile/Systemic
"Chief complaint: vomiting, wheezing, nasal congestion, cough, irritable infant, shortness of breath, decreased appetite and pulling at ears.",acute bronchiolitis,Respiratory
"Lately I keep having vomiting blood, regurgitation, heartburn, upper abdominal pain and regurgitation.1. It started two days ago.",hiatal hernia,Gastrointestinal
"I've been experiencing lacrimation, nasal congestion, ear pain and itchiness of eye and I'm worried.",seasonal allergies (hay fever),Febrile/Systemic
"I've been experiencing skin moles, warts, itching of skin, skin swelling, acne or pimples and abnormal appearing skin and I'm worried.",skin pigmentation disorder,Dermatological
"I have chills, shortness of breath, fever, chest tightness and difficulty breathing.",acute respiratory distress syndrome (ards),Respiratory
"Patient reports lower body pain, sharp chest pain, heartburn, burning abdominal pain, sharp abdominal pain, regurgitation.1, side pain and nausea. It started two days ago.",gallstone,Gastrointestinal
"Chief complaint: skin swelling, skin growth, itching of skin, irregular appearing scalp, skin moles, abnormal appearing skin and joint pain.",psoriasis,Dermatological
"Since yesterday I've noticed sinus congestion, headache, coryza, cough and facial pain.",nose disorder,Musculoskeletal/Other
"Lately I keep having vulvar irritation, pelvic pain and vaginal itching. It got worse overnight.",cervical cancer,Musculoskeletal/Other
"I have skin rash, warts, acne or pimples, skin irritation, irregular appearing scalp, abnormal appearing skin and skin swelling. It comes and goes.",eczema,Dermatological
"I have facial pain, fever, sinus congestion, cough, painful sinuses, headache, sore throat, depressive or psychotic symptoms and frontal headache.",chronic sinusitis,Respiratory
"The symptoms are back pain, burning abdominal pain, suprapubic pain and vaginal discharge.",pelvic inflammatory disease,Musculoskeletal/Other
"I feel unwell, with abnormal appearing skin, skin swelling, warts, skin irritation, skin lesion, irregular appearing scalp, itching of skin and skin dryness, peeling, scaliness, or roughness.",skin polyp,Dermatological
"For the past few days I've had diminished hearing, abnormal breathing sounds, allergic reaction, nasal congestion and sore throat. It began this morning.",eustachian tube dysfunction (ear disorder),Musculoskeletal/Other
"Complaining of irregular appearing scalp, skin swelling, skin growth, skin moles, skin lesion, itchy scalp and skin rash. It comes and goes.",psoriasis,Dermatological
"Lately I keep having side pain, back pain, stomach bloating, symptoms of the kidneys, sharp abdominal pain and upper abdominal pain. It got worse overnight.",cholecystitis,Gastrointestinal
"My main problems are abnormal breathing sounds, sore throat, nasal congestion, wheezing, headache and fever. This has lasted about a week.",interstitial lung disease,Respiratory
"I feel unwell, with suprapubic pain, cough, vomiting, shortness of breath and sharp abdominal pain.",sepsis,Febrile/Systemic
"Complaining of headache, arm swelling, ear pain, coryza, cough, frontal headache, nasal congestion and allergic reaction. It began this morning.",seasonal allergies (hay fever),Febrile/Systemic
"I have delusions or hallucinations, focal weakness, difficulty speaking, disturbance of memory, slurring words, depression, problems with movement and abnormal involuntary movements. It comes and goes.",delirium,Musculoskeletal/Other
"I have heartburn, pain of the anus, mass or swelling around the anus, melena and lower body pain. This has lasted about a week.",hemorrhoids,Gastrointestinal
"I've been experiencing lacrimation, itchiness of eye, coryza, nasal congestion, allergic reaction and cough and I'm worried. This has lasted about a week.",seasonal allergies (hay fever),Febrile/Systemic
"For the past few days I've had skin lesion, mouth ulcer, abnormal appearing skin, itching of skin, sore in nose, fever and skin rash. It started two days ago.",impetigo,Dermatological
"I have fever, diarrhea, fluid retention and chills.",infectious gastroenteritis,Febrile/Systemic
"I've been experiencing pelvic pain, acne or pimples, itchy scalp, abnormal appearing skin, skin irritation, irregular appearing scalp, skin growth and skin dryness, peeling, scaliness, or roughness and I'm worried.",fungal infection of the hair,Dermatological
"I feel unwell, with sharp abdominal pain, regurgitation, regurgitation.1, fainting, burning abdominal pain and diarrhea.",intestinal disease,Gastrointestinal
"Lately I keep having coryza, sneezing, lacrimation, headache, itchiness of eye, allergic reaction and sore throat.",seasonal allergies (hay fever),Febrile/Systemic
"My main problems are diarrhea, knee stiffness or tightness, rectal bleeding and headache.",noninfectious gastroenteritis,Febrile/Systemic
"Since yesterday I've noticed cough, shortness of breath, chest tightness, difficulty breathing, skin growth, vomiting, coryza and fever. It began this morning.",acute bronchospasm,Respiratory
"I feel unwell, with itchy scalp, abnormal appearing skin and itching of skin.",fungal infection of the skin,Dermatological
"Since yesterday I've noticed itching of skin, nausea, vomiting, sharp abdominal pain and depression. It began this morning.",hepatitis due to a toxin,Gastrointestinal
"Patient reports facial pain, pain in eye, headache, itching of skin and sharp chest pain. It comes and goes.",shingles (herpes zoster),Dermatological
"Lately I keep having cough, coughing up sputum, shortness of breath, difficulty breathing, chest tightness, nasal congestion and coryza. It started two days ago.",asthma,Respiratory
"My main problems are diarrhea, sharp abdominal pain, shortness of breath, blood in stool and side pain.",liver disease,Gastrointestinal
"I've been experiencing fluid retention, diarrhea, vomiting, sharp abdominal pain and rectal bleeding and I'm worried. It began this morning.",noninfectious gastroenteritis,Febrile/Systemic
"The symptoms are vomiting, problems with movement and difficulty in swallowing.",stricture of the esophagus,Gastrointestinal
"Since yesterday I've noticed nausea, disturbance of memory, double vision, sleepiness, back pain, dizziness, warts, neck pain and headache.",concussion,Musculoskeletal/Other
"I've been experiencing lower body pain, symptoms of the kidneys, upper abdominal pain, burning abdominal pain, sharp chest pain and side pain and I'm worried.",cholecystitis,Gastrointestinal
"Since yesterday I've noticed irregular appearing scalp, skin rash, skin moles, skin lesion, lack of growth and acne or pimples.",dermatitis due to sun exposure,Dermatological
"I came in because of hurts to breath, cough, difficulty breathing, sharp chest pain and fluid retention.",heart failure,Musculoskeletal/Other
"My main problems are fever, itchy ear(s) and ear pain. This has lasted about a week.",otitis externa (swimmer's ear),Musculoskeletal/Other
"Lately I keep having neck pain, back stiffness or tightness, back cramps or spasms, hip pain, side pain and low back pain. It comes and goes.",chronic back pain,Musculoskeletal/Other
"Lately I keep having fever, wheezing, vomiting and nasal congestion. It got worse overnight.",croup,Respiratory
"The symptoms are lower abdominal pain, intermenstrual bleeding, spotting or bleeding during pregnancy, back pain, uterine contractions, pelvic pain, cramps and spasms and sharp abdominal pain. It began this morning.",threatened pregnancy,Musculoskeletal/Other
"I came in because of skin moles, skin dryness, peeling, scaliness, or roughness, abnormal appearing skin and skin lesion. It began this morning.",rosacea,Dermatological
"For the past few days I've had frontal headache, cough, nasal congestion, itchiness of eye and ear pain. It began this morning.",seasonal allergies (hay fever),Febrile/Systemic
"The symptoms are skin dryness, peeling, scaliness, or roughness, pain during intercourse and vaginal discharge.",vulvar disorder,Musculoskeletal/Other
"Lately I keep having cough, painful sinuses, fever, sinus congestion and coryza.",acute sinusitis,Respiratory
"For the past few days I've had itchiness of eye, lacrimation, cough, coryza and nasal congestion.",seasonal allergies (hay fever),Febrile/Systemic
"For the past few days I've had changes in stool appearance, melena, mass or swelling around the anus and heartburn. It began this morning.",hemorrhoids,Gastrointestinal
"I've been experiencing chest tightness, vomiting, cough, difficulty in swallowing and sharp abdominal pain and I'm worried. It comes and goes.",esophagitis,Gastrointestinal
"Patient reports chest tightness, shortness of breath, upper abdominal pain, heartburn and vomiting.",esophagitis,Gastrointestinal
"The symptoms are abnormal appearing skin, skin growth, skin swelling, acne or pimples, pelvic pain and skin lesion. It started two days ago.",fungal infection of the hair,Dermatological
"I came in because of skin rash, skin irritation, acne or pimples, skin dryness, peeling, scaliness, or roughness, skin moles, itching of skin and skin swelling.",contact dermatitis,Dermatological
"I've been experiencing skin lesion, burning chest pain, leg cramps or spasms, skin on leg or foot looks infected and leg pain and I'm worried. It got worse overnight.",venous insufficiency,Musculoskeletal/Other
"I have dizziness, fainting, sharp abdominal pain, diarrhea, melena, vomiting and rectal bleeding. It began this morning.",gastrointestinal hemorrhage,Gastrointestinal
"I have hurts to breath, vomiting and cough.",acute bronchiolitis,Respiratory
"I came in because of excessive urination at night, blood in urine, mass in scrotum and retention of urine. It started two days ago.",bladder cancer,Musculoskeletal/Other
"I've been experiencing wheezing, pulling at ears, vomiting, nasal congestion, shortness of breath, fever, sore throat and cough and I'm worried.",croup,Respiratory
"I came in because of sharp chest pain, regurgitation.1, problems with movement and vomiting. It got worse overnight.",stricture of the esophagus,Gastrointestinal
"Chief complaint: vomiting, fever, nausea, diminished hearing, sore throat and cough. It began this morning.",flu,Respiratory
"I have lacrimation, itchiness of eye, cough, sore throat and nasal congestion.",seasonal allergies (hay fever),Febrile/Systemic
"I feel unwell, with retention of urine, burning abdominal pain, rectal bleeding, pain of the anus, vomiting, nausea, sharp abdominal pain and changes in stool appearance. This has lasted about a week.",chronic constipation,Gastrointestinal
"I've been experiencing constipation, lower abdominal pain, side pain and sharp abdominal pain and I'm worried. It comes and goes.",diverticulitis,Gastrointestinal
"Since yesterday I've noticed sinus congestion, frontal headache, sore throat, nasal congestion, coughing up sputum, facial pain and ear pain. This has lasted about a week.",acute sinusitis,Respiratory
"Since yesterday I've noticed skin growth, skin moles, itching of skin, skin lesion and skin dryness, peeling, scaliness, or roughness. It got worse overnight.",skin pigmentation disorder,Dermatological
"I feel unwell, with vomiting, sharp chest pain and sore throat. It started two days ago.",esophagitis,Gastrointestinal
"The symptoms are abnormal appearing skin, bones are painful, wrinkles on skin, acne or pimples, skin lesion and skin swelling.",atrophic skin condition,Dermatological
"I came in because of sharp abdominal pain, stomach bloating and retention of urine.",intestinal obstruction,Gastrointestinal
"Lately I keep having burning abdominal pain, suprapubic pain, back pain, vomiting, lower abdominal pain and vaginal discharge.",pelvic inflammatory disease,Musculoskeletal/Other
"I feel unwell, with chills, rectal bleeding and vomiting. It started two days ago.",noninfectious gastroenteritis,Febrile/Systemic
"My main problems are regurgitation.1, burning abdominal pain, upper abdominal pain, heartburn, nausea, back pain and sharp chest pain. It started two days ago.",gallstone,Gastrointestinal
"Since yesterday I've noticed cough, ache all over, vomiting, headache and neck stiffness or tightness.",meningitis,Febrile/Systemic
"I have vomiting, stomach bloating, symptoms of the kidneys, upper abdominal pain, sharp chest pain and back pain.",cholecystitis,Gastrointestinal
"Chief complaint: ear pain, vomiting, flu-like syndrome and headache.",infectious gastroenteritis,Febrile/Systemic
"Patient reports side pain, diarrhea, upper abdominal pain, decreased appetite and stomach bloating.",appendicitis,Gastrointestinal
"For the past few days I've had allergic reaction, lacrimation, itchiness of eye, sneezing, headache, sore throat, ear pain and coryza. This has lasted about a week.",seasonal allergies (hay fever),Febrile/Systemic
"Since yesterday I've noticed fever, cough, nasal congestion, sore throat, wheezing, shortness of breath and abnormal breathing sounds. It comes and goes.",croup,Respiratory
"Chief complaint: changes in stool appearance, lower body pain, heartburn, melena, itching of the anus, constipation and sharp abdominal pain. It began this morning.",hemorrhoids,Gastrointestinal
"Patient reports ear pain, cough, plugged feeling in ear and vomiting.",otitis media,Musculoskeletal/Other
"Since yesterday I've noticed cough, hurts to breath, shortness of breath, pulling at ears, difficulty breathing and vomiting. It began this morning.",acute bronchiolitis,Respiratory
"Complaining of vaginal discharge, pelvic pain, heavy menstrual flow and vaginal pain.",vaginal cyst,Musculoskeletal/Other
"Chief complaint: abusing alcohol, depression, delusions or hallucinations, dizziness, smoking problems and anxiety and nervousness.",drug abuse,Musculoskeletal/Other
"Complaining of blood in stool, irritable infant, skin rash, pulling at ears and temper problems. It comes and goes.",diaper rash,Dermatological
"I have nausea, sharp abdominal pain, heartburn, weakness, side pain and upper abdominal pain. It got worse overnight.",liver disease,Gastrointestinal
"Since yesterday I've noticed nasal congestion, redness in ear, throat redness, diminished hearing, abnormal breathing sounds, lump in throat and skin rash.",tonsillitis,Respiratory
"Complaining of coryza, ache all over and vomiting.",flu,Respiratory
"Chief complaint: fatigue, sweating, insomnia, shortness of breath, sleepiness and difficulty in swallowing. It got worse overnight.",obstructive sleep apnea (osa),Respiratory
"I feel unwell, with skin dryness, peeling, scaliness, or roughness, acne or pimples, symptoms of eye, abnormal appearing skin and itching of skin.",rosacea,Dermatological
"For the past few days I've had abnormal appearing skin, dry or flaky scalp, skin lesion, too little hair, skin growth, acne or pimples and skin rash. This has lasted about a week.",seborrheic dermatitis,Dermatological
"I have fever, coryza, shortness of breath, nasal congestion, wheezing and congestion in chest. It comes and goes.",chronic obstructive pulmonary disease (copd),Respiratory
"I came in because of sharp abdominal pain, nausea, fever, vomiting, decreased appetite, diarrhea, burning abdominal pain and headache. It comes and goes.",noninfectious gastroenteritis,Febrile/Systemic
"Complaining of problems with movement, paresthesia, arm pain and arm weakness. This has lasted about a week.",peripheral nerve disorder,Musculoskeletal/Other
"The symptoms are nasal congestion, sore throat, coryza, allergic reaction, lacrimation and sneezing.",seasonal allergies (hay fever),Febrile/Systemic
"Patient reports depressive or psychotic symptoms, cough and chills. This has lasted about a week.",acute respiratory distress syndrome (ards),Respiratory
"The symptoms are too little hair, skin swelling, acne or pimples, feeling ill and itching of skin.",alopecia,Dermatological
"I came in because of double vision, redness in or around nose, pain in eye, abusing alcohol and facial pain.",fracture of the facial bones,Musculoskeletal/Other
"Patient reports burning abdominal pain, constipation, sharp abdominal pain and diarrhea.",rectal disorder,Gastrointestinal
"I have rectal bleeding, decreased appetite, sharp abdominal pain, headache, vomiting, delusions or hallucinations, nausea and chills. It started two days ago.",noninfectious gastroenteritis,Febrile/Systemic
"I've been experiencing vomiting, burning abdominal pain, headache, fever, delusions or hallucinations, decreased appetite, sharp abdominal pain and blood in stool and I'm worried. It comes and goes.",infectious gastroenteritis,Febrile/Systemic
"I have coryza, fever, sore throat, flu-like syndrome, headache, ear pain and wheezing. It began this morning.",common cold,Respiratory
"Lately I keep having cough, leg swelling and leg pain. It got worse overnight.",pulmonary embolism,Respiratory
"My main problems are vomiting, sharp chest pain, weakness, wheezing and cough. It comes and goes.",pneumonia,Respiratory
"Since yesterday I've noticed skin rash, skin lesion, itchy scalp, skin growth, skin swelling, skin moles, itching of skin and irregular appearing scalp.",psoriasis,Dermatological
"Lately I keep having itchiness of eye, eyelid swelling, skin swelling, swollen eye, eyelid lesion or rash, pain in eye and back pain. It began this morning.",stye,Musculoskeletal/Other
"My main problems are pulling at ears, abnormal breathing sounds, cough, fever, hoarse voice, coryza and shortness of breath. It got worse overnight.",croup,Respiratory
"Complaining of wheezing, difficulty breathing, coryza, congestion in chest and cough. It comes and goes.",acute bronchitis,Respiratory
"For the past few days I've had abnormal appearing skin, acne or pimples, foot or toe swelling and skin growth. It started two days ago.",callus,Dermatological
"Chief complaint: shoulder pain, low back pain, arm weakness, sharp abdominal pain, paresthesia and arm pain. It began this morning.",herniated disk,Gastrointestinal
"Complaining of headache, nasal congestion, shortness of breath, fever, abnormal breathing sounds and fatigue. It comes and goes.",interstitial lung disease,Respiratory
"Since yesterday I've noticed abnormal involuntary movements, vomiting and swollen lymph nodes. It started two days ago.",ulcerative colitis,Gastrointestinal
"Complaining of fluid retention, burning abdominal pain, sharp abdominal pain, diarrhea, nausea and flu-like syndrome.",infectious gastroenteritis,Febrile/Systemic
"I've been experiencing vomiting, lower abdominal pain, hurts to breath, shortness of breath and wheezing and I'm worried. It began this morning.",acute bronchiolitis,Respiratory
"I came in because of shortness of breath, sharp abdominal pain and vomiting blood. It comes and goes.",cirrhosis,Gastrointestinal
"I came in because of vomiting, difficulty breathing, sharp abdominal pain, suprapubic pain, decreased appetite and cough. It began this morning.",sepsis,Febrile/Systemic
"The symptoms are feeling ill, sharp abdominal pain, cough, difficulty breathing, chills, decreased appetite and weakness. It began this morning.",sepsis,Febrile/Systemic
"Lately I keep having pain in eye, eye redness, diminished hearing and swollen eye.",orbital cellulitis,Dermatological
"Patient reports skin lesion, skin moles, skin swelling and skin irritation. This has lasted about a week.",actinic keratosis,Dermatological
"My main problems are nausea, sharp abdominal pain, chills, headache, blood in stool, skin moles and fluid retention.",noninfectious gastroenteritis,Febrile/Systemic
"I've been experiencing difficulty breathing, sharp chest pain, weakness, coryza, sore throat, pelvic pain and cough and I'm worried. It started two days ago.",pneumonia,Respiratory
"The symptoms are fatigue, depressive or psychotic symptoms, symptoms of the face and hip pain. It began this morning.",lyme disease,Febrile/Systemic
"For the past few days I've had headache, facial pain, skin lesion, pain in eye and sharp chest pain. It began this morning.",shingles (herpes zoster),Dermatological
"Chief complaint: skin growth, pain in eye, symptoms of eye, lacrimation, eyelid swelling, mass on eyelid, eye redness and foreign body sensation in eye. It started two days ago.",chalazion,Musculoskeletal/Other
"I have blood in stool, fatigue and weakness. It started two days ago.",iron deficiency anemia,Musculoskeletal/Other
"I have ache all over, hurts to breath, back mass or lump, shortness of breath and side pain.",fracture of the rib,Musculoskeletal/Other
"I feel unwell, with upper abdominal pain, burning abdominal pain, changes in stool appearance, cough, sharp abdominal pain, nausea and vomiting. This has lasted about a week.",gastroduodenal ulcer,Gastrointestinal
"My main problems are cough, fever, decreased appetite, difficulty breathing and suprapubic pain.",sepsis,Febrile/Systemic
"The symptoms are fever, suprapubic pain, decreased appetite and vomiting. It comes and goes.",sepsis,Febrile/Systemic
"Lately I keep having dizziness, burning abdominal pain, headache, leg weakness, depressive or psychotic symptoms, depression, shortness of breath, fatigue and insomnia. This has lasted about a week.",acute stress reaction,Musculoskeletal/Other
"I feel unwell, with fever, chest tightness, wheezing, chills, shortness of breath and cough. This has lasted about a week.",acute respiratory distress syndrome (ards),Respiratory
"Lately I keep having nasal congestion, problems during pregnancy, fever, coryza, vomiting, cough, shortness of breath, wheezing and hurts to breath.",acute bronchiolitis,Respiratory
"Complaining of shortness of breath, nasal congestion, allergic reaction, coughing up sputum, coryza, difficulty breathing and cough. It began this morning.",asthma,Respiratory
"My main problems are flu-like syndrome, diarrhea, headache, fever, blood in stool and sharp abdominal pain.",infectious gastroenteritis,Febrile/Systemic
"Since yesterday I've noticed sharp abdominal pain, nausea, upper abdominal pain, blood in stool, chills, lower abdominal pain and diarrhea.",diverticulitis,Gastrointestinal
"Lately I keep having insomnia, sharp abdominal pain, upper abdominal pain, blood in urine and lower abdominal pain.",irritable bowel syndrome,Gastrointestinal
"Patient reports fever, sore throat, wheezing, chills, flu-like syndrome, headache, ear pain and nasal congestion. It began this morning.",common cold,Respiratory
"Lately I keep having stomach bloating, hostile behavior, sharp abdominal pain, back pain, vomiting, upper abdominal pain and side pain. It comes and goes.",cholecystitis,Gastrointestinal
"The symptoms are diarrhea, upper abdominal pain, blood in stool, vomiting, lower abdominal pain and constipation. This has lasted about a week.",diverticulitis,Gastrointestinal
"I have fever, cough, decreased appetite and skin swelling. It comes and goes.",viral exanthem,Musculoskeletal/Other
"I feel unwell, with coryza, irritable infant, shortness of breath, nasal congestion, pulling at ears, decreased appetite, fever and difficulty breathing.",acute bronchiolitis,Respiratory
I've been experiencing rectal bleeding and itching of the anus and I'm worried. This has lasted about a week.,rectal disorder,Gastrointestinal
"Since yesterday I've noticed headache, nausea, chills, vomiting and sharp abdominal pain. It started two days ago.",infectious gastroenteritis,Febrile/Systemic
"I have itching of skin, abnormal appearing skin, skin growth, skin swelling, acne or pimples, warts and skin moles. It got worse overnight.",skin polyp,Dermatological
"Chief complaint: knee pain, wrist pain, hand or finger pain, neck pain, headache, leg pain, low back pain and arm pain. It started two days ago.",sprain or strain,Musculoskeletal/Other
"Patient reports irregular heartbeat, difficulty in swallowing, fatigue, sharp chest pain and leg pain. It comes and goes.",polymyalgia rheumatica,Musculoskeletal/Other
"My main problems are nasal congestion, shortness of breath and paresthesia. It comes and goes.",pulmonary eosinophilia,Respiratory
"Chief complaint: irregular appearing scalp, back mass or lump, skin swelling, neck mass, hand or finger lump or mass, arm lump or mass and skin moles. It got worse overnight.",sebaceous cyst,Musculoskeletal/Other
"I've been experiencing anxiety and nervousness, insomnia, diarrhea and burning abdominal pain and I'm worried. It began this morning.",irritable bowel syndrome,Gastrointestinal
"Patient reports allergic reaction, skin moles, skin lesion, itching of skin, abnormal appearing skin and skin irritation.",contact dermatitis,Dermatological
"I came in because of peripheral edema, skin lesion, skin swelling, foot or toe swelling and foot or toe pain. This has lasted about a week.",pyogenic skin infection,Dermatological
"For the past few days I've had fatigue, insomnia, abnormal breathing sounds, difficulty in swallowing, weight gain, apnea and abnormal involuntary movements. It comes and goes.",obstructive sleep apnea (osa),Respiratory
"I have fever, nausea, diarrhea, regurgitation.1, sharp abdominal pain and headache.",gastritis,Gastrointestinal
"Complaining of anxiety and nervousness, temper problems, lack of growth, feeling ill, depressive or psychotic symptoms, sharp chest pain, obsessions and compulsions, low self-esteem and depression. It began this morning.",obsessive compulsive disorder (ocd),Musculoskeletal/Other
"I feel unwell, with fever, diaper rash, vomiting, diarrhea and blood in stool.",diaper rash,Dermatological
"I feel unwell, with groin pain, swelling of scrotum, symptoms of the scrotum and testes, ache all over, pain in testicles and mass in scrotum. It comes and goes.",inguinal hernia,Gastrointestinal
"Since yesterday I've noticed burning abdominal pain, rectal bleeding, diarrhea, nausea, chills, headache, vomiting and decreased appetite.",noninfectious gastroenteritis,Febrile/Systemic
"I've been experiencing throat feels tight, nasal congestion, cough, hoarse voice, coryza, sore throat and fever and I'm worried.",laryngitis,Respiratory
"I feel unwell, with coughing up sputum, ear pain, cough, painful sinuses, nasal congestion and frontal headache.",acute sinusitis,Respiratory
"I came in because of pain in gums, restlessness, facial pain, acne or pimples, toothache and skin swelling.",dental caries,Musculoskeletal/Other
"I feel unwell, with lip swelling, skin irritation, warts, skin growth, irregular appearing scalp and skin dryness, peeling, scaliness, or roughness. It comes and goes.",skin cancer,Dermatological
"I've been experiencing diarrhea, blood in stool, burning abdominal pain, fluid retention, vomiting and headache and I'm worried. It began this morning.",noninfectious gastroenteritis,Febrile/Systemic
"Complaining of irregular appearing scalp, skin moles, skin rash, skin lesion and skin swelling.",actinic keratosis,Dermatological
"For the past few days I've had sharp chest pain, chest tightness, leg swelling, fever and cough.",pulmonary congestion,Respiratory
"I feel unwell, with skin lesion, foot or toe pain, leg pain, skin swelling and skin rash.",pyogenic skin infection,Dermatological
"The symptoms are itching of skin, allergic reaction, abnormal appearing skin, skin swelling, irregular appearing scalp, skin rash, skin irritation and cough. It started two days ago.",eczema,Dermatological
"For the past few days I've had diarrhea, sharp abdominal pain, headache, burning abdominal pain, blood in stool, nausea, flu-like syndrome and chills. This has lasted about a week.",infectious gastroenteritis,Febrile/Systemic
"I came in because of leg weakness, knee pain, bones are painful, hip pain, leg pain and knee swelling. It started two days ago.",fracture of the patella,Musculoskeletal/Other
"The symptoms are throat swelling, cough, skin rash, sore throat and skin swelling. It got worse overnight.",scarlet fever,Febrile/Systemic
"I have sharp abdominal pain, difficulty breathing, feeling ill, warts, chills, cough, shortness of breath and vomiting. It began this morning.",sepsis,Febrile/Systemic
"Chief complaint: blood in stool, burning abdominal pain, fluid retention, decreased appetite, fever and vomiting.",infectious gastroenteritis,Febrile/Systemic
"I feel unwell, with acne or pimples, skin dryness, peeling, scaliness, or roughness, skin rash, dry or flaky scalp and too little hair.",seborrheic dermatitis,Dermatological
"I have skin growth, skin irritation, lip swelling, acne or pimples, wrinkles on skin, skin moles and abnormal appearing skin. It got worse overnight.",atrophic skin condition,Dermatological
"Patient reports stomach bloating, lower abdominal pain, fever, upper abdominal pain, burning abdominal pain and side pain. It got worse overnight.",appendicitis,Gastrointestinal
"My main problems are skin lesion, facial pain, skin rash and headache. It got worse overnight.",shingles (herpes zoster),Dermatological
"I've been experiencing weakness, fainting, dizziness, vomiting, changes in stool appearance, vomiting blood and blood in stool and I'm worried.",gastrointestinal hemorrhage,Gastrointestinal
"I've been experiencing lower abdominal pain, suprapubic pain, nausea, back pain and pelvic pain and I'm worried. It started two days ago.",pelvic inflammatory disease,Musculoskeletal/Other
"I've been experiencing irregular appearing scalp, too little hair, skin dryness, peeling, scaliness, or roughness, skin lesion, itchy scalp, skin rash and acne or pimples and I'm worried. It began this morning.",fungal infection of the skin,Dermatological
"My main problems are hemoptysis, sweating, weakness, chest tightness and cough.",pulmonary embolism,Respiratory
"Lately I keep having skin swelling, skin lesion, cough, itching of skin and nasal congestion. It comes and goes.",impetigo,Dermatological
"Since yesterday I've noticed vomiting, burning abdominal pain, heartburn, upper abdominal pain, sharp chest pain, changes in stool appearance and blood in stool.",gastroduodenal ulcer,Gastrointestinal
"I have sharp abdominal pain, lower body pain, abusing alcohol, burning abdominal pain and vomiting. It began this morning.",acute pancreatitis,Gastrointestinal
"I've been experiencing palpitations, sharp chest pain, coryza, shortness of breath, sore throat, coughing up sputum, chest tightness and nasal congestion and I'm worried.",chronic obstructive pulmonary disease (copd),Respiratory
"I have loss of sensation, low back pain, leg pain, back pain, headache and shoulder pain. It began this morning.",neuralgia,Musculoskeletal/Other
"The symptoms are diarrhea, headache, nausea, sharp abdominal pain, burning abdominal pain and decreased appetite.",infectious gastroenteritis,Febrile/Systemic
"I feel unwell, with cough, fever, temper problems, diaper rash, vomiting and skin rash.",diaper rash,Dermatological
"My main problems are fever, sharp chest pain, dizziness and cough. It started two days ago.",pulmonary eosinophilia,Respiratory
"I have burning abdominal pain, fever, sharp abdominal pain and rectal bleeding. This has lasted about a week.",noninfectious gastroenteritis,Febrile/Systemic
"Lately I keep having elbow pain, shoulder pain, bones are painful, shoulder stiffness or tightness and arm pain.",injury to the shoulder,Musculoskeletal/Other
"The symptoms are cough, dizziness, skin swelling, skin rash, allergic reaction, warts, skin irritation, skin dryness, peeling, scaliness, or roughness and irregular appearing scalp. It started two days ago.",eczema,Dermatological
"Complaining of mouth dryness, insomnia and shortness of breath. It comes and goes.",obstructive sleep apnea (osa),Respiratory
"Patient reports flu-like syndrome, headache, chills, burning abdominal pain and sharp abdominal pain. It comes and goes.",infectious gastroenteritis,Febrile/Systemic
"Since yesterday I've noticed vomiting, nausea, burning abdominal pain, blood in stool, rectal bleeding, swollen lymph nodes and sharp abdominal pain. This has lasted about a week.",ulcerative colitis,Gastrointestinal
"The symptoms are blood in urine, painful urination, symptoms of bladder, involuntary urination and sharp abdominal pain. It got worse overnight.",cystitis,Musculoskeletal/Other
"I've been experiencing chills, cough, difficulty in swallowing and ear pain and I'm worried. It started two days ago.",strep throat,Musculoskeletal/Other
"I've been experiencing decreased appetite, fever, burning abdominal pain, rectal bleeding and vomiting and I'm worried. It got worse overnight.",noninfectious gastroenteritis,Febrile/Systemic
"I feel unwell, with vomiting blood, back pain, upper abdominal pain and difficulty in swallowing. It began this morning.",hiatal hernia,Gastrointestinal
"Complaining of ear pain, sore throat, facial pain, frontal headache, headache, congestion in chest and cough.",chronic sinusitis,Respiratory
"Patient reports sharp abdominal pain, lower abdominal pain, constipation, blood in stool, vomiting, diarrhea and upper abdominal pain. It got worse overnight.",diverticulitis,Gastrointestinal
"The symptoms are acne or pimples, abnormal appearing skin, skin growth and skin rash. It began this morning.",fungal infection of the hair,Dermatological
"Patient reports changes in stool appearance, diarrhea and nausea.",gastrointestinal hemorrhage,Gastrointestinal
"The symptoms are blood in stool, nausea, sharp abdominal pain, flu-like syndrome, fever and diarrhea. It started two days ago.",infectious gastroenteritis,Febrile/Systemic
"The symptoms are fever, wheezing, abnormal breathing sounds, vomiting and shortness of breath. It started two days ago.",croup,Respiratory
"I feel unwell, with coryza, shortness of breath, vomiting, sharp chest pain, fever, sore throat and nasal congestion. It comes and goes.",acute bronchospasm,Respiratory
"The symptoms are nasal congestion, sharp chest pain, shortness of breath, leg swelling and chest tightness.",pulmonary congestion,Respiratory
"Lately I keep having leg pain, hemoptysis and shortness of breath. This has lasted about a week.",pulmonary embolism,Respiratory
"Complaining of shortness of breath, difficulty breathing, weakness, fever, sore throat, vomiting, chills and coryza. This has lasted about a week.",pneumonia,Respiratory
"My main problems are chills, burning abdominal pain, blood in stool, lower abdominal pain, nausea and constipation. It comes and goes.",diverticulitis,Gastrointestinal
"Since yesterday I've noticed sharp abdominal pain, chest tightness, headache, blood in stool, chills, flu-like syndrome, fever, nausea and decreased appetite. This has lasted about a week.",infectious gastroenteritis,Febrile/Systemic
"The symptoms are temper problems, depression, insomnia, drug abuse, anxiety and nervousness, delusions or hallucinations, disturbance of memory and abusing alcohol. This has lasted about a week.",depression,Musculoskeletal/Other
"I've been experiencing difficulty speaking, delusions or hallucinations, depression, fears and phobias, depressive or psychotic symptoms, hostile behavior, abusing alcohol and drug abuse and I'm worried. It got worse overnight.",marijuana abuse,Musculoskeletal/Other
"For the past few days I've had leg swelling, fatigue, difficulty breathing, chest tightness and recent pregnancy. It started two days ago.",hypertensive heart disease,Musculoskeletal/Other
"For the past few days I've had feeling ill, fever, chills, weakness, sharp abdominal pain and vomiting. It got worse overnight.",sepsis,Febrile/Systemic
"Complaining of arm swelling, hand or finger swelling, elbow pain, wrist swelling, arm pain, loss of sensation and bones are painful.",injury to the arm,Musculoskeletal/Other
"Chief complaint: sneezing, ear pain, nasal congestion, coryza and headache. It began this morning.",seasonal allergies (hay fever),Febrile/Systemic
"Chief complaint: apnea, mouth dryness, difficulty in swallowing, fatigue, weight gain and difficulty breathing. It got worse overnight.",obstructive sleep apnea (osa),Respiratory
"Chief complaint: fever, wheezing, shortness of breath, allergic reaction, cough, sharp chest pain and coryza.",asthma,Respiratory
"My main problems are loss of sex drive, excessive urination at night, impotence and involuntary urination.",erectile dysfunction,Musculoskeletal/Other
"I came in because of leg pain, difficulty breathing, sweating, hemoptysis and leg swelling.",pulmonary embolism,Respiratory
"I've been experiencing upper abdominal pain, pain of the anus and sharp abdominal pain and I'm worried. It started two days ago.",colonic polyp,Gastrointestinal
"For the past few days I've had too little hair, abnormal appearing skin, acne or pimples, skin dryness, peeling, scaliness, or roughness, dry or flaky scalp, skin growth and skin lesion. It got worse overnight.",seborrheic dermatitis,Dermatological
"Complaining of burning abdominal pain, flu-like syndrome, sharp abdominal pain, vomiting, diarrhea, blood in stool, fever and decreased appetite. It got worse overnight.",infectious gastroenteritis,Febrile/Systemic
"Since yesterday I've noticed lower body pain, side pain, stomach bloating, back pain, symptoms of the kidneys and upper abdominal pain.",cholecystitis,Gastrointestinal
"Complaining of abusing alcohol, excessive anger, smoking problems, drug abuse, cough, coughing up sputum and hurts to breath. This has lasted about a week.",smoking or tobacco addiction,Musculoskeletal/Other
"I feel unwell, with irregular appearing scalp, skin growth, skin swelling, abnormal appearing skin, long menstrual periods and skin moles.",acne,Dermatological
"I've been experiencing nasal congestion, coryza, cough and sharp chest pain and I'm worried. This has lasted about a week.",acute bronchospasm,Respiratory
"Complaining of vomiting, decreased appetite, chills, nausea, fever, blood in stool and flu-like syndrome. It started two days ago.",infectious gastroenteritis,Febrile/Systemic
"Since yesterday I've noticed burning abdominal pain, regurgitation, upper abdominal pain and regurgitation.1. This has lasted about a week.",gastroparesis,Gastrointestinal
"I've been experiencing abnormal breathing sounds, fatigue, abnormal involuntary movements, insomnia and weight gain and I'm worried. This has lasted about a week.",obstructive sleep apnea (osa),Respiratory
"The symptoms are vaginal discharge, long menstrual periods, painful urination and intermenstrual bleeding. It started two days ago.",idiopathic nonmenstrual bleeding,Musculoskeletal/Other
"Lately I keep having cough, fever, chills, sharp chest pain, nasal congestion and difficulty breathing.",pneumonia,Respiratory
"Patient reports rectal bleeding, nausea, headache, cramps and spasms, decreased appetite, vomiting and sharp abdominal pain. It began this morning.",noninfectious gastroenteritis,Febrile/Systemic
"Since yesterday I've noticed shortness of breath, hurts to breath, cough, difficulty breathing, sharp chest pain and chest tightness. It got worse overnight.",heart failure,Musculoskeletal/Other
"My main problems are weakness, sharp abdominal pain, shortness of breath, feeling ill and chills. This has lasted about a week.",sepsis,Febrile/Systemic
"Complaining of fever, decreased appetite, suprapubic pain, chills, weakness, sharp abdominal pain and shortness of breath. It comes and goes.",sepsis,Febrile/Systemic
"I have blood in stool, rectal bleeding, nausea, fever, vomiting, burning abdominal pain and headache. It began this morning.",noninfectious gastroenteritis,Febrile/Systemic
"I feel unwell, with chills, blood in stool, rectal bleeding, vomiting and fever. This has lasted about a week.",noninfectious gastroenteritis,Febrile/Systemic
"Patient reports nasal congestion, sore throat, cough, fever and vomiting.",acute bronchospasm,Respiratory
"For the past few days I've had shortness of breath, feeling ill, fever and sharp abdominal pain. It started two days ago.",sepsis,Febrile/Systemic
"Lately I keep having suprapubic pain, intermenstrual bleeding, back pain, vomiting, lower abdominal pain, burning abdominal pain, pelvic pain, pain in gums and sharp abdominal pain.",pelvic inflammatory disease,Musculoskeletal/Other
"Patient reports regurgitation.1, symptoms of the kidneys, upper abdominal pain, back pain, nausea, vomiting and side pain. It started two days ago.",cholecystitis,Gastrointestinal
"Since yesterday I've noticed fever, decreased appetite, diarrhea, fluid retention and blood in stool. It started two days ago.",infectious gastroenteritis,Febrile/Systemic
"Since yesterday I've noticed swollen lymph nodes, nasal congestion, headache, fever, sore throat, cough and skin rash. It got worse overnight.",mononucleosis,Febrile/Systemic
"Lately I keep having chills, burning abdominal pain, headache, vomiting, fluid retention and decreased appetite.",noninfectious gastroenteritis,Febrile/Systemic
"I've been experiencing vomiting, skin swelling, decreased appetite, ear pain, difficulty in swallowing, chills and sore throat and I'm worried.",strep throat,Musculoskeletal/Other
"The symptoms are skin dryness, peeling, scaliness, or roughness, itchy scalp, skin irritation, pelvic pain, skin rash and skin growth. It got worse overnight.",fungal infection of the hair,Dermatological
"I came in because of foreign body sensation in eye, diminished vision, eye deviation, blindness, symptoms of eye and pain in eye. It started two days ago.",myopia,Musculoskeletal/Other
"The symptoms are blood in stool, irritable infant, diarrhea, pulling at ears and fever.",diaper rash,Dermatological
"Complaining of diarrhea, headache, fever and decreased appetite.",infectious gastroenteritis,Febrile/Systemic
"I have cough, sore throat, painful sinuses, sinus congestion, coughing up sputum and frontal headache. It comes and goes.",acute sinusitis,Respiratory
"My main problems are symptoms of eye, skin moles, abnormal appearing skin, skin dryness, peeling, scaliness, or roughness and acne or pimples.",rosacea,Dermatological
"The symptoms are itchiness of eye, sore throat, cough, lacrimation, frontal headache and headache.",seasonal allergies (hay fever),Febrile/Systemic
"I've been experiencing leg swelling, difficulty breathing, cough and leg pain and I'm worried. It got worse overnight.",pulmonary embolism,Respiratory
"I feel unwell, with skin growth, bleeding or discharge from nipple and mouth dryness.",breast infection (mastitis),Musculoskeletal/Other
"My main problems are nasal congestion, sore throat, headache, vomiting and fever.",common cold,Respiratory
"Chief complaint: diarrhea, peripheral edema, jaundice, shortness of breath, sharp abdominal pain, upper abdominal pain, nausea and unusual color or odor to urine. It got worse overnight.",liver disease,Gastrointestinal
"Lately I keep having nasal congestion, sinus congestion and coughing up sputum.",acute sinusitis,Respiratory
"Since yesterday I've noticed vomiting blood, melena, rectal bleeding, weakness, dizziness and diarrhea. This has lasted about a week.",gastrointestinal hemorrhage,Gastrointestinal
"Since yesterday I've noticed cough, abnormal breathing sounds, coryza, vomiting, shortness of breath, wheezing and fever.",croup,Respiratory
"I've been experiencing wrist pain, ankle pain, knee pain and hand or finger swelling and I'm worried. It got worse overnight.",tendinitis,Musculoskeletal/Other
"Complaining of blood in stool, diarrhea, fever, nausea, flu-like syndrome, vomiting, sharp abdominal pain and headache. It got worse overnight.",infectious gastroenteritis,Febrile/Systemic
"Complaining of ear pain, nasal congestion, lacrimation and headache. This has lasted about a week.",seasonal allergies (hay fever),Febrile/Systemic
"I have upper abdominal pain, diarrhea, blood in stool, nausea and heartburn. It got worse overnight.",diverticulosis,Gastrointestinal
"Complaining of ear pain, flu-like syndrome, vomiting and fever.",common cold,Respiratory
"Complaining of skin rash, skin moles, irregular appearing scalp, skin dryness, peeling, scaliness, or roughness, symptoms of the face, skin swelling, skin lesion and skin growth.",actinic keratosis,Dermatological
"For the past few days I've had itchiness of eye, sore throat, ear pain, headache, allergic reaction and sneezing. It got worse overnight.",seasonal allergies (hay fever),Febrile/Systemic
"For the past few days I've had fever, temper problems, diaper rash, diarrhea and blood in stool. It comes and goes.",diaper rash,Dermatological
"The symptoms are difficulty breathing, chest tightness, wheezing, fever, sharp chest pain, chills and depressive or psychotic symptoms. This has lasted about a week.",acute respiratory distress syndrome (ards),Respiratory
"I have headache, nasal congestion, difficulty breathing, sore throat, congestion in chest, coughing up sputum, wheezing and cough. This has lasted about a week.",acute bronchitis,Respiratory
"My main problems are spots or clouds in vision, abnormal movement of eyelid, diminished vision, itchiness of eye, pain in eye and blindness. It began this morning.",macular degeneration,Musculoskeletal/Other
"Patient reports hostile behavior, lack of growth, antisocial behavior and depressive or psychotic symptoms. It comes and goes.",asperger syndrome,Musculoskeletal/Other
"For the past few days I've had sharp chest pain, leg pain, hemoptysis, difficulty breathing, leg swelling and cough. It started two days ago.",pulmonary embolism,Respiratory
"I came in because of acne or pimples, skin rash and foot or toe swelling.",callus,Dermatological
"I feel unwell, with diarrhea, sharp abdominal pain, muscle cramps, contractures, or spasms, nausea and chills.",noninfectious gastroenteritis,Febrile/Systemic
"I feel unwell, with vomiting, fever, neck pain and cough.",meningitis,Febrile/Systemic
"Since yesterday I've noticed blood in stool, vomiting, nausea, decreased appetite, sharp abdominal pain, painful sinuses, fluid retention, headache and chills. It comes and goes.",noninfectious gastroenteritis,Febrile/Systemic
"Lately I keep having cough, mouth ulcer, abnormal appearing skin, skin lesion, nasal congestion, sore in nose, skin rash and itching of skin.",impetigo,Dermatological
"For the past few days I've had allergic reaction, frontal headache, headache, itchiness of eye, lacrimation, ear pain and coryza. It started two days ago.",seasonal allergies (hay fever),Febrile/Systemic
"Chief complaint: cough, sore throat, wheezing, nasal congestion, coughing up sputum, headache and sharp chest pain. It comes and goes.",acute bronchitis,Respiratory
"I've been experiencing skin moles, acne or pimples, skin irritation, allergic reaction, skin dryness, peeling, scaliness, or roughness and skin rash and I'm worried. It comes and goes.",contact dermatitis,Dermatological
