text,label,syndrome_category
"Since yesterday I've noticed sinus congestion, cough, nasal congestion, fluid in ear, pulling at ears and fever. It comes and goes.",ear wax impaction,Musculoskeletal/Other
"I have itchy scalp, itching of skin, too little hair, acne or pimples, irregular appearing scalp and skin rash. This has lasted about a week.",fungal infection of the skin,Dermatological
"The symptoms are difficulty breathing, wheezing and weakness. It began this morning.",pneumonia,Respiratory
"My main problems are lower body pain, low back pain, neck pain, headache, bones are painful, symptoms of the scrotum and testes, wrist pain and sharp chest pain.",injury to the trunk,Musculoskeletal/Other
"Patient reports skin swelling, itching of skin, acne or pimples, skin growth, vulvar sore and skin irritation. It got worse overnight.",seborrheic keratosis,Dermatological
"My main problems are decreased appetite, headache, vomiting, diarrhea, nausea, chills and fluid retention.",infectious gastroenteritis,Febrile/Systemic
"I came in because of frontal headache, coryza, sore throat, coughing up sputum, sinus congestion and ear pain.",acute sinusitis,Respiratory
"Complaining of back pain, retention of urine, frequent urination, side pain and pelvic pain. It started two days ago.",cystitis,Musculoskeletal/Other
"Complaining of sharp abdominal pain, difficulty breathing, fever, suprapubic pain, weakness, shortness of breath and chills. This has lasted about a week.",sepsis,Febrile/Systemic
"The symptoms are lower abdominal pain, suprapubic pain, pain during intercourse, pain during pregnancy, vaginal discharge, vaginal itching and vaginal pain.",vaginitis,Musculoskeletal/Other
"The symptoms are mass or swelling around the anus, heartburn, constipation, changes in stool appearance, itching of the anus, lower body pain, rectal bleeding and sharp abdominal pain. It began this morning.",hemorrhoids,Gastrointestinal
"I came in because of disturbance of memory, difficulty speaking, depression, focal weakness and slurring words. It got worse overnight.",delirium,Musculoskeletal/Other
"The symptoms are skin moles, skin lesion, skin dryness, peeling, scaliness, or roughness, skin growth, skin irritation, skin swelling, lip swelling and irregular appearing scalp. This has lasted about a week.",skin cancer,Dermatological
"I've been experiencing neck swelling, diminished vision, gum pain, ear pain, facial pain, skin swelling, restlessness and toothache and I'm worried. It began this morning.",dental caries,Musculoskeletal/Other
"The symptoms are irregular heartbeat, increased heart rate, fainting, sharp chest pain and feeling ill. It began this morning.",sinus bradycardia,Musculoskeletal/Other
"Complaining of burning abdominal pain, sharp abdominal pain, regurgitation.1, blood in urine, sharp chest pain and side pain. It started two days ago.",gallstone,Gastrointestinal
"My main problems are irregular heartbeat, palpitations and burning chest pain. It began this morning.",coronary atherosclerosis,Musculoskeletal/Other
"For the past few days I've had upper abdominal pain, cough, sharp abdominal pain, burning abdominal pain, nausea, difficulty in swallowing, chest tightness and heartburn. This has lasted about a week.",esophagitis,Gastrointestinal
"I came in because of chills, fever, coryza, nasal congestion, wheezing, flu-like syndrome, vomiting and ear pain.",common cold,Respiratory
"I've been experiencing pulling at ears, joint pain, dry lips, temper problems and fever and I'm worried.",sickle cell anemia,Musculoskeletal/Other
"Since yesterday I've noticed coryza, difficulty breathing, sharp chest pain, sore throat, cough and coughing up sputum.",acute bronchitis,Respiratory
"Chief complaint: shoulder stiffness or tightness, leg pain, elbow swelling, arm pain, leg swelling, hip pain, arm stiffness or tightness and shoulder pain. It comes and goes.",bursitis,Musculoskeletal/Other
"Lately I keep having cough, sinus congestion, congestion in chest, fever and headache. It started two days ago.",chronic sinusitis,Respiratory
"I came in because of acne or pimples, too little hair, abnormal appearing skin and skin growth. It began this morning.",seborrheic dermatitis,Dermatological
"Chief complaint: itching of skin, skin lesion, hand or finger swelling, leg swelling and abnormal appearing skin.",insect bite,Musculoskeletal/Other
"My main problems are fatigue, sweating, sleepiness, apnea, insomnia, mouth dryness and difficulty breathing. It got worse overnight.",obstructive sleep apnea (osa),Respiratory
"I feel unwell, with facial pain, coryza, ear pain, fever and sinus congestion.",acute sinusitis,Respiratory
"The symptoms are pain in gums, jaw swelling, toothache, mouth ulcer, ear pain and peripheral edema. This has lasted about a week.",gum disease,Musculoskeletal/Other
"Since yesterday I've noticed skin rash, irregular appearing scalp, skin irritation, skin lesion, pelvic pain, itching of skin and abnormal appearing skin.",fungal infection of the hair,Dermatological
"For the past few days I've had diarrhea, nausea, fluid retention, burning abdominal pain, dizziness, chills and fever. It got worse overnight.",infectious gastroenteritis,Febrile/Systemic
"I feel unwell, with nosebleed, apnea, sore throat, difficulty breathing, facial pain, allergic reaction and headache.",deviated nasal septum,Respiratory
"I've been experiencing shortness of breath, heartburn, difficulty in swallowing, upper abdominal pain and vomiting and I'm worried. It comes and goes.",esophagitis,Gastrointestinal
"I have skin rash, skin lesion, itching of skin, abnormal appearing skin, itchy scalp, leg swelling, too little hair, acne or pimples and irregular appearing scalp.",fungal infection of the skin,Dermatological
"Chief complaint: peripheral edema, heartburn, neck pain, side pain, upper abdominal pain and nausea. This has lasted about a week.",liver disease,Gastrointestinal
"Since yesterday I've noticed skin lesion, abnormal appearing skin and irregular appearing scalp. This has lasted about a week.",fungal infection of the skin,Dermatological
"I feel unwell, with sharp chest pain, wheezing, shortness of breath, allergic reaction, cough, intermenstrual bleeding, difficulty breathing and chest tightness. It comes and goes.",asthma,Respiratory
"I have sharp chest pain, depression, vomiting, sharp abdominal pain, regurgitation.1, fever, nausea and diarrhea.",gastritis,Gastrointestinal
"Chief complaint: burning abdominal pain, fluid retention, fever, flu-like syndrome, headache and vomiting.",infectious gastroenteritis,Febrile/Systemic
"Since yesterday I've noticed skin lesion, skin growth, skin rash, abnormal appearing skin and skin dryness, peeling, scaliness, or roughness. It got worse overnight.",psoriasis,Dermatological
"I've been experiencing skin growth, skin lesion and skin swelling and I'm worried. This has lasted about a week.",viral warts,Dermatological
"I came in because of hand or finger swelling, peripheral edema, skin rash, skin swelling, skin lesion and foot or toe pain. It began this morning.",pyogenic skin infection,Dermatological
"For the past few days I've had feeling ill, skin lesion, abnormal appearing skin, skin irritation and loss of sex drive. It comes and goes.",scleroderma,Musculoskeletal/Other
"Chief complaint: feeling ill, suprapubic pain, sharp abdominal pain and shortness of breath. This has lasted about a week.",sepsis,Febrile/Systemic
"Chief complaint: blood in stool, fever, vomiting, headache, fluid retention, diarrhea, burning abdominal pain and sharp abdominal pain. It started two days ago.",infectious gastroenteritis,Febrile/Systemic
"I have abnormal involuntary movements, leg pain, dizziness, arm weakness and problems with movement.",peripheral nerve disorder,Musculoskeletal/Other
"Lately I keep having pelvic pain, itchy scalp, skin rash, acne or pimples, skin irritation, skin dryness, peeling, scaliness, or roughness and skin growth.",fungal infection of the hair,Dermatological
"Since yesterday I've noticed cough, sore throat, vomiting, nasal congestion, hoarse voice and abnormal breathing sounds. It got worse overnight.",croup,Respiratory
"The symptoms are cough, decreased appetite, sharp abdominal pain, shortness of breath, weakness, chills, feeling ill and difficulty breathing. It started two days ago.",sepsis,Febrile/Systemic
"I have fatigue, hip pain, depressive or psychotic symptoms and abnormal appearing skin.",lyme disease,Febrile/Systemic
"For the past few days I've had joint pain, irregular appearing scalp, skin rash and itching of skin. It got worse overnight.",psoriasis,Dermatological
"My main problems are headache, nasal congestion, coryza and allergic reaction. It got worse overnight.",seasonal allergies (hay fever),Febrile/Systemic
"Complaining of itching of skin, abnormal appearing skin, itchy scalp, skin growth and skin lesion. It began this morning.",psoriasis,Dermatological
"I came in because of itching of the anus, diarrhea, pain of the anus, cramps and spasms, heartburn, burning abdominal pain, constipation and blood in stool. It comes and goes.",rectal disorder,Gastrointestinal
"My main problems are congestion in chest, coughing up sputum, coryza, shortness of breath, chest tightness and cough.",chronic obstructive pulmonary disease (copd),Respiratory
"The symptoms are lower abdominal pain, vomiting, nausea, heartburn and upper abdominal pain. It began this morning.",diverticulosis,Gastrointestinal
"The symptoms are pain during pregnancy, fluid retention, decreased appetite, rectal bleeding, vomiting, fever and diarrhea.",noninfectious gastroenteritis,Febrile/Systemic
"I feel unwell, with headache, lacrimation, ear pain, itchiness of eye, allergic reaction and sneezing. It got worse overnight.",seasonal allergies (hay fever),Febrile/Systemic
"I came in because of coryza, chills, difficulty breathing and shortness of breath. It comes and goes.",pneumonia,Respiratory
"I've been experiencing itchy scalp, too little hair, excessive anger, acne or pimples, skin dryness, peeling, scaliness, or roughness, itching of skin, skin swelling and abnormal appearing skin and I'm worried. This has lasted about a week.",fungal infection of the skin,Dermatological
"Lately I keep having hemoptysis, vomiting, diarrhea, upper abdominal pain, sharp abdominal pain and back pain. It comes and goes.",acute pancreatitis,Gastrointestinal
"Since yesterday I've noticed nausea, decreased appetite, chills, sharp abdominal pain, vomiting, rectal bleeding and fever. It got worse overnight.",noninfectious gastroenteritis,Febrile/Systemic
"I've been experiencing coryza, shortness of breath, difficulty breathing, headache, congestion in chest, wheezing and fever and I'm worried. It started two days ago.",acute bronchitis,Respiratory
"Chief complaint: hand or finger swelling, foot or toe swelling, peripheral edema, leg swelling and leg pain.",pyogenic skin infection,Dermatological
"I feel unwell, with weakness, blood in stool, vomiting blood, diarrhea, rectal bleeding and changes in stool appearance. It began this morning.",gastrointestinal hemorrhage,Gastrointestinal
"The symptoms are shoulder lump or mass, groin mass, skin growth, back mass or lump, skin swelling and abnormal appearing skin. It started two days ago.",lipoma,Musculoskeletal/Other
"I feel unwell, with diarrhea, sharp abdominal pain, anxiety and nervousness, flatulence, burning abdominal pain and insomnia.",irritable bowel syndrome,Gastrointestinal
"Since yesterday I've noticed wheezing, decreased appetite, shoulder pain, pulling at ears, cough, hurts to breath and nasal congestion. It got worse overnight.",acute bronchiolitis,Respiratory
"I have leg pain, shoulder pain, leg weakness, low back pain and arm pain.",herniated disk,Gastrointestinal
"For the past few days I've had headache, hip pain, fluid retention and burning abdominal pain. It comes and goes.",infectious gastroenteritis,Febrile/Systemic
"Since yesterday I've noticed burning abdominal pain, changes in stool appearance, vomiting and constipation. It started two days ago.",chronic constipation,Gastrointestinal
"I feel unwell, with burning abdominal pain, upper abdominal pain, diarrhea, sharp chest pain, sharp abdominal pain, nausea, lower body pain and vomiting. It started two days ago.",acute pancreatitis,Gastrointestinal
"Lately I keep having vomiting, back pain, nausea and regurgitation.1. It began this morning.",gallstone,Gastrointestinal
"My main problems are chills, diarrhea, flu-like syndrome, sharp abdominal pain, blood in stool, nausea and headache. It got worse overnight.",infectious gastroenteritis,Febrile/Systemic
"Lately I keep having itching of skin, irregular appearing scalp, too little hair, skin swelling and acne or pimples.",alopecia,Dermatological
"Patient reports nasal congestion, chest tightness, cough and sharp chest pain. It started two days ago.",pulmonary congestion,Respiratory
"Chief complaint: skin swelling, abnormal appearing skin, symptoms of the face, skin moles, skin irritation, skin lesion and skin rash.",actinic keratosis,Dermatological
"I feel unwell, with difficulty breathing, sharp chest pain, feeling ill, cough, apnea and hemoptysis. It got worse overnight.",pulmonary hypertension,Respiratory
"For the past few days I've had blood in stool, mass or swelling around the anus, pain of the anus, lower body pain, rectal bleeding, itching of the anus, heartburn, dizziness and constipation.",hemorrhoids,Gastrointestinal
"Complaining of nasal congestion, coryza, wheezing, sore throat, pulling at ears and fever.",croup,Respiratory
"Chief complaint: shortness of breath, decreased appetite, chills, feeling ill, cough, weakness and vomiting.",sepsis,Febrile/Systemic
"The symptoms are fever, sharp chest pain, wheezing, headache, difficulty breathing and cough. This has lasted about a week.",acute bronchitis,Respiratory
"The symptoms are swollen eye, skin irritation, skin lesion and skin dryness, peeling, scaliness, or roughness. It started two days ago.",contact dermatitis,Dermatological
"I have difficulty breathing, weakness, fever, weight gain, chills, decreased appetite, shortness of breath and cough. It got worse overnight.",sepsis,Febrile/Systemic
"Since yesterday I've noticed infant feeding problem, foot or toe pain, irregular appearing nails, ankle pain, knee swelling, problems with movement and knee stiffness or tightness. It started two days ago.",injury to the leg,Musculoskeletal/Other
"Patient reports sharp chest pain, headache, cough, shoulder pain, facial pain, shortness of breath and chest tightness. It started two days ago.",sarcoidosis,Musculoskeletal/Other
"I came in because of upper abdominal pain, blood in stool, burning abdominal pain, chills and sharp abdominal pain. It got worse overnight.",diverticulitis,Gastrointestinal
"Complaining of warts, skin irritation, itching of skin, skin growth and skin rash.",seborrheic keratosis,Dermatological
"I came in because of pain during pregnancy, uterine contractions, sharp abdominal pain, problems during pregnancy, cramps and spasms, heavy menstrual flow and burning abdominal pain.",spontaneous abortion,Musculoskeletal/Other
"Complaining of irregular heartbeat, hot flashes, sharp chest pain, lower body pain and arm pain.",angina,Musculoskeletal/Other
"For the past few days I've had nausea, side pain, heartburn, sharp abdominal pain, sharp chest pain and lower body pain. It started two days ago.",gallstone,Gastrointestinal
"Chief complaint: headache, cough, allergic reaction, nasal congestion, lacrimation and frontal headache. It comes and goes.",seasonal allergies (hay fever),Febrile/Systemic
"My main problems are headache, blood in stool, sharp abdominal pain, vomiting, decreased appetite, diarrhea and fever.",infectious gastroenteritis,Febrile/Systemic
"I feel unwell, with nausea, vomiting, weakness and decreased appetite.",diabetic ketoacidosis,Musculoskeletal/Other
"Patient reports sharp abdominal pain, chest tightness and difficulty in swallowing.",gastroesophageal reflux disease (gerd),Gastrointestinal
"I came in because of insomnia, shortness of breath, mouth dryness, apnea, weight gain, abnormal breathing sounds, difficulty breathing and sweating. It began this morning.",obstructive sleep apnea (osa),Respiratory
"I feel unwell, with nausea, upper abdominal pain, changes in stool appearance, burning abdominal pain, vomiting blood, sharp abdominal pain and blood in stool. It got worse overnight.",gastroduodenal ulcer,Gastrointestinal
"Since yesterday I've noticed blood in stool, sharp abdominal pain, rectal bleeding, headache, burning abdominal pain and chills. This has lasted about a week.",noninfectious gastroenteritis,Febrile/Systemic
Chief complaint: mouth pain and sore throat. It began this morning.,oral mucosal lesion,Musculoskeletal/Other
"Patient reports abnormal breathing sounds, shortness of breath, difficulty in swallowing, difficulty breathing, sleepiness and insomnia.",obstructive sleep apnea (osa),Respiratory
"Chief complaint: paresthesia, arm pain, shoulder pain, loss of sensation and low back pain.",herniated disk,Gastrointestinal
"Lately I keep having vomiting blood, blood in stool, nausea, sharp abdominal pain and rectal bleeding.",gastrointestinal hemorrhage,Gastrointestinal
"The symptoms are coughing up sputum, coryza, cough, sore throat, nasal congestion, sharp chest pain and wheezing. It comes and goes.",chronic obstructive pulmonary disease (copd),Respiratory
"Patient reports abnormal appearing skin, skin lesion, skin rash, fever and sore in nose.",impetigo,Dermatological
"Since yesterday I've noticed skin lesion, skin swelling, skin rash, acne or pimples, itchy scalp, sharp abdominal pain, irregular appearing scalp, skin dryness, peeling, scaliness, or roughness and skin growth.",fungal infection of the hair,Dermatological
"Lately I keep having feeling ill, sharp chest pain, difficulty breathing, palpitations and hemoptysis. It comes and goes.",pulmonary hypertension,Respiratory
"Complaining of diminished hearing, plugged feeling in ear, pus draining from ear, cough, pulling at ears, redness in ear and ringing in ear. This has lasted about a week.",ear drum damage,Musculoskeletal/Other
"I've been experiencing vomiting blood, blood in stool, sharp chest pain, upper abdominal pain and vomiting and I'm worried.",gastroduodenal ulcer,Gastrointestinal
"My main problems are coryza, sore throat, lacrimation, frontal headache, cough and smoking problems. It began this morning.",seasonal allergies (hay fever),Febrile/Systemic
"I've been experiencing congestion in chest, difficulty breathing, sharp chest pain, nasal congestion, wheezing, fever, coryza and shortness of breath and I'm worried. This has lasted about a week.",acute bronchitis,Respiratory
"Complaining of sinus congestion, congestion in chest, headache and ear pain. It got worse overnight.",chronic sinusitis,Respiratory
"My main problems are skin growth, itching of skin, skin dryness, peeling, scaliness, or roughness, skin rash, too little hair and skin lesion.",seborrheic dermatitis,Dermatological
"Since yesterday I've noticed heartburn, diarrhea, itching of the anus, sharp abdominal pain, burning abdominal pain and constipation.",rectal disorder,Gastrointestinal
"The symptoms are hip pain, headache, shoulder pain, back pain, low back pain, neck pain and leg pain.",neuralgia,Musculoskeletal/Other
"Since yesterday I've noticed skin moles, skin swelling, skin lesion and skin rash.",dermatitis due to sun exposure,Dermatological
"The symptoms are difficulty breathing, coughing up sputum, nasal congestion, fever and chest tightness. It started two days ago.",asthma,Respiratory
"I came in because of cough, fever, ache all over and headache. It began this morning.",meningitis,Febrile/Systemic
"For the past few days I've had unusual color or odor to urine, feeling ill, weakness, decreased appetite, cough and sharp abdominal pain.",sepsis,Febrile/Systemic
"For the past few days I've had pain of the anus, constipation, nausea, lower abdominal pain and burning abdominal pain.",ileus,Gastrointestinal
"I came in because of swollen eye, neck swelling, foot or toe pain and foot or toe swelling.",ingrown toe nail,Musculoskeletal/Other
"Complaining of difficulty in swallowing, diarrhea, vomiting and sharp abdominal pain.",stomach cancer,Gastrointestinal
"Chief complaint: low back pain, skin dryness, peeling, scaliness, or roughness, wrist pain, back pain, neck pain, symptoms of the scrotum and testes, lower body pain and sharp chest pain. It comes and goes.",injury to the trunk,Musculoskeletal/Other
"Complaining of lower abdominal pain, headache, vomiting, nausea, diarrhea and sharp abdominal pain. It comes and goes.",ileus,Gastrointestinal
"My main problems are sharp chest pain, shortness of breath, vomiting, fever, nasal congestion, coryza and cough. It began this morning.",acute bronchospasm,Respiratory
"For the past few days I've had cough, allergic reaction, headache, lacrimation, ear pain and frontal headache.",seasonal allergies (hay fever),Febrile/Systemic
"Patient reports nausea, lower abdominal pain, burning abdominal pain and sharp abdominal pain.",irritable bowel syndrome,Gastrointestinal
"Chief complaint: headache, skin lesion, symptoms of the face, dry or flaky scalp, skin growth, acne or pimples, too little hair and skin rash. It began this morning.",seborrheic dermatitis,Dermatological
"The symptoms are pain of the anus, blood in stool, fever, itching of the anus and mass or swelling around the anus. It began this morning.",hemorrhoids,Gastrointestinal
"The symptoms are diarrhea, fever, burning abdominal pain, blood in stool and chills.",noninfectious gastroenteritis,Febrile/Systemic
"For the past few days I've had chills, rectal bleeding, sharp abdominal pain, fluid retention, fever and diarrhea.",noninfectious gastroenteritis,Febrile/Systemic
"Lately I keep having pain in testicles, retention of urine, impotence, hesitancy and swelling of scrotum.",benign prostatic hyperplasia (bph),Musculoskeletal/Other
"My main problems are cough, coryza, fever, nasal congestion, allergic reaction, chest tightness, shortness of breath and difficulty breathing. This has lasted about a week.",asthma,Respiratory
"Patient reports coughing up sputum, painful sinuses, facial pain, difficulty in swallowing, sore throat and ear pain. This has lasted about a week.",acute sinusitis,Respiratory
"Complaining of unusual color or odor to urine, nausea, shortness of breath, heartburn, upper abdominal pain, jaundice and weakness. It began this morning.",liver disease,Gastrointestinal
"Complaining of hoarse voice, fever and pulling at ears. It got worse overnight.",croup,Respiratory
My main problems are sore throat. It got worse overnight.,common cold,Respiratory
"The symptoms are uterine contractions, pain during pregnancy, back cramps or spasms, intermenstrual bleeding and spotting or bleeding during pregnancy. It began this morning.",uterine atony,Musculoskeletal/Other
"I have sharp chest pain, weakness, cough and shortness of breath. This has lasted about a week.",pulmonary congestion,Respiratory
"The symptoms are back pain, hemoptysis, abusing alcohol, upper abdominal pain and vomiting. It got worse overnight.",acute pancreatitis,Gastrointestinal
"Chief complaint: foreign body sensation in eye, headache, symptoms of eye, cloudy eye and eye burns or stings. It began this morning.",iridocyclitis,Musculoskeletal/Other
"Patient reports pain of the anus, rectal bleeding, lower abdominal pain, constipation, nausea and retention of urine.",chronic constipation,Gastrointestinal
"Since yesterday I've noticed vomiting, upper abdominal pain, heartburn and lower body pain.",gallstone,Gastrointestinal
"Patient reports disturbance of memory, foot or toe pain, leg swelling, problems with movement, paresthesia, arm pain and leg weakness. It comes and goes.",peripheral nerve disorder,Musculoskeletal/Other
"My main problems are skin irritation, abnormal appearing skin, acne or pimples, skin dryness, peeling, scaliness, or roughness, pain in eye, skin swelling, cough and skin lesion. This has lasted about a week.",eczema,Dermatological
"I feel unwell, with shortness of breath, vomiting, chills and cough. It got worse overnight.",sepsis,Febrile/Systemic
"Patient reports abnormal appearing skin, swollen lymph nodes, skin swelling, irregular appearing scalp, skin growth and itchy eyelid. It began this morning.",melanoma,Dermatological
"Patient reports nasal congestion, shortness of breath, hurts to breath, wheezing, cough, irritable infant and vomiting. It comes and goes.",acute bronchiolitis,Respiratory
"Patient reports leg pain, back pain, sharp abdominal pain, ache all over, knee pain and hip pain. It started two days ago.",chronic pain disorder,Musculoskeletal/Other
"I have headache, cough, sore throat, vomiting, diarrhea and chills. It began this morning.",flu,Respiratory
"Since yesterday I've noticed nausea, changes in stool appearance, heartburn, burning abdominal pain and upper abdominal pain. This has lasted about a week.",gastroduodenal ulcer,Gastrointestinal
"Patient reports skin swelling, hand or finger swelling, peripheral edema, foot or toe pain and foot or toe swelling. This has lasted about a week.",pyogenic skin infection,Dermatological
"I feel unwell, with too little hair, dry or flaky scalp, itching of skin, abnormal appearing skin and irregular appearing scalp. It started two days ago.",seborrheic dermatitis,Dermatological
"For the past few days I've had hip pain, leg pain, arm pain, shoulder pain and low back pain. It got worse overnight.",neuralgia,Musculoskeletal/Other
"Lately I keep having skin swelling, lymphedema, skin dryness, peeling, scaliness, or roughness, itching of skin, skin lesion and skin moles. It got worse overnight.",rosacea,Dermatological
"For the past few days I've had skin swelling, skin moles, joint pain, skin lesion, sleepiness, skin rash, irregular appearing scalp and itching of skin.",psoriasis,Dermatological
"My main problems are nasal congestion, fever, headache, sore throat, shortness of breath and wheezing. It comes and goes.",interstitial lung disease,Respiratory
"I have nausea, fluid retention, decreased appetite and headache. It comes and goes.",infectious gastroenteritis,Febrile/Systemic
"For the past few days I've had weakness, side pain, nausea, sharp abdominal pain, diarrhea, unusual color or odor to urine, jaundice and upper abdominal pain. It got worse overnight.",liver disease,Gastrointestinal
"Since yesterday I've noticed vomiting, sharp abdominal pain, burning abdominal pain, blood in stool, headache and flu-like syndrome. This has lasted about a week.",infectious gastroenteritis,Febrile/Systemic
"Chief complaint: chills, headache, vomiting, fluid retention and nausea.",infectious gastroenteritis,Febrile/Systemic
"Since yesterday I've noticed allergic reaction, pain in eye, swollen eye, sneezing, eye burns or stings, lacrimation, nasal congestion and symptoms of eye. It started two days ago.",conjunctivitis due to allergy,Musculoskeletal/Other
"Complaining of joint pain, skin rash, skin growth, itching of skin and irregular appearing scalp.",psoriasis,Dermatological
"The symptoms are hip pain, frequent urination and abnormal appearing skin.",lyme disease,Febrile/Systemic
"I've been experiencing suprapubic pain, feeling ill and fever and I'm worried. It began this morning.",sepsis,Febrile/Systemic
"Since yesterday I've noticed cough, nasal congestion, sharp chest pain, chills, shortness of breath, weakness, vomiting and sore throat. This has lasted about a week.",pneumonia,Respiratory
"I came in because of itching of skin, skin moles, abnormal appearing skin, skin irritation, allergic reaction, skin lesion, skin rash and swollen eye.",contact dermatitis,Dermatological
"I feel unwell, with sweating, mouth dryness, difficulty in swallowing, sleepiness, abnormal breathing sounds and weight gain. It started two days ago.",obstructive sleep apnea (osa),Respiratory
"I have vomiting, side pain and lower abdominal pain.",hydronephrosis,Musculoskeletal/Other
"I've been experiencing skin lesion, fever, mouth ulcer, cough and skin swelling and I'm worried. This has lasted about a week.",impetigo,Dermatological
"Since yesterday I've noticed difficulty breathing, shortness of breath, vomiting, cough, chest tightness and sore throat. It started two days ago.",acute bronchospasm,Respiratory
"Chief complaint: disturbance of memory, lip swelling and weakness. It started two days ago.",multiple myeloma,Musculoskeletal/Other
"Patient reports skin rash, skin dryness, peeling, scaliness, or roughness, itching of skin, abnormal appearing skin, skin irritation, irregular appearing scalp and pelvic pain.",fungal infection of the hair,Dermatological
"My main problems are skin swelling, skin dryness, peeling, scaliness, or roughness, too little hair, acne or pimples and skin lesion. This has lasted about a week.",fungal infection of the skin,Dermatological
"The symptoms are cough, neck stiffness or tightness, ache all over, vomiting and nausea.",meningitis,Febrile/Systemic
"Since yesterday I've noticed itching of skin, acne or pimples, irregular appearing scalp, warts and skin moles. It began this morning.",skin polyp,Dermatological
"I feel unwell, with cough, frontal headache, headache, itchiness of eye and allergic reaction. This has lasted about a week.",seasonal allergies (hay fever),Febrile/Systemic
"The symptoms are dizziness, stiffness all over, focal weakness, weakness, leg stiffness or tightness and abnormal involuntary movements. This has lasted about a week.",parkinson disease,Musculoskeletal/Other
"Since yesterday I've noticed redness in ear, sore throat, dizziness and allergic reaction. It comes and goes.",eustachian tube dysfunction (ear disorder),Musculoskeletal/Other
"Chief complaint: itching of the anus, sharp abdominal pain, pain of the anus, heartburn and cramps and spasms.",rectal disorder,Gastrointestinal
"I feel unwell, with skin on leg or foot looks infected, abnormal appearing skin, foot or toe swelling, swollen eye and skin on arm or hand looks infected.",ingrown toe nail,Musculoskeletal/Other
"Since yesterday I've noticed shortness of breath, difficulty in swallowing, insomnia and abnormal breathing sounds.",obstructive sleep apnea (osa),Respiratory
"For the past few days I've had nausea, fever, headache, neck pain, neck stiffness or tightness and cough. This has lasted about a week.",meningitis,Febrile/Systemic
"The symptoms are sharp chest pain, headache, difficulty in swallowing, nasal congestion, throat swelling and cough.",abscess of the pharynx,Dermatological
"Complaining of cough, irregular appearing scalp, itching of skin, abnormal appearing skin, skin lesion, skin irritation and acne or pimples. It comes and goes.",eczema,Dermatological
"Chief complaint: sharp abdominal pain, blood in stool, cramps and spasms, melena, itching of the anus and heartburn. This has lasted about a week.",rectal disorder,Gastrointestinal
"The symptoms are pain in eye, eye redness, peripheral edema, diminished hearing and swollen eye.",orbital cellulitis,Dermatological
"For the past few days I've had symptoms of eye, itchy eyelid, pain in eye, itchiness of eye, spots or clouds in vision and foreign body sensation in eye. It got worse overnight.",glaucoma,Musculoskeletal/Other
"Chief complaint: chills, decreased appetite, burning abdominal pain, headache and nausea.",noninfectious gastroenteritis,Febrile/Systemic
"I feel unwell, with abnormal appearing skin, fever, headache and symptoms of the face. This has lasted about a week.",lyme disease,Febrile/Systemic
"Chief complaint: coryza, ear pain, sore throat, facial pain, painful sinuses, sinus congestion and frontal headache. It began this morning.",acute sinusitis,Respiratory
"Since yesterday I've noticed feeling ill, difficulty breathing and sharp chest pain. It started two days ago.",pulmonary hypertension,Respiratory
"Patient reports nausea, regurgitation.1, vomiting, pain of the anus, regurgitation, diarrhea, rectal bleeding and sharp abdominal pain. This has lasted about a week.",crohn disease,Gastrointestinal
"Chief complaint: ankle swelling, foot or toe pain and ankle pain.",gout,Musculoskeletal/Other
"I've been experiencing arm weakness, leg pain, hip pain, low back pain, arm pain, back pain, leg weakness and neck pain and I'm worried. It comes and goes.",herniated disk,Gastrointestinal
"Complaining of lip swelling, skin rash, peripheral edema, leg swelling and abnormal appearing skin.",insect bite,Musculoskeletal/Other
"I've been experiencing foot or toe swelling, abnormal appearing skin, leg pain, skin rash, peripheral edema and foot or toe pain and I'm worried.",pyogenic skin infection,Dermatological
"I have suprapubic pain, chills, decreased appetite, difficulty breathing, weakness, shortness of breath and cough. It started two days ago.",sepsis,Febrile/Systemic
"I've been experiencing upper abdominal pain, shortness of breath, blood in stool, diarrhea, sharp abdominal pain and side pain and I'm worried.",liver disease,Gastrointestinal
"Chief complaint: sharp abdominal pain, nausea, fever, bones are painful and rectal bleeding. It began this morning.",noninfectious gastroenteritis,Febrile/Systemic
"For the past few days I've had coryza, fever, nasal congestion, congestion in chest, coughing up sputum, shortness of breath and chest tightness. It comes and goes.",chronic obstructive pulmonary disease (copd),Respiratory
"My main problems are dizziness, problems with movement, seizures, nausea, sweating, abnormal involuntary movements, weakness and fainting.",hypoglycemia,Musculoskeletal/Other
"Lately I keep having fever, diarrhea, sharp abdominal pain and vomiting. It started two days ago.",infectious gastroenteritis,Febrile/Systemic
"I have eye redness, allergic reaction, nasal congestion, sneezing, cough, itchiness of eye and swollen eye. It comes and goes.",conjunctivitis due to allergy,Musculoskeletal/Other
"I feel unwell, with cough, hemoptysis, side pain, weakness, shortness of breath, leg pain and sweating.",pulmonary embolism,Respiratory
"I feel unwell, with skin swelling, irregular appearing scalp, feeling ill, skin growth and acne or pimples. It started two days ago.",alopecia,Dermatological
"Complaining of cough, diarrhea, fever and arm pain. It started two days ago.",flu,Respiratory
Patient reports sharp chest pain and hand or finger stiffness or tightness. It started two days ago.,systemic lupus erythematosis (sle),Musculoskeletal/Other
"Patient reports sharp abdominal pain, rectal bleeding, retention of urine and hip pain.",chronic constipation,Gastrointestinal
"I have weakness, dizziness, blood in stool, changes in stool appearance, nausea, vomiting and sharp abdominal pain.",gastrointestinal hemorrhage,Gastrointestinal
"For the past few days I've had heartburn, regurgitation, regurgitation.1, upper abdominal pain, vomiting blood, lower body pain, difficulty in swallowing, nausea and sharp abdominal pain. It comes and goes.",hiatal hernia,Gastrointestinal
"I have chills, sharp abdominal pain, vomiting, weakness, difficulty breathing, fever and cough.",sepsis,Febrile/Systemic
"Since yesterday I've noticed nausea, sharp abdominal pain, difficulty in swallowing, heartburn, sore throat and skin lesion.",esophagitis,Gastrointestinal
"I have nausea, fainting, changes in stool appearance, diarrhea, vomiting, rectal bleeding and blood in stool. This has lasted about a week.",gastrointestinal hemorrhage,Gastrointestinal
"Chief complaint: foot or toe pain, knee pain, hand or finger swelling, joint pain, hand or finger pain, ankle swelling and foot or toe swelling. It got worse overnight.",gout,Musculoskeletal/Other
"I came in because of nausea, headache, coryza and chills. It got worse overnight.",flu,Respiratory
"Patient reports headache, nasal congestion, cough and sore throat.",mononucleosis,Febrile/Systemic
"My main problems are fever, coryza and sore throat. It got worse overnight.",acute sinusitis,Respiratory
"Patient reports skin lesion, skin swelling and lip swelling. It comes and goes.",viral warts,Dermatological
"I came in because of fluid retention, fever, decreased appetite, blood in stool, nausea, vaginal discharge and chills. This has lasted about a week.",infectious gastroenteritis,Febrile/Systemic
"I have acne or pimples, skin moles and long menstrual periods.",acne,Dermatological
"My main problems are shortness of breath, chest tightness, coryza, congestion in chest, sore throat, lymphedema, cough, fever and nasal congestion.",chronic obstructive pulmonary disease (copd),Respiratory
"Patient reports allergic reaction, itching of skin, skin dryness, peeling, scaliness, or roughness, swollen eye and skin rash. This has lasted about a week.",contact dermatitis,Dermatological
"I've been experiencing obsessions and compulsions, depressive or psychotic symptoms, headache, hostile behavior, drug abuse and smoking problems and I'm worried.",neurosis,Musculoskeletal/Other
"Complaining of allergic reaction, headache, ear pain, frontal headache, lacrimation, nasal congestion and itchiness of eye. It started two days ago.",seasonal allergies (hay fever),Febrile/Systemic
"Complaining of decreased appetite, blood in stool, fluid retention, diarrhea, sharp abdominal pain, vomiting and fever. It got worse overnight.",infectious gastroenteritis,Febrile/Systemic
"I've been experiencing irregular appearing scalp, skin lesion, warts, abnormal appearing skin, skin growth, acne or pimples and skin rash and I'm worried.",skin pigmentation disorder,Dermatological
"Chief complaint: suprapubic pain, painful urination, retention of urine, back pain, frequent urination and lower abdominal pain. It comes and goes.",kidney stone,Musculoskeletal/Other
"I feel unwell, with diarrhea, ache all over, sharp abdominal pain, abusing alcohol, vaginal discharge and back pain. It began this morning.",chronic pancreatitis,Gastrointestinal
"The symptoms are coughing up sputum, frontal headache, sore throat and facial pain.",acute sinusitis,Respiratory
"I came in because of diarrhea, sharp abdominal pain, nausea, fever, blood in stool, decreased appetite and vomiting.",infectious gastroenteritis,Febrile/Systemic
"I feel unwell, with hostile behavior, depression, hysterical behavior, excessive anger, abusing alcohol, insomnia, delusions or hallucinations and fears and phobias. It began this morning.",psychotic disorder,Musculoskeletal/Other
"For the past few days I've had side pain, upper abdominal pain, sharp abdominal pain and back pain.",cholecystitis,Gastrointestinal
"The symptoms are jaw swelling, mouth pain, lip swelling and neck swelling. It started two days ago.",tooth abscess,Dermatological
"For the past few days I've had nausea, vomiting, upper abdominal pain, sharp abdominal pain, lower body pain, regurgitation.1 and burning abdominal pain. This has lasted about a week.",gallstone,Gastrointestinal
"Since yesterday I've noticed ankle swelling, leg swelling, irregular appearing nails, foot or toe swelling, knee stiffness or tightness, leg pain, ankle pain and foot or toe pain. It comes and goes.",injury to the leg,Musculoskeletal/Other
"Chief complaint: skin irritation, allergic reaction, skin lesion, itching of skin, skin moles and acne or pimples. It got worse overnight.",contact dermatitis,Dermatological
"I came in because of irregular appearing scalp, itching of skin, skin rash, skin swelling and skin dryness, peeling, scaliness, or roughness. This has lasted about a week.",psoriasis,Dermatological
"Since yesterday I've noticed lower abdominal pain, diarrhea, upper abdominal pain, sharp abdominal pain, flatulence and insomnia.",irritable bowel syndrome,Gastrointestinal
"The symptoms are cough, coryza, headache, sore throat, difficulty breathing, wheezing, sharp chest pain and coughing up sputum.",acute bronchitis,Respiratory
"For the past few days I've had skin swelling, nasal congestion, lower body pain, mouth ulcer, cough and abnormal appearing skin. It began this morning.",impetigo,Dermatological
"For the past few days I've had sneezing, itchiness of eye, cough, coryza and headache.",seasonal allergies (hay fever),Febrile/Systemic
"For the past few days I've had fever, shortness of breath, nasal congestion, chest tightness, sharp chest pain, coughing up sputum and sore throat. It started two days ago.",chronic obstructive pulmonary disease (copd),Respiratory
"Complaining of coughing up sputum, coryza, headache, shortness of breath, fever and sharp chest pain.",acute bronchitis,Respiratory
"Chief complaint: itching of skin, skin irritation, irregular appearing scalp, acne or pimples, skin lesion, skin dryness, peeling, scaliness, or roughness and abnormal appearing skin.",skin disorder,Dermatological
"I feel unwell, with itchiness of eye, sneezing, cough, frontal headache, sore throat and lacrimation. It got worse overnight.",seasonal allergies (hay fever),Febrile/Systemic
"I have vaginal itching, constipation, stomach bloating, vomiting and nausea. This has lasted about a week.",intestinal obstruction,Gastrointestinal
"Since yesterday I've noticed pain during intercourse, fatigue, loss of sex drive and involuntary urination. It started two days ago.",psychosexual disorder,Musculoskeletal/Other
"I've been experiencing vomiting blood, burning abdominal pain, changes in stool appearance, sharp abdominal pain and upper abdominal pain and I'm worried.",gastroduodenal ulcer,Gastrointestinal
"I feel unwell, with mouth dryness, abusing alcohol, weight gain, apnea, sleepiness and abnormal involuntary movements. It began this morning.",obstructive sleep apnea (osa),Respiratory
"I have skin irritation, acne or pimples, skin growth, itching of skin and skin dryness, peeling, scaliness, or roughness. This has lasted about a week.",fungal infection of the hair,Dermatological
"Complaining of itchiness of eye, lacrimation, coryza, cough, sneezing and ear pain. It started two days ago.",seasonal allergies (hay fever),Febrile/Systemic
"I've been experiencing burning abdominal pain, decreased appetite, vomiting, fluid retention, chills, sharp abdominal pain and blood in stool and I'm worried.",noninfectious gastroenteritis,Febrile/Systemic
"Complaining of low back pain, neck pain, arm weakness and loss of sensation. It got worse overnight.",herniated disk,Gastrointestinal
"I came in because of vomiting, cough, shortness of breath, difficulty breathing, fever, weakness and feeling ill. It started two days ago.",sepsis,Febrile/Systemic
"Since yesterday I've noticed rectal bleeding, vomiting, burning abdominal pain, decreased appetite, nausea and sharp abdominal pain. It comes and goes.",noninfectious gastroenteritis,Febrile/Systemic
"I've been experiencing irregular appearing scalp, hostile behavior, depressive or psychotic symptoms, disturbance of memory and delusions or hallucinations and I'm worried.",alzheimer disease,Musculoskeletal/Other
"The symptoms are itching of skin, acne or pimples, pain in eye and skin growth.",alopecia,Dermatological
"For the past few days I've had sharp abdominal pain, difficulty in swallowing, nausea, burning abdominal pain, cough and shortness of breath. It comes and goes.",esophagitis,Gastrointestinal
"Since yesterday I've noticed vomiting, weakness, chills, feeling ill, decreased appetite, sharp abdominal pain and shortness of breath.",sepsis,Febrile/Systemic
"I came in because of sore throat, frontal headache, coughing up sputum, fever, sinus congestion, painful sinuses and ear pain. It got worse overnight.",acute sinusitis,Respiratory
"The symptoms are ache all over, sharp chest pain, low back pain, back pain and neck pain. It began this morning.",fibromyalgia,Musculoskeletal/Other
"I have hurts to breath, cough, coryza, shortness of breath, vomiting and fever. It started two days ago.",acute bronchiolitis,Respiratory
"Since yesterday I've noticed throat feels tight, shortness of breath and dizziness.",chronic rheumatic fever,Febrile/Systemic
"Patient reports allergic reaction, skin rash, itching of skin, skin swelling and skin lesion.",contact dermatitis,Dermatological
"For the past few days I've had melena, changes in stool appearance, heartburn, mass or swelling around the anus, pain of the anus, blood in stool, sharp abdominal pain and rectal bleeding. It started two days ago.",hemorrhoids,Gastrointestinal
"I came in because of sinus congestion, cough, congestion in chest and facial pain.",chronic sinusitis,Respiratory
"Lately I keep having skin rash, skin growth, symptoms of the face, skin dryness, peeling, scaliness, or roughness and acne or pimples. This has lasted about a week.",seborrheic dermatitis,Dermatological
"I've been experiencing blood in urine, back pain, retention of urine, painful urination, side pain, involuntary urination, sharp abdominal pain and suprapubic pain and I'm worried.",cystitis,Musculoskeletal/Other
"I've been experiencing coryza, cough, fever, chills and sharp chest pain and I'm worried. It comes and goes.",pneumonia,Respiratory
"I came in because of diarrhea, sharp abdominal pain, cough and flatulence.",intestinal malabsorption,Gastrointestinal
"I feel unwell, with frequent urination, painful urination, nausea, vomiting, lower abdominal pain and blood in urine. This has lasted about a week.",pyelonephritis,Musculoskeletal/Other
"The symptoms are lacrimation, coryza, allergic reaction, sneezing, ear pain, pelvic pain and nasal congestion. This has lasted about a week.",seasonal allergies (hay fever),Febrile/Systemic
"Patient reports difficulty breathing, cough, suprapubic pain, vomiting, fever, feeling ill, weakness and decreased appetite. This has lasted about a week.",sepsis,Febrile/Systemic
"Complaining of eye redness, peripheral edema and arm pain. This has lasted about a week.",orbital cellulitis,Dermatological
"I came in because of skin rash, itching of skin, sore in nose, nasal congestion, skin lesion, cough and mouth ulcer. It began this morning.",impetigo,Dermatological
"I came in because of pulling at ears, temper problems, skin rash, blood in stool and diaper rash. This has lasted about a week.",diaper rash,Dermatological
"Since yesterday I've noticed knee pain, nasal congestion, itchiness of eye, frontal headache, lacrimation, sneezing and allergic reaction. This has lasted about a week.",seasonal allergies (hay fever),Febrile/Systemic
"Patient reports back pain, side pain, sharp abdominal pain, nausea, cough, abusing alcohol, sharp chest pain and burning abdominal pain. It comes and goes.",acute pancreatitis,Gastrointestinal
"My main problems are itching of skin, skin swelling, skin rash and skin growth. It began this morning.",alopecia,Dermatological
"My main problems are fever, side pain, lower abdominal pain, vomiting, upper abdominal pain, nausea and blood in stool. This has lasted about a week.",diverticulitis,Gastrointestinal
"I came in because of nasal congestion, irritable infant, decreased appetite, vomiting, cough, wheezing, shortness of breath and difficulty breathing. It comes and goes.",acute bronchiolitis,Respiratory
"The symptoms are dizziness, ear pain, nasal congestion, swollen or red tonsils, plugged feeling in ear, abnormal breathing sounds, sore throat, redness in ear and vomiting. It started two days ago.",eustachian tube dysfunction (ear disorder),Musculoskeletal/Other
"The symptoms are wheezing, shortness of breath, coryza, headache, cough and fever. This has lasted about a week.",acute bronchitis,Respiratory
"Since yesterday I've noticed skin irritation, itching of skin, skin growth, skin lesion, skin moles and warts. This has lasted about a week.",seborrheic keratosis,Dermatological
"Complaining of fever, sharp chest pain and chest tightness. It began this morning.",pulmonary fibrosis,Respiratory
"Since yesterday I've noticed burning abdominal pain, skin lesion, chills, sharp abdominal pain, headache, fluid retention and diarrhea. It began this morning.",infectious gastroenteritis,Febrile/Systemic
"My main problems are dizziness, lower abdominal pain, sharp abdominal pain, pain of the anus and burning abdominal pain. It got worse overnight.",ileus,Gastrointestinal
"Lately I keep having loss of sensation, low back pain, shoulder pain, hip pain and leg weakness. It began this morning.",herniated disk,Gastrointestinal
"My main problems are fever, congestion in chest, cough, wheezing, sore throat, coughing up sputum and shortness of breath.",acute bronchitis,Respiratory
"For the past few days I've had temper problems, obsessions and compulsions, fainting, low self-esteem, hostile behavior, excessive anger, low urine output and antisocial behavior. It comes and goes.",oppositional disorder,Musculoskeletal/Other
"The symptoms are itchiness of eye, allergic reaction, coryza, lacrimation, itching of the anus, sneezing, frontal headache, nasal congestion and ear pain. It comes and goes.",seasonal allergies (hay fever),Febrile/Systemic
"For the past few days I've had itching of skin, warts, acne or pimples, skin growth, skin swelling, abnormal appearing skin, skin dryness, peeling, scaliness, or roughness and irregular appearing scalp. It got worse overnight.",skin polyp,Dermatological
"I have facial pain, allergic reaction, frontal headache and painful sinuses. It comes and goes.",nasal polyp,Respiratory
"I have skin lesion, itching of skin, skin growth, abnormal appearing skin, skin moles, skin dryness, peeling, scaliness, or roughness, skin irritation and irregular appearing scalp. It comes and goes.",skin disorder,Dermatological
"I have difficulty breathing, wheezing, coughing up sputum, shortness of breath, sore throat, sharp chest pain, congestion in chest and headache. It got worse overnight.",acute bronchitis,Respiratory
"I feel unwell, with cramps and spasms, sharp abdominal pain, vaginal itching, pelvic pain, long menstrual periods and painful menstruation. It comes and goes.",idiopathic painful menstruation,Musculoskeletal/Other
"For the past few days I've had lower body pain, hip pain, loss of sensation, neck pain, back cramps or spasms, side pain and low back pain.",chronic back pain,Musculoskeletal/Other
Lately I keep having sharp chest pain and paresthesia. It began this morning.,pulmonary eosinophilia,Respiratory
"I feel unwell, with disturbance of memory, problems with movement, dizziness, stiffness all over, leg stiffness or tightness, abnormal involuntary movements, weakness and difficulty speaking. It began this morning.",parkinson disease,Musculoskeletal/Other
"Chief complaint: fluid retention, nausea, diarrhea, flu-like syndrome, decreased appetite, blood in stool, headache and sharp abdominal pain. This has lasted about a week.",infectious gastroenteritis,Febrile/Systemic
"Since yesterday I've noticed sharp chest pain, ache all over, back pain, hip pain, heartburn, arm pain, vomiting and leg pain. It got worse overnight.",sickle cell crisis,Musculoskeletal/Other
"Complaining of ringing in ear, itchy ear(s), ear pain and sore throat.",otitis externa (swimmer's ear),Musculoskeletal/Other
"I came in because of sharp chest pain, elbow swelling, shoulder pain, symptoms of the scrotum and testes, back pain and neck pain. This has lasted about a week.",injury to the trunk,Musculoskeletal/Other
"I came in because of lower abdominal pain, blood in stool, burning abdominal pain, constipation and lymphedema.",chronic constipation,Gastrointestinal
"The symptoms are sharp chest pain, congestion in chest, headache, fever, peripheral edema, difficulty breathing, shortness of breath and sore throat. This has lasted about a week.",acute bronchitis,Respiratory
"I came in because of ear pain, fluid in ear, nasal congestion, pulling at ears, cough, sinus congestion and ringing in ear. This has lasted about a week.",ear wax impaction,Musculoskeletal/Other
"I feel unwell, with skin dryness, peeling, scaliness, or roughness, skin growth, skin moles, skin swelling, abnormal appearing skin, warts and skin lesion.",skin polyp,Dermatological
"Chief complaint: lower abdominal pain, sharp abdominal pain, intermenstrual bleeding and pain during pregnancy. This has lasted about a week.",ectopic pregnancy,Musculoskeletal/Other
"I have decreased appetite, fever, chills, flu-like syndrome, fluid retention and burning abdominal pain. It got worse overnight.",infectious gastroenteritis,Febrile/Systemic
"Lately I keep having anxiety and nervousness, fears and phobias, hostile behavior, hysterical behavior, excessive anger, depressive or psychotic symptoms, depression and insomnia.",schizophrenia,Musculoskeletal/Other
"I came in because of feeling ill, sharp chest pain, cough, shortness of breath and apnea. It began this morning.",pulmonary hypertension,Respiratory
"I feel unwell, with sharp abdominal pain, vomiting, chills, difficulty breathing, weakness, feeling ill and cough. This has lasted about a week.",sepsis,Febrile/Systemic
"Chief complaint: leg pain, leg weakness, back pain, neck pain, arm weakness and paresthesia. It comes and goes.",herniated disk,Gastrointestinal
"I feel unwell, with delusions or hallucinations, antisocial behavior, seizures, hostile behavior, difficulty speaking, temper problems and obsessions and compulsions.",developmental disability,Musculoskeletal/Other
"I've been experiencing congestion in chest, coryza, chest tightness, sharp chest pain, cough, fever, coughing up sputum and shortness of breath and I'm worried.",chronic obstructive pulmonary disease (copd),Respiratory
"Since yesterday I've noticed abnormal breathing sounds, nasal congestion, cough, fever and hoarse voice.",croup,Respiratory
"I've been experiencing flu-like syndrome, vomiting, sharp abdominal pain, fluid retention, burning abdominal pain and fever and I'm worried. This has lasted about a week.",infectious gastroenteritis,Febrile/Systemic
"I have melena, dizziness, vomiting blood and vomiting. This has lasted about a week.",gastrointestinal hemorrhage,Gastrointestinal
"My main problems are headache, sharp abdominal pain, burning abdominal pain, fever, vomiting, nausea, fluid retention and chills.",infectious gastroenteritis,Febrile/Systemic
"The symptoms are skin lesion, itching of skin, headache, abnormal appearing skin, back pain and sharp chest pain. It got worse overnight.",shingles (herpes zoster),Dermatological
"Complaining of abnormal appearing skin, skin rash, foot or toe swelling, leg swelling and hand or finger pain. This has lasted about a week.",pyogenic skin infection,Dermatological
"My main problems are sharp chest pain, coryza, vomiting, shortness of breath, headache, nasal congestion and sore throat.",acute bronchitis,Respiratory
"For the past few days I've had shortness of breath, weakness, suprapubic pain, sharp abdominal pain, cough, difficulty breathing and vomiting. It began this morning.",sepsis,Febrile/Systemic
"Patient reports sore throat, coryza, sharp chest pain, congestion in chest, headache, fever, coughing up sputum and shortness of breath. It got worse overnight.",acute bronchitis,Respiratory
"Since yesterday I've noticed sharp chest pain, side pain, stomach bloating, vomiting, burning abdominal pain and regurgitation.1.",cholecystitis,Gastrointestinal
"I have skin rash, skin dryness, peeling, scaliness, or roughness, skin irritation, warts, itching of skin, irregular appearing scalp and cough. It started two days ago.",eczema,Dermatological
"I came in because of sharp abdominal pain, decreased appetite, burning abdominal pain, blood in stool, diarrhea, flu-like syndrome, fluid retention and nausea.",infectious gastroenteritis,Febrile/Systemic
"Complaining of burning abdominal pain, sharp abdominal pain, hemoptysis, vomiting, abusing alcohol and nausea.",acute pancreatitis,Gastrointestinal
"Lately I keep having skin rash, allergic reaction, acne or pimples, skin dryness, peeling, scaliness, or roughness, itching of skin and skin irritation. It got worse overnight.",contact dermatitis,Dermatological
"Since yesterday I've noticed blood in stool, burning abdominal pain and fever. It started two days ago.",infectious gastroenteritis,Febrile/Systemic
"I've been experiencing fever, vomiting, fluid retention, chills, nausea and decreased appetite and I'm worried. This has lasted about a week.",infectious gastroenteritis,Febrile/Systemic
"I feel unwell, with vomiting, nausea, diarrhea, lower body pain, burning abdominal pain, decreased appetite, abusing alcohol, sharp chest pain and hemoptysis.",acute pancreatitis,Gastrointestinal
"My main problems are facial pain, difficulty speaking, sleepiness, headache and double vision.",concussion,Musculoskeletal/Other
"I feel unwell, with diminished hearing, lump in throat and throat feels tight. This has lasted about a week.",tonsillitis,Respiratory
"Patient reports weakness, changes in stool appearance, fainting, vomiting, sharp abdominal pain and nausea.",gastrointestinal hemorrhage,Gastrointestinal
"My main problems are fluid retention, chills, fever, blood in stool, flu-like syndrome, headache, burning abdominal pain and diarrhea.",infectious gastroenteritis,Febrile/Systemic
"Complaining of nausea, sharp abdominal pain, blood in stool, burning abdominal pain, fluid retention and diarrhea.",infectious gastroenteritis,Febrile/Systemic
"I've been experiencing cough, pulling at ears, irritable infant and wheezing and I'm worried.",acute bronchiolitis,Respiratory
"I have diarrhea, chills, sharp abdominal pain, headache, vomiting, decreased appetite and fever. It started two days ago.",noninfectious gastroenteritis,Febrile/Systemic
"Since yesterday I've noticed arm pain, arm weakness, hip pain, paresthesia and leg pain. It started two days ago.",herniated disk,Gastrointestinal
"Chief complaint: fever, constipation, diarrhea, sharp abdominal pain, upper abdominal pain, side pain and vomiting. It comes and goes.",diverticulitis,Gastrointestinal
"I have nasal congestion, skin swelling, skin rash and abnormal appearing skin. This has lasted about a week.",impetigo,Dermatological
"Since yesterday I've noticed regurgitation, sharp abdominal pain, diarrhea, regurgitation.1, fainting, vomiting and burning abdominal pain. This has lasted about a week.",intestinal disease,Gastrointestinal
"Complaining of back pain, knee pain, loss of sensation, arm pain, lower body pain and ache all over. It started two days ago.",spondylosis,Musculoskeletal/Other
"Complaining of fever, eye redness, pain in eye and symptoms of eye. It started two days ago.",orbital cellulitis,Dermatological
"I have abnormal appearing skin, itching of skin, skin lesion, skin growth, skin rash, itchy scalp, joint pain and irregular appearing scalp.",psoriasis,Dermatological
Patient reports fever and wrist pain. It got worse overnight.,typhoid fever,Febrile/Systemic
"Complaining of skin lesion, skin dryness, peeling, scaliness, or roughness, irregular appearing scalp, skin rash and warts. It started two days ago.",skin pigmentation disorder,Dermatological
"Patient reports side pain, nausea, fever, lower abdominal pain and suprapubic pain.",urinary tract infection,Musculoskeletal/Other
"I've been experiencing depression, vomiting, itching of skin, sharp abdominal pain, nausea, jaundice and feeling ill and I'm worried. This has lasted about a week.",hepatitis due to a toxin,Gastrointestinal
"Chief complaint: cough, difficulty breathing, fever, wheezing, vomiting, shortness of breath and chills.",pneumonia,Respiratory
"My main problems are loss of sensation, low back pain, paresthesia and leg pain. It started two days ago.",spondylosis,Musculoskeletal/Other
"I feel unwell, with burning abdominal pain, nausea, diarrhea, vomiting and pain of the anus.",crohn disease,Gastrointestinal
"The symptoms are ache all over, shoulder stiffness or tightness, arm stiffness or tightness, elbow swelling, hip pain, arm swelling, knee pain and leg swelling. It got worse overnight.",bursitis,Musculoskeletal/Other
"My main problems are weakness, vomiting, chills, sore throat, sharp chest pain, coryza, shortness of breath and difficulty breathing. It began this morning.",pneumonia,Respiratory
"My main problems are neck pain, sleepiness, disturbance of memory, temper problems, nausea, back pain, dizziness, facial pain and rib pain.",concussion,Musculoskeletal/Other
"The symptoms are skin lesion, itching of skin, skin dryness, peeling, scaliness, or roughness, skin growth, skin moles, itchy scalp and skin rash.",psoriasis,Dermatological
"I feel unwell, with blood in stool, chills, lip swelling, diarrhea and rectal bleeding.",noninfectious gastroenteritis,Febrile/Systemic
"For the past few days I've had sinus congestion, facial pain, coughing up sputum, nasal congestion and cough.",acute sinusitis,Respiratory
"For the past few days I've had pain in testicles, fever, pain of the anus, symptoms of the scrotum and testes, infertility, swelling of scrotum and groin pain.",varicocele of the testicles,Musculoskeletal/Other
"I've been experiencing melena, sharp abdominal pain, itching of the anus, heartburn, diarrhea and eye redness and I'm worried. It started two days ago.",rectal disorder,Gastrointestinal
"I came in because of difficulty breathing, decreased appetite, hurts to breath, cough, nasal congestion, pulling at ears and irritable infant. It got worse overnight.",acute bronchiolitis,Respiratory
"The symptoms are nausea, diarrhea, fluid retention and flu-like syndrome. This has lasted about a week.",infectious gastroenteritis,Febrile/Systemic
"For the past few days I've had suprapubic pain, low back pain, vomiting and back pain. It got worse overnight.",kidney stone,Musculoskeletal/Other
"Patient reports pain of the anus, itching of the anus, blood in stool, lower body pain and rib pain. It got worse overnight.",hemorrhoids,Gastrointestinal
"My main problems are sore throat, wheezing, fever, nasal congestion, cough, difficulty breathing, shortness of breath and headache. It started two days ago.",acute bronchitis,Respiratory
"I feel unwell, with sharp chest pain, difficulty breathing, vomiting, coryza, wheezing and cough. It comes and goes.",acute bronchospasm,Respiratory
"The symptoms are pelvic pain, skin swelling, skin rash, irregular appearing scalp, acne or pimples, skin growth, skin lesion and abnormal appearing skin. It got worse overnight.",fungal infection of the hair,Dermatological
"Complaining of upper abdominal pain, burning abdominal pain, difficulty in swallowing and dizziness. It comes and goes.",hiatal hernia,Gastrointestinal
"I have vomiting, sleepiness, double vision, dizziness and disturbance of memory. It began this morning.",concussion,Musculoskeletal/Other
"For the past few days I've had nausea, headache, burning abdominal pain, swollen abdomen and blood in stool.",infectious gastroenteritis,Febrile/Systemic
"Since yesterday I've noticed fever, ear pain, headache and chills.",common cold,Respiratory
"My main problems are chills, weakness, sore throat, cough, fever, sharp chest pain and difficulty breathing. It got worse overnight.",pneumonia,Respiratory
"For the past few days I've had difficulty speaking, leg stiffness or tightness, problems with movement, disturbance of memory and focal weakness. It began this morning.",parkinson disease,Musculoskeletal/Other
"I came in because of abnormal appearing skin, skin swelling, irregular appearing scalp, warts, difficulty breathing and acne or pimples. It comes and goes.",skin polyp,Dermatological
"I feel unwell, with skin growth, skin lesion, pelvic pain and skin dryness, peeling, scaliness, or roughness.",fungal infection of the hair,Dermatological
"I have sharp chest pain, shortness of breath, nasal congestion and dizziness. This has lasted about a week.",pulmonary eosinophilia,Respiratory
"Chief complaint: cough, sneezing, lacrimation, ear pain, nasal congestion, sore throat, coryza and frontal headache. It started two days ago.",seasonal allergies (hay fever),Febrile/Systemic
"I feel unwell, with fluid retention, vomiting, headache, chills, blood in stool and diarrhea. It began this morning.",noninfectious gastroenteritis,Febrile/Systemic
"My main problems are hand or finger swelling, skin swelling, skin rash, skin lesion, peripheral edema and foot or toe swelling. It started two days ago.",pyogenic skin infection,Dermatological
"I have sharp abdominal pain, nausea, chest tightness and cough.",gastroesophageal reflux disease (gerd),Gastrointestinal
"Chief complaint: skin swelling, abnormal appearing skin, skin moles, symptoms of eye and lymphedema.",rosacea,Dermatological
"Patient reports pain in gums, nausea, upper abdominal pain, unusual color or odor to urine, shortness of breath, blood in stool and weakness. It got worse overnight.",liver disease,Gastrointestinal
"I have abnormal appearing skin, skin growth and irregular appearing scalp. It began this morning.",acne,Dermatological
"I have vomiting, fever, chills, flu-like syndrome and headache.",common cold,Respiratory
"Since yesterday I've noticed chills, sharp abdominal pain, burning abdominal pain, flu-like syndrome, diarrhea and nausea.",infectious gastroenteritis,Febrile/Systemic
"My main problems are stomach bloating, sharp chest pain, vomiting, side pain, nausea, lower body pain, back pain, regurgitation.1 and joint pain. It started two days ago.",cholecystitis,Gastrointestinal
"Chief complaint: sharp abdominal pain, chills, decreased appetite, vomiting and weakness. It comes and goes.",sepsis,Febrile/Systemic
"I feel unwell, with anxiety and nervousness, excessive anger, abusing alcohol, hostile behavior, insomnia and delusions or hallucinations.",post-traumatic stress disorder (ptsd),Musculoskeletal/Other
"Patient reports nausea, elbow pain, upper abdominal pain, anxiety and nervousness, lower abdominal pain, flatulence and burning abdominal pain. It began this morning.",irritable bowel syndrome,Gastrointestinal
"I have weakness, heartburn, regurgitation, weight gain, dizziness, regurgitation.1, rectal bleeding and fatigue. This has lasted about a week.",iron deficiency anemia,Musculoskeletal/Other
"Lately I keep having sharp abdominal pain, burning abdominal pain, blood in stool, decreased appetite, vomiting, chills, headache and nausea. This has lasted about a week.",infectious gastroenteritis,Febrile/Systemic
"Lately I keep having fever, coryza, wheezing, pulling at ears, decreased appetite, difficulty breathing, irritable infant and vomiting. It got worse overnight.",acute bronchiolitis,Respiratory
"Lately I keep having long menstrual periods, absence of menstruation and nausea. It got worse overnight.",idiopathic absence of menstruation,Musculoskeletal/Other
"My main problems are skin dryness, peeling, scaliness, or roughness, abnormal appearing skin, skin swelling, skin growth, itchy scalp, pelvic pain and skin irritation.",fungal infection of the hair,Dermatological
"Complaining of vomiting, blood in stool, rectal bleeding, sharp abdominal pain, constipation, burning abdominal pain and changes in stool appearance.",chronic constipation,Gastrointestinal
"I feel unwell, with seizures, depressive or psychotic symptoms, abnormal involuntary movements, problems with movement and weakness.",hypoglycemia,Musculoskeletal/Other
"I have skin irritation, jaw swelling, neck swelling, toothache, pain in gums, peripheral edema, facial pain and mouth pain.",dental caries,Musculoskeletal/Other
"I've been experiencing skin growth, acne or pimples, skin rash, skin dryness, peeling, scaliness, or roughness, long menstrual periods, abnormal appearing skin and skin moles and I'm worried. This has lasted about a week.",acne,Dermatological
"Lately I keep having rectal bleeding, blood in stool, diarrhea, nausea, pain of the anus, sharp abdominal pain, regurgitation and regurgitation.1.",crohn disease,Gastrointestinal
"The symptoms are sharp abdominal pain, blood in stool and chills. It comes and goes.",infectious gastroenteritis,Febrile/Systemic
"For the past few days I've had skin rash, allergic reaction, skin moles, skin swelling, skin lesion and skin irritation. This has lasted about a week.",contact dermatitis,Dermatological
"I feel unwell, with diarrhea, headache, burning abdominal pain and blood in stool. It began this morning.",infectious gastroenteritis,Febrile/Systemic
"Lately I keep having skin dryness, peeling, scaliness, or roughness, skin lesion, abnormal appearing skin and skin rash.",intertrigo (skin condition),Dermatological
"Patient reports skin lesion, itching of skin, irregular appearing scalp, warts, abnormal appearing skin and skin irritation. It got worse overnight.",seborrheic keratosis,Dermatological
"Since yesterday I've noticed sharp abdominal pain, upper abdominal pain, sharp chest pain, back pain, burning abdominal pain and abusing alcohol. It comes and goes.",acute pancreatitis,Gastrointestinal
"The symptoms are regurgitation.1, regurgitation, pain of the anus, burning abdominal pain, rectal bleeding, nausea and sharp abdominal pain.",crohn disease,Gastrointestinal
"I have vomiting, back pain, sharp abdominal pain, burning abdominal pain, upper abdominal pain, abusing alcohol, diarrhea and sharp chest pain. This has lasted about a week.",acute pancreatitis,Gastrointestinal
"For the past few days I've had nausea, cough, fever, ache all over, neck stiffness or tightness and neck pain.",meningitis,Febrile/Systemic
"I have vomiting, wheezing, ear pain, cough and chills. It got worse overnight.",common cold,Respiratory
"I came in because of pain of the anus, melena, rectal bleeding, sharp abdominal pain and heartburn. It got worse overnight.",hemorrhoids,Gastrointestinal
"Lately I keep having skin moles, acne or pimples, skin irritation, skin growth, skin rash, itching of skin, abnormal appearing skin and skin swelling.",seborrheic keratosis,Dermatological
"I came in because of lip swelling, mouth pain, skin swelling, toothache, pain in gums, gum pain and neck swelling. This has lasted about a week.",tooth abscess,Dermatological
"Chief complaint: temper problems, depressive or psychotic symptoms, hostile behavior, obsessions and compulsions, depression, feeling ill, lack of growth and low self-esteem. It began this morning.",obsessive compulsive disorder (ocd),Musculoskeletal/Other
"Chief complaint: wheezing, sharp chest pain, cough, chest tightness, difficulty breathing and shortness of breath. It started two days ago.",acute respiratory distress syndrome (ards),Respiratory
"For the past few days I've had headache, toothache, mouth pain, mouth ulcer and tongue lesions. It comes and goes.",aphthous ulcer,Gastrointestinal
"I've been experiencing fever, sinus congestion, nasal congestion, painful sinuses, ear pain and coughing up sputum and I'm worried. It started two days ago.",acute sinusitis,Respiratory
"My main problems are skin swelling, skin irritation, abnormal appearing skin and itching of skin.",skin disorder,Dermatological
"The symptoms are paresthesia, neck pain, loss of sensation, back pain, arm pain, low back pain and arm weakness. This has lasted about a week.",herniated disk,Gastrointestinal
"I have regurgitation, rectal bleeding, fatigue, intermenstrual bleeding, regurgitation.1, dizziness and weight gain.",iron deficiency anemia,Musculoskeletal/Other
"Complaining of headache, nasal congestion and itchiness of eye. It got worse overnight.",seasonal allergies (hay fever),Febrile/Systemic
"For the past few days I've had chills, diarrhea, fluid retention, lacrimation, flu-like syndrome and blood in stool. It comes and goes.",infectious gastroenteritis,Febrile/Systemic
"Complaining of pelvic pain, infertility, painful menstruation, lower abdominal pain, sharp abdominal pain, heavy menstrual flow and burning abdominal pain.",endometriosis,Musculoskeletal/Other
"For the past few days I've had hemoptysis, palpitations, dizziness, irregular heartbeat and involuntary urination. It started two days ago.",graves disease,Musculoskeletal/Other
"Patient reports skin rash, vomiting, diarrhea, irritable infant, cough, blood in stool, nasal congestion and diaper rash. It comes and goes.",diaper rash,Dermatological
"Complaining of coryza, wheezing, nasal congestion, irritable infant, vomiting and fever. It comes and goes.",acute bronchiolitis,Respiratory
"I have leg cramps or spasms, leg weakness, lower body pain, low back pain and loss of sensation. It began this morning.",sciatica,Musculoskeletal/Other
"Lately I keep having fever, feeling ill, cough, weakness, decreased appetite and sharp abdominal pain.",sepsis,Febrile/Systemic
"Complaining of nausea, fever, chills and diarrhea. This has lasted about a week.",infectious gastroenteritis,Febrile/Systemic
"I came in because of nosebleed, fever, ear pain, nasal congestion, painful sinuses, cough, sore throat and headache.",nose disorder,Musculoskeletal/Other
"Lately I keep having skin irritation, abnormal appearing skin, cough, irregular appearing scalp, skin rash and skin swelling. It started two days ago.",eczema,Dermatological
"My main problems are fever, sleepiness, headache, sore throat and nausea. It started two days ago.",interstitial lung disease,Respiratory
"Since yesterday I've noticed lower abdominal pain, irritable infant, vomiting, sore throat and sinus congestion. It started two days ago.",abscess of nose,Dermatological
"Complaining of sharp chest pain, fever, congestion in chest, coughing up sputum, shortness of breath, sore throat and nasal congestion.",acute bronchitis,Respiratory
"I feel unwell, with sharp abdominal pain, diarrhea, vomiting, chills, coryza, rectal bleeding, burning abdominal pain, fluid retention and headache. It comes and goes.",noninfectious gastroenteritis,Febrile/Systemic
"Patient reports sharp chest pain, side pain, sharp abdominal pain and back pain. It started two days ago.",acute pancreatitis,Gastrointestinal
"Patient reports mass or swelling around the anus, rectal bleeding, lower body pain and pain of the anus. It began this morning.",hemorrhoids,Gastrointestinal
"Patient reports paresthesia, arm weakness and neck pain.",herniated disk,Gastrointestinal
"Chief complaint: diarrhea, fever, chills, headache and flu-like syndrome. It began this morning.",infectious gastroenteritis,Febrile/Systemic
"Complaining of burning abdominal pain, difficulty in swallowing and cough.",gastroesophageal reflux disease (gerd),Gastrointestinal
"Chief complaint: flu-like syndrome, blood in stool, nausea, vomiting, sharp abdominal pain, diarrhea and headache. This has lasted about a week.",infectious gastroenteritis,Febrile/Systemic
"For the past few days I've had nausea, burning abdominal pain and fever. It started two days ago.",noninfectious gastroenteritis,Febrile/Systemic
"I've been experiencing diarrhea, vomiting, irritable infant, temper problems, skin rash and diaper rash and I'm worried. It got worse overnight.",diaper rash,Dermatological
"Since yesterday I've noticed sharp abdominal pain, blood in stool, nausea, fluid retention, diarrhea, vomiting, chills and flu-like syndrome. It got worse overnight.",infectious gastroenteritis,Febrile/Systemic
"I feel unwell, with paresthesia, hand or finger stiffness or tightness, arm pain, wrist pain, lip swelling, hand or finger pain and hand or finger swelling. This has lasted about a week.",carpal tunnel syndrome,Musculoskeletal/Other
"Since yesterday I've noticed skin rash, irregular appearing scalp, skin moles, acne or pimples, abnormal appearing skin, skin growth, skin swelling and long menstrual periods.",acne,Dermatological
"I feel unwell, with fever, cough, pulling at ears, diaper rash, irritable infant, skin rash and nasal congestion. It began this morning.",diaper rash,Dermatological
"I feel unwell, with fluid retention, burning abdominal pain, blood in stool, chills and vomiting. It comes and goes.",infectious gastroenteritis,Febrile/Systemic
"I came in because of sore throat, nasal congestion, abnormal breathing sounds, pulling at ears and shortness of breath. It comes and goes.",croup,Respiratory
"I have feeling ill, sharp abdominal pain, pain during pregnancy, decreased appetite and chills.",sepsis,Febrile/Systemic
"Lately I keep having cough, fever, weakness, shortness of breath and sharp abdominal pain. This has lasted about a week.",sepsis,Febrile/Systemic
"Lately I keep having constipation, burning abdominal pain, sharp abdominal pain, lower abdominal pain and headache.",ileus,Gastrointestinal
"Lately I keep having sharp chest pain, vomiting, sharp abdominal pain, side pain, lower body pain, burning abdominal pain, nausea and regurgitation.1.",cholecystitis,Gastrointestinal
"My main problems are ache all over, vomiting, chills, ear pain, headache, sore throat and difficulty in swallowing.",strep throat,Musculoskeletal/Other
"Chief complaint: sweating, sleepiness, shortness of breath, heavy menstrual flow, fatigue, difficulty in swallowing, weight gain and abnormal involuntary movements. It started two days ago.",obstructive sleep apnea (osa),Respiratory
"I have sore throat, chills, headache and coryza. It got worse overnight.",common cold,Respiratory
"Lately I keep having delusions or hallucinations, insomnia, abusing alcohol, depressive or psychotic symptoms, disturbance of memory and depression. It started two days ago.",depression,Musculoskeletal/Other
"Since yesterday I've noticed neck swelling, hand or finger swelling and hand or finger stiffness or tightness. It got worse overnight.",crushing injury,Musculoskeletal/Other
"Lately I keep having elbow pain, arm pain, wrist pain, leg pain, hand or finger pain and hand or finger weakness. It began this morning.",mononeuritis,Musculoskeletal/Other
"Lately I keep having hand or finger pain, foot or toe pain and sinus congestion. It got worse overnight.",paronychia,Musculoskeletal/Other
I have cough and feeling ill.,mononucleosis,Febrile/Systemic
"I've been experiencing itching of skin, warts, skin lesion, skin moles and skin rash and I'm worried.",skin pigmentation disorder,Dermatological
"Lately I keep having palpitations, increased heart rate, chest tightness and throat feels tight. It started two days ago.",chronic rheumatic fever,Febrile/Systemic
"Complaining of abnormal appearing skin, skin moles, lip swelling, skin growth, wrinkles on skin and skin lesion.",atrophic skin condition,Dermatological
"Since yesterday I've noticed coryza, frontal headache, nasal congestion, itchiness of eye, ear pain, lacrimation and sneezing.",seasonal allergies (hay fever),Febrile/Systemic
"The symptoms are elbow pain, skin swelling, wrist pain, leg pain, arm pain, loss of sensation and hand or finger pain. It started two days ago.",mononeuritis,Musculoskeletal/Other
"Since yesterday I've noticed arm pain, elbow pain, hand or finger pain, foot or toe pain, shoulder pain and wrist pain.",mononeuritis,Musculoskeletal/Other
"The symptoms are sharp abdominal pain, blood in stool, chills, decreased appetite, fever, diarrhea and burning abdominal pain. It began this morning.",infectious gastroenteritis,Febrile/Systemic
"Lately I keep having fever, hip pain, depressive or psychotic symptoms and headache. It began this morning.",lyme disease,Febrile/Systemic
"Since yesterday I've noticed burning abdominal pain, sharp abdominal pain, stomach bloating, nausea and back pain. It began this morning.",cholecystitis,Gastrointestinal
"I came in because of ankle swelling, foot or toe swelling, problems with movement, leg swelling, foot or toe pain, ankle pain and knee swelling. This has lasted about a week.",injury to the leg,Musculoskeletal/Other
"Complaining of rectal bleeding, diarrhea, blood in stool, constipation, pain of the anus, sharp abdominal pain, melena and itching of the anus. It began this morning.",rectal disorder,Gastrointestinal
"Patient reports diarrhea, fluid retention, blood in stool and fever. It started two days ago.",infectious gastroenteritis,Febrile/Systemic
"I've been experiencing ache all over, ear pain, fever, difficulty in swallowing, cough, vomiting and nasal congestion and I'm worried. It began this morning.",strep throat,Musculoskeletal/Other
"Complaining of decreased appetite, blood in stool, burning abdominal pain, fever, nausea and vomiting. This has lasted about a week.",infectious gastroenteritis,Febrile/Systemic
"The symptoms are nasal congestion, sore throat, coryza, headache, frontal headache, sneezing, itchiness of eye and cough.",seasonal allergies (hay fever),Febrile/Systemic
"Chief complaint: sharp chest pain, shortness of breath, hurts to breath, sharp abdominal pain, back pain and difficulty breathing. It began this morning.",pleural effusion,Respiratory
"My main problems are skin growth, irregular appearing scalp, acne or pimples, skin lesion, too little hair and abnormal appearing skin.",seborrheic dermatitis,Dermatological
"Patient reports abnormal appearing skin, skin rash, skin dryness, peeling, scaliness, or roughness, skin moles, skin swelling and warts. It began this morning.",skin pigmentation disorder,Dermatological
"Chief complaint: allergic reaction, abnormal appearing skin, itching of skin, skin lesion, skin swelling and skin moles. It got worse overnight.",contact dermatitis,Dermatological
"For the past few days I've had nausea, dizziness, vomiting blood, sharp abdominal pain and difficulty in swallowing.",hiatal hernia,Gastrointestinal
"I feel unwell, with sore throat, difficulty breathing, congestion in chest, shortness of breath, sharp chest pain, cough and coughing up sputum. It comes and goes.",acute bronchitis,Respiratory
"Lately I keep having back mass or lump, side pain, ache all over, shortness of breath, hurts to breath, rib pain, bones are painful and back pain. It began this morning.",fracture of the rib,Musculoskeletal/Other
"The symptoms are cough, sore throat, fever, hoarse voice, coryza and throat feels tight. It started two days ago.",laryngitis,Respiratory
"Complaining of back pain, bones are painful, low back pain and sharp chest pain. It got worse overnight.",injury to the trunk,Musculoskeletal/Other
"For the past few days I've had hand or finger pain, hostile behavior, drug abuse, feeling ill and depressive or psychotic symptoms.",substance-related mental disorder,Musculoskeletal/Other
"I came in because of loss of sensation, hip pain, leg pain, back cramps or spasms, problems with movement and leg cramps or spasms. It comes and goes.",sciatica,Musculoskeletal/Other
"Complaining of coryza, headache, cough, vomiting and ear pain.",common cold,Respiratory
"For the past few days I've had headache, fever, cough, skin rash, swollen lymph nodes, feeling ill and sore throat. This has lasted about a week.",mononucleosis,Febrile/Systemic
"Complaining of plugged feeling in ear, fluid in ear, diminished hearing, difficulty speaking and hoarse voice. It comes and goes.",conductive hearing loss,Musculoskeletal/Other
"My main problems are upper abdominal pain, heartburn, unusual color or odor to urine, blood in stool, nausea, peripheral edema and side pain.",liver disease,Gastrointestinal
"Since yesterday I've noticed burning abdominal pain, vomiting, fever, diarrhea, lower abdominal pain, nausea and constipation.",diverticulitis,Gastrointestinal
"I've been experiencing decreased heart rate, shortness of breath, weakness, dizziness, fainting, chest tightness and irregular heartbeat and I'm worried. It started two days ago.",sinus bradycardia,Musculoskeletal/Other
"Lately I keep having abusing alcohol, seizures, lack of growth, hysterical behavior, hostile behavior and excessive anger. It comes and goes.",conduct disorder,Musculoskeletal/Other
"The symptoms are coryza, headache, arm swelling, allergic reaction, lacrimation and ear pain.",seasonal allergies (hay fever),Febrile/Systemic
"For the past few days I've had allergic reaction, nasal congestion, fever, difficulty breathing, coughing up sputum and cough.",asthma,Respiratory
"For the past few days I've had cough, coryza and ear pain. It comes and goes.",acute sinusitis,Respiratory
"Patient reports coryza, itchiness of eye, lacrimation, nasal congestion, frontal headache and sore throat. It got worse overnight.",seasonal allergies (hay fever),Febrile/Systemic
"Chief complaint: frontal headache, cough and hoarse voice. It began this morning.",nasal polyp,Respiratory
"The symptoms are spots or clouds in vision, pain in eye, blindness, lacrimation and cloudy eye.",cataract,Musculoskeletal/Other
"Patient reports nasal congestion, vomiting, wheezing, pulling at ears, shortness of breath, hoarse voice and sore throat.",croup,Respiratory
"Complaining of burning abdominal pain, diarrhea, fever, fluid retention, chills and headache. It started two days ago.",infectious gastroenteritis,Febrile/Systemic
"Chief complaint: burning abdominal pain, diarrhea, fluid retention, flu-like syndrome and sharp abdominal pain. It began this morning.",infectious gastroenteritis,Febrile/Systemic
"I've been experiencing lip swelling, nasal congestion, hand or finger swelling, itching of skin and cough and I'm worried. It started two days ago.",food allergy,Musculoskeletal/Other
"Chief complaint: sharp chest pain, side pain, sharp abdominal pain, burning abdominal pain, hemoptysis, cough and back pain.",acute pancreatitis,Gastrointestinal
"I feel unwell, with coryza, chills, sore throat, fever, sharp chest pain, cough and difficulty breathing.",pneumonia,Respiratory
"For the past few days I've had cough, sharp abdominal pain, coryza, frontal headache, allergic reaction and lacrimation. It comes and goes.",seasonal allergies (hay fever),Febrile/Systemic
"Patient reports chills, decreased appetite, ear pain, wheezing and cough. It started two days ago.",common cold,Respiratory
"Chief complaint: toothache, fever, mouth pain, mouth ulcer, cough and headache. It got worse overnight.",aphthous ulcer,Gastrointestinal
"Complaining of abusing alcohol, insomnia, drug abuse, depression and delusions or hallucinations.",post-traumatic stress disorder (ptsd),Musculoskeletal/Other
"Patient reports headache, vomiting, nausea, constipation, diarrhea and burning abdominal pain. It began this morning.",ileus,Gastrointestinal
"I've been experiencing fever, blood in urine, back pain, side pain, lower abdominal pain, suprapubic pain and painful urination and I'm worried.",urinary tract infection,Musculoskeletal/Other
"I feel unwell, with symptoms of bladder, sinus congestion, frontal headache, coryza, nasal congestion and ear pain. It began this morning.",acute sinusitis,Respiratory
"The symptoms are back pain, sharp chest pain, burning abdominal pain, lower body pain and nausea.",acute pancreatitis,Gastrointestinal
"Patient reports peripheral edema, heartburn, nausea, unusual color or odor to urine, sharp abdominal pain, neck pain, diarrhea, jaundice and weakness. This has lasted about a week.",liver disease,Gastrointestinal
"My main problems are blindness, spots or clouds in vision, eye moves abnormally, foreign body sensation in eye, eye redness and pain in eye. It got worse overnight.",myopia,Musculoskeletal/Other
"Since yesterday I've noticed vaginal discharge, pain during pregnancy, pelvic pain, vaginal pain and nausea.",vulvodynia,Musculoskeletal/Other
"I feel unwell, with sharp abdominal pain and flatulence. It began this morning.",colonic polyp,Gastrointestinal
"Since yesterday I've noticed cough, fever and neck stiffness or tightness. This has lasted about a week.",meningitis,Febrile/Systemic
"I have sharp abdominal pain, swollen lymph nodes, burning abdominal pain, diarrhea and blood in stool. It started two days ago.",ulcerative colitis,Gastrointestinal
"Chief complaint: skin lesion, skin irritation, allergic reaction, skin swelling, skin moles and itching of skin.",contact dermatitis,Dermatological
"Chief complaint: cough, skin rash and skin swelling.",scarlet fever,Febrile/Systemic
"Chief complaint: sore throat, sharp chest pain, vomiting and shortness of breath. It began this morning.",acute bronchospasm,Respiratory
"I have fainting, feeling ill, nausea, decreased appetite, depressive or psychotic symptoms and dizziness.",hypoglycemia,Musculoskeletal/Other
"I have skin moles, acne or pimples, skin irritation, warts, skin swelling, skin lesion and skin growth. It got worse overnight.",skin polyp,Dermatological
"Lately I keep having hand or finger pain, leg swelling, hand or finger swelling, leg pain, skin lesion and peripheral edema. It started two days ago.",pyogenic skin infection,Dermatological
"Lately I keep having weakness, recent pregnancy, insomnia, fatigue, leg swelling, palpitations and chest tightness. This has lasted about a week.",hypertensive heart disease,Musculoskeletal/Other
"I have diaper rash, fever, blood in stool, pulling at ears, irritable infant, cough, nasal congestion and vomiting. It started two days ago.",diaper rash,Dermatological
"Lately I keep having chills, cough, diarrhea, headache and sore throat. It comes and goes.",flu,Respiratory
"Chief complaint: sharp chest pain, nausea, fainting and seizures. It comes and goes.",hyponatremia,Musculoskeletal/Other
"Chief complaint: difficulty breathing, feeling ill, weakness, decreased appetite, fever and chills.",sepsis,Febrile/Systemic
"My main problems are suprapubic pain, chills, vomiting, cough and shortness of breath. It began this morning.",sepsis,Febrile/Systemic
"Complaining of allergic reaction, vomiting, chills, cough, headache, sore throat, nasal congestion and ear pain. It got worse overnight.",common cold,Respiratory
"Complaining of pelvic pain, skin irritation, skin swelling, rectal bleeding, skin growth, irregular appearing scalp, itching of skin, acne or pimples and skin rash. It began this morning.",fungal infection of the hair,Dermatological
"I have sharp chest pain, sharp abdominal pain, hand or finger swelling, fluid retention, shortness of breath, nausea and peripheral edema. It began this morning.",fluid overload,Musculoskeletal/Other
"Chief complaint: fever, symptoms of the face, hip pain and abnormal appearing skin. It comes and goes.",lyme disease,Febrile/Systemic
"I have ache all over, side pain, back pain, rib pain and shortness of breath. It got worse overnight.",fracture of the rib,Musculoskeletal/Other
"Chief complaint: vomiting, burning abdominal pain, fever, chills, rectal bleeding and fluid retention. It started two days ago.",noninfectious gastroenteritis,Febrile/Systemic
"Patient reports nausea, sharp abdominal pain and weakness. It started two days ago.",liver disease,Gastrointestinal
"For the past few days I've had fever, skin swelling, skin rash and throat swelling. It got worse overnight.",scarlet fever,Febrile/Systemic
"Complaining of vomiting, diarrhea, nausea, fluid retention, sharp abdominal pain and rectal bleeding. This has lasted about a week.",noninfectious gastroenteritis,Febrile/Systemic
"Lately I keep having decreased appetite, fluid retention, diarrhea, sharp abdominal pain, flu-like syndrome, nausea and fever.",infectious gastroenteritis,Febrile/Systemic
"My main problems are pain in eye, eyelid lesion or rash, symptoms of eye, eyelid swelling, mass on eyelid, itchiness of eye, abnormal appearing skin, depression and skin swelling. It comes and goes.",stye,Musculoskeletal/Other
"Patient reports nausea, vomiting, fever, headache, ache all over, neck pain and neck stiffness or tightness.",meningitis,Febrile/Systemic
Since yesterday I've noticed lip swelling and bleeding gums. It got worse overnight.,broken tooth,Musculoskeletal/Other
"Patient reports difficulty in swallowing, upper abdominal pain, burning abdominal pain, sharp abdominal pain, regurgitation, vomiting blood, sharp chest pain and regurgitation.1. It started two days ago.",hiatal hernia,Gastrointestinal
"I've been experiencing cough, painful sinuses and facial pain and I'm worried. It began this morning.",acute sinusitis,Respiratory
"Chief complaint: abusing alcohol, back pain, upper abdominal pain, lower body pain, sharp abdominal pain, diarrhea, burning abdominal pain and hemoptysis. It started two days ago.",acute pancreatitis,Gastrointestinal
"I have cough, coryza, sore throat, chills and ear pain.",common cold,Respiratory
"Patient reports cough, skin swelling, nasal congestion, sore in nose, skin lesion, mouth ulcer and skin rash.",impetigo,Dermatological
"Complaining of abnormal appearing skin, skin dryness, peeling, scaliness, or roughness, vomiting, skin irritation, allergic reaction and skin moles.",contact dermatitis,Dermatological
"Lately I keep having vomiting, headache and ache all over.",meningitis,Febrile/Systemic
"Chief complaint: sharp chest pain, regurgitation.1, burning abdominal pain, nausea, lower body pain, symptoms of the kidneys, symptoms of the face and sharp abdominal pain. It comes and goes.",cholecystitis,Gastrointestinal
"Patient reports facial pain, painful sinuses, fever, ear pain, coughing up sputum and sore throat. It began this morning.",acute sinusitis,Respiratory
"Complaining of itching of skin, skin lesion, skin dryness, peeling, scaliness, or roughness, abnormal appearing skin, itchy scalp, irregular appearing scalp and acne or pimples.",fungal infection of the skin,Dermatological
"The symptoms are painful sinuses, coryza, sore throat, frontal headache, palpitations, nasal congestion and facial pain.",acute sinusitis,Respiratory
"Patient reports decreased appetite, blood in stool, vomiting, burning abdominal pain, diarrhea, sharp abdominal pain, chills and flu-like syndrome. This has lasted about a week.",infectious gastroenteritis,Febrile/Systemic
"Since yesterday I've noticed sharp abdominal pain, heartburn, lower body pain, pain of the anus and constipation. It got worse overnight.",hemorrhoids,Gastrointestinal
"Chief complaint: cough, weakness, shortness of breath, difficulty breathing, feeling ill, vomiting and sharp abdominal pain.",sepsis,Febrile/Systemic
"My main problems are fatigue, groin mass and neck mass.",lymphoma,Musculoskeletal/Other
"Since yesterday I've noticed fever, side pain, upper abdominal pain, lower abdominal pain, sharp abdominal pain and decreased appetite.",appendicitis,Gastrointestinal
"Patient reports acne or pimples, itching of skin, too little hair and abnormal appearing skin. It started two days ago.",fungal infection of the skin,Dermatological
"My main problems are upper abdominal pain, sharp abdominal pain and vomiting blood.",hiatal hernia,Gastrointestinal
"For the past few days I've had nausea, sharp chest pain, vomiting blood, regurgitation, regurgitation.1, heartburn, sharp abdominal pain and difficulty in swallowing.",hiatal hernia,Gastrointestinal
"I have eyelid swelling, swollen eye, mass on eyelid, itchiness of eye, eye burns or stings, abnormal appearing skin, eyelid lesion or rash and eye redness. It comes and goes.",stye,Musculoskeletal/Other
"I feel unwell, with jaw swelling, difficulty in swallowing and peripheral edema.",jaw disorder,Musculoskeletal/Other
"I've been experiencing diarrhea, nausea, burning abdominal pain, sharp abdominal pain, vomiting, headache and blood in stool and I'm worried.",infectious gastroenteritis,Febrile/Systemic
"For the past few days I've had blood in stool, sharp abdominal pain, decreased appetite, fluid retention, headache and fever. It started two days ago.",noninfectious gastroenteritis,Febrile/Systemic
"Lately I keep having allergic reaction, headache, frontal headache, ear pain, sharp chest pain, nasal congestion, cough, sore throat and coryza. It got worse overnight.",seasonal allergies (hay fever),Febrile/Systemic
"I have leg swelling, hip pain, elbow pain, leg pain, elbow swelling, arm stiffness or tightness and knee swelling.",bursitis,Musculoskeletal/Other
"I came in because of problems with movement, seizures, disturbance of memory and focal weakness. It began this morning.",stroke,Musculoskeletal/Other
"My main problems are sharp abdominal pain, chills, fever, shortness of breath, difficulty breathing and decreased appetite. It comes and goes.",sepsis,Febrile/Systemic
"I came in because of redness in ear, sore throat, lump in throat, swollen or red tonsils, diminished hearing, throat feels tight and nasal congestion. This has lasted about a week.",tonsillitis,Respiratory
"The symptoms are leg pain, foot or toe pain, knee stiffness or tightness and mouth pain. It comes and goes.",injury to the leg,Musculoskeletal/Other
"I came in because of lower abdominal pain, constipation, rectal bleeding, vomiting, changes in stool appearance, retention of urine and burning abdominal pain. It comes and goes.",chronic constipation,Gastrointestinal
"I came in because of cough, skin rash, itching of skin, skin lesion, abnormal appearing skin and sore in nose.",impetigo,Dermatological
"I've been experiencing itchiness of eye, coryza, headache, sneezing, cough, sore throat and nasal congestion and I'm worried. It comes and goes.",seasonal allergies (hay fever),Febrile/Systemic
"I came in because of skin swelling, skin irritation, warts, lip swelling, abnormal appearing skin, skin lesion and irregular appearing scalp. It began this morning.",skin cancer,Dermatological
"I have headache, mouth ulcer and cough.",aphthous ulcer,Gastrointestinal
"For the past few days I've had hand or finger swelling, leg swelling, joint pain, foot or toe swelling, wrist pain and long menstrual periods. It began this morning.",gout,Musculoskeletal/Other
"I have hurts to breath, irritable infant, wheezing, cough and vomiting. It got worse overnight.",acute bronchiolitis,Respiratory
"My main problems are cough, fever and pain in testicles. It began this morning.",chickenpox,Febrile/Systemic
"Chief complaint: apnea, headache, painful sinuses, nasal congestion, allergic reaction, difficulty breathing, facial pain, abnormal breathing sounds and disturbance of memory.",deviated nasal septum,Respiratory
"Since yesterday I've noticed abnormal appearing skin, itching of skin and pain in testicles. This has lasted about a week.",chickenpox,Febrile/Systemic
"I've been experiencing cough, coryza, wheezing, sore throat, congestion in chest, headache and coughing up sputum and I'm worried. It got worse overnight.",acute bronchitis,Respiratory
"My main problems are nausea, headache, sharp abdominal pain, blood in stool, rectal bleeding, fluid retention, diarrhea and fever. It comes and goes.",noninfectious gastroenteritis,Febrile/Systemic
"I've been experiencing dizziness, leg pain, arm pain, leg weakness, abnormal involuntary movements, back pain, foot or toe pain and problems with movement and I'm worried. It started two days ago.",peripheral nerve disorder,Musculoskeletal/Other
"Chief complaint: nausea, vomiting, upper abdominal pain, jaundice, sharp abdominal pain and abusing alcohol. It comes and goes.",choledocholithiasis,Musculoskeletal/Other
"I've been experiencing shortness of breath, chills, suprapubic pain, fever, difficulty breathing, feeling ill and weakness and I'm worried.",sepsis,Febrile/Systemic
"Chief complaint: leg pain, chest tightness, sharp chest pain and difficulty breathing. It comes and goes.",pulmonary embolism,Respiratory
"Complaining of acne or pimples, skin rash, skin growth, warts, skin moles and skin lesion.",seborrheic keratosis,Dermatological
"Chief complaint: shortness of breath, decreased appetite, sharp abdominal pain, cough, feeling ill, weakness, difficulty breathing and suprapubic pain. It comes and goes.",sepsis,Febrile/Systemic
"The symptoms are fluid retention, chills, nausea, rectal bleeding, vomiting, sharp abdominal pain and headache.",noninfectious gastroenteritis,Febrile/Systemic
"My main problems are ear pain, fever, allergic reaction, frontal headache, sinus congestion, headache and facial pain. It began this morning.",chronic sinusitis,Respiratory
"Lately I keep having warts, skin irritation, irregular appearing scalp, itching of skin, acne or pimples and skin growth. It got worse overnight.",seborrheic keratosis,Dermatological
"Since yesterday I've noticed leg pain, sharp chest pain, neck pain, headache, nausea and abnormal involuntary movements. It comes and goes.",pain after an operation,Musculoskeletal/Other
"I came in because of sweating, shortness of breath, sharp chest pain, leg pain and difficulty breathing. It got worse overnight.",pulmonary embolism,Respiratory
"I feel unwell, with skin moles, skin lesion, skin rash, abnormal appearing skin, skin dryness, peeling, scaliness, or roughness and skin growth.",actinic keratosis,Dermatological
"Patient reports diarrhea, stomach bloating, ache all over, arm swelling, nausea and sharp abdominal pain. It got worse overnight.",pancreatic cancer,Gastrointestinal
"Since yesterday I've noticed coryza, allergic reaction, sneezing, headache and ear pain. This has lasted about a week.",seasonal allergies (hay fever),Febrile/Systemic
"My main problems are sleepiness, rib pain, neck pain, nausea, vomiting, back pain, dizziness and facial pain. It began this morning.",concussion,Musculoskeletal/Other
"I've been experiencing hand or finger weakness, loss of sensation, arm pain, elbow pain, paresthesia, headache and hand or finger pain and I'm worried.",brachial neuritis,Musculoskeletal/Other
"Chief complaint: irregular heartbeat, depression and depressive or psychotic symptoms.",anxiety,Musculoskeletal/Other
"I've been experiencing fluid retention, fever, diarrhea, nausea, burning abdominal pain, decreased appetite and sharp abdominal pain and I'm worried. It got worse overnight.",infectious gastroenteritis,Febrile/Systemic
"My main problems are neck mass, irregular appearing scalp, skin moles, abnormal appearing skin and skin lesion. It comes and goes.",sebaceous cyst,Musculoskeletal/Other
"Complaining of acne or pimples, irregular appearing scalp, skin lesion, skin irritation, abnormal appearing skin, skin rash and allergic reaction.",eczema,Dermatological
"I've been experiencing burning abdominal pain, upper abdominal pain, lower body pain, nausea, abusing alcohol, side pain, vomiting and back pain and I'm worried. It began this morning.",acute pancreatitis,Gastrointestinal
"Lately I keep having swollen eye, cough, symptoms of eye, allergic reaction, eye redness and nasal congestion. It began this morning.",conjunctivitis due to allergy,Musculoskeletal/Other
"I feel unwell, with nausea, constipation, rectal bleeding, changes in stool appearance, blood in stool, vomiting and retention of urine. It began this morning.",chronic constipation,Gastrointestinal
"My main problems are allergic reaction, difficulty breathing, coryza, wheezing and chest tightness. It comes and goes.",asthma,Respiratory
I came in because of absence of menstruation and vaginal bleeding after menopause. It comes and goes.,endometrial cancer,Musculoskeletal/Other
"I feel unwell, with itching of skin, skin swelling, skin lesion, acne or pimples, skin moles, skin rash and skin growth. It started two days ago.",seborrheic keratosis,Dermatological
"For the past few days I've had itchiness of eye, symptoms of the face, lip swelling and skin rash. It started two days ago.",allergy,Musculoskeletal/Other
"Since yesterday I've noticed sharp abdominal pain, skin growth, vomiting, ache all over, diarrhea and back pain. It got worse overnight.",chronic pancreatitis,Gastrointestinal
"For the past few days I've had difficulty in swallowing, burning abdominal pain, chest tightness and cough. It comes and goes.",gastroesophageal reflux disease (gerd),Gastrointestinal
"Since yesterday I've noticed abnormal appearing skin, skin swelling, skin irritation, itching of skin, skin rash, skin moles, irregular appearing scalp and skin growth.",seborrheic keratosis,Dermatological
"The symptoms are toothache, cough, headache and sore throat.",aphthous ulcer,Gastrointestinal
"I have sharp abdominal pain, hurts to breath, side pain and weakness. It began this morning.",pleural effusion,Respiratory
"My main problems are coryza, chills, wheezing, sore throat and vomiting.",common cold,Respiratory
"Chief complaint: diarrhea, headache, fever, vomiting and nausea. It comes and goes.",gastritis,Gastrointestinal
"Patient reports fluid retention, burning abdominal pain, blood in stool, vomiting and diarrhea. It started two days ago.",infectious gastroenteritis,Febrile/Systemic
"I feel unwell, with groin mass, swollen abdomen, ache all over, swelling of scrotum, mass in scrotum and symptoms of the scrotum and testes. This has lasted about a week.",inguinal hernia,Gastrointestinal
"I feel unwell, with shortness of breath, cough, sore throat, gum pain, fever, vomiting and sharp chest pain. It comes and goes.",acute bronchospasm,Respiratory
"Chief complaint: pelvic pain, skin swelling, skin rash and itchy scalp. It began this morning.",fungal infection of the hair,Dermatological
"I've been experiencing eyelid swelling, symptoms of eye, lacrimation, itchiness of eye and foreign body sensation in eye and I'm worried. It began this morning.",corneal abrasion,Musculoskeletal/Other
"For the past few days I've had back pain, regurgitation.1, upper abdominal pain, sharp abdominal pain, burning abdominal pain and lower body pain.",cholecystitis,Gastrointestinal
"Patient reports fever, nasal congestion, throat feels tight, difficulty speaking, hoarse voice, sore throat, ear pain and cough. It comes and goes.",laryngitis,Respiratory
"Patient reports itching of skin, pain in eye, abnormal appearing skin, skin lesion, skin rash and back pain.",shingles (herpes zoster),Dermatological
"For the past few days I've had burning abdominal pain, sharp abdominal pain, chills and fluid retention.",infectious gastroenteritis,Febrile/Systemic
"I've been experiencing pelvic pain, lower abdominal pain, pain during pregnancy, problems during pregnancy and vaginal discharge and I'm worried. It began this morning.",vaginal cyst,Musculoskeletal/Other
"I've been experiencing symptoms of eye, problems with movement, diminished vision, double vision, spots or clouds in vision, eye redness and foreign body sensation in eye and I'm worried. It got worse overnight.",acute glaucoma,Musculoskeletal/Other
"I have nausea, sharp abdominal pain, regurgitation.1, sharp chest pain, symptoms of the kidneys, lower body pain and upper abdominal pain.",cholecystitis,Gastrointestinal
"Patient reports peripheral edema, sharp chest pain, muscle pain, throat feels tight, fatigue, dizziness and shortness of breath.",ischemic heart disease,Musculoskeletal/Other
"The symptoms are upper abdominal pain, burning abdominal pain, vomiting, nausea and side pain. This has lasted about a week.",gallstone,Gastrointestinal
"Chief complaint: allergic reaction, nasal congestion, sore throat, headache, cough and coryza. It got worse overnight.",seasonal allergies (hay fever),Febrile/Systemic
"The symptoms are arm pain, paresthesia, headache, shoulder pain, vaginal pain, lower body pain, neck pain, leg pain and back pain. This has lasted about a week.",spinal stenosis,Musculoskeletal/Other
"Patient reports arm stiffness or tightness, arm swelling, leg pain, elbow pain, knee swelling, hip pain and arm pain. It began this morning.",bursitis,Musculoskeletal/Other
"For the past few days I've had headache, sharp abdominal pain, burning abdominal pain, flu-like syndrome, decreased appetite, blood clots during menstrual periods and nausea.",infectious gastroenteritis,Febrile/Systemic
"My main problems are sharp abdominal pain, heavy menstrual flow, frequent menstruation, lower abdominal pain and painful menstruation.",idiopathic irregular menstrual cycle,Musculoskeletal/Other
"For the past few days I've had difficulty breathing, throat feels tight, dizziness, peripheral edema and sharp chest pain. It comes and goes.",ischemic heart disease,Musculoskeletal/Other
"I have leg swelling, shortness of breath, insomnia, chest tightness, palpitations and sharp chest pain. It started two days ago.",hypertensive heart disease,Musculoskeletal/Other
"Lately I keep having irregular appearing scalp, skin swelling, acne or pimples, skin rash, skin growth and feeling ill. It started two days ago.",alopecia,Dermatological
"I came in because of facial pain, headache, sinus congestion, fever and ear pain.",chronic sinusitis,Respiratory
"Since yesterday I've noticed skin lesion, lack of growth, irregular appearing scalp and skin rash.",dermatitis due to sun exposure,Dermatological
"My main problems are allergic reaction, sharp chest pain, coughing up sputum, nasal congestion and wheezing. It got worse overnight.",asthma,Respiratory
"Lately I keep having fluid retention, flu-like syndrome, vomiting, fever, headache, chills and burning abdominal pain. It got worse overnight.",infectious gastroenteritis,Febrile/Systemic
"For the past few days I've had groin pain, sharp abdominal pain, lower abdominal pain, swelling of scrotum and groin mass.",inguinal hernia,Gastrointestinal
"Since yesterday I've noticed chills, decreased appetite, fever and fluid retention. This has lasted about a week.",infectious gastroenteritis,Febrile/Systemic
"I came in because of shortness of breath, difficulty breathing, fainting, fever and cough.",pulmonary fibrosis,Respiratory
"Patient reports difficulty breathing, allergic reaction, fever, nasal congestion, coryza and wheezing. It got worse overnight.",asthma,Respiratory
"The symptoms are fluid retention, burning abdominal pain, rectal bleeding and diarrhea.",noninfectious gastroenteritis,Febrile/Systemic
"I came in because of blood in stool, vomiting, sharp abdominal pain, sharp chest pain and changes in stool appearance.",gastroduodenal ulcer,Gastrointestinal
"I have sore throat, sharp abdominal pain, sharp chest pain and heartburn. It got worse overnight.",esophagitis,Gastrointestinal
"Since yesterday I've noticed itchiness of eye, ear pain, frontal headache, allergic reaction, headache, sore throat and lacrimation. It began this morning.",seasonal allergies (hay fever),Febrile/Systemic
"I came in because of low back pain, hip pain, muscle pain and side pain.",lumbago,Musculoskeletal/Other
"Lately I keep having back pain, nausea, lower body pain, leg swelling, upper abdominal pain and vomiting. It got worse overnight.",acute pancreatitis,Gastrointestinal
"Complaining of hoarse voice, burning abdominal pain, chest tightness, difficulty speaking, nausea and cough.",gastroesophageal reflux disease (gerd),Gastrointestinal
"I feel unwell, with coryza, wheezing, sore throat and flu-like syndrome.",common cold,Respiratory
"For the past few days I've had shortness of breath, irregular heartbeat, palpitations and impotence. This has lasted about a week.",premature ventricular contractions (pvcs),Musculoskeletal/Other
"Complaining of diarrhea, vomiting, flu-like syndrome, chills and fever.",infectious gastroenteritis,Febrile/Systemic
"I feel unwell, with palpitations, sharp chest pain, fatigue, leg swelling and heartburn.",hypertensive heart disease,Musculoskeletal/Other
"The symptoms are fever, wheezing, coryza and difficulty breathing. This has lasted about a week.",pneumonia,Respiratory
"My main problems are diarrhea, chills, vomiting, flu-like syndrome and nausea. It started two days ago.",infectious gastroenteritis,Febrile/Systemic
"I've been experiencing swollen eye, allergic reaction and skin swelling and I'm worried.",contact dermatitis,Dermatological
"The symptoms are decreased appetite, feeling ill, chills, cough, shortness of breath, fever, weakness and vomiting. It started two days ago.",sepsis,Febrile/Systemic
"Patient reports pelvic pain, skin dryness, peeling, scaliness, or roughness, skin irritation, abnormal appearing skin and skin lesion. It comes and goes.",fungal infection of the hair,Dermatological
"I came in because of chills, decreased appetite, vomiting, shortness of breath, weakness, cough, suprapubic pain and feeling ill.",sepsis,Febrile/Systemic
"The symptoms are lacrimation, frontal headache, sneezing, cough, ear pain and sore throat.",seasonal allergies (hay fever),Febrile/Systemic
"Patient reports skin dryness, peeling, scaliness, or roughness, warts, skin lesion, cough, allergic reaction and skin irritation.",eczema,Dermatological
"Since yesterday I've noticed headache, fever, hip pain, nausea, cough and neck stiffness or tightness. It began this morning.",meningitis,Febrile/Systemic
"Patient reports stiffness all over, problems with movement, weakness, dizziness and leg stiffness or tightness.",parkinson disease,Musculoskeletal/Other
"I came in because of nausea, lower abdominal pain, blood in stool, pain of the anus, vomiting, sharp abdominal pain and rectal bleeding.",chronic constipation,Gastrointestinal
"Complaining of double vision, abnormal movement of eyelid, diminished vision, blindness, pain in eye, arm pain, cloudy eye and symptoms of eye. It began this morning.",cataract,Musculoskeletal/Other
"For the past few days I've had facial pain, sinus congestion, frontal headache and sore throat. It began this morning.",acute sinusitis,Respiratory
"Chief complaint: abnormal appearing skin, depressive or psychotic symptoms, fatigue, hip pain and symptoms of the face. It comes and goes.",lyme disease,Febrile/Systemic
"I came in because of sneezing, symptoms of eye, allergic reaction, swollen eye, nasal congestion, eye burns or stings and cough.",conjunctivitis due to allergy,Musculoskeletal/Other
"I've been experiencing irritable infant, cough, diarrhea, nasal congestion and blood in stool and I'm worried. It got worse overnight.",diaper rash,Dermatological
"I feel unwell, with decreased appetite, nasal congestion, vomiting, hurts to breath, shortness of breath, coryza, difficulty breathing and cough.",acute bronchiolitis,Respiratory
"Since yesterday I've noticed facial pain, toothache, jaw swelling, skin swelling and peripheral edema. It began this morning.",tooth abscess,Dermatological
"My main problems are elbow swelling, sinus congestion, cough, sore throat, fever, painful sinuses and frontal headache.",acute sinusitis,Respiratory
"Lately I keep having itching of skin, abnormal appearing skin, skin lesion, nasal congestion and mouth ulcer. It got worse overnight.",impetigo,Dermatological
"I came in because of flu-like syndrome, fluid retention, burning abdominal pain, diarrhea and headache. It started two days ago.",infectious gastroenteritis,Febrile/Systemic
"I've been experiencing lacrimation, itchiness of eye, coryza, nasal congestion, sneezing and ear pain and I'm worried.",seasonal allergies (hay fever),Febrile/Systemic
"I have unpredictable menstruation, skin swelling and foot or toe swelling. This has lasted about a week.",scabies,Dermatological
"Complaining of mouth pain, skin swelling, neck swelling, peripheral edema and gum pain. It comes and goes.",tooth abscess,Dermatological
"Complaining of vomiting blood, regurgitation.1, headache and vomiting.",gastritis,Gastrointestinal
"My main problems are weakness, cough, vomiting, fever, suprapubic pain, shortness of breath and difficulty breathing. It got worse overnight.",sepsis,Febrile/Systemic
"Lately I keep having fever, sharp chest pain, congestion in chest, cough, difficulty breathing, shortness of breath and sore throat. It comes and goes.",acute bronchitis,Respiratory
"My main problems are skin growth, skin irritation, acne or pimples, warts, skin moles, irregular appearing scalp and skin rash. It got worse overnight.",seborrheic keratosis,Dermatological
"Lately I keep having abnormal involuntary movements, sharp chest pain, insomnia, depression, palpitations and fears and phobias. It comes and goes.",anxiety,Musculoskeletal/Other
"Patient reports hand or finger swelling, foot or toe pain, abnormal appearing skin, peripheral edema, leg pain, leg swelling, skin swelling and foot or toe swelling. It got worse overnight.",pyogenic skin infection,Dermatological
"I've been experiencing regurgitation.1, sharp chest pain, nausea, hand or finger pain, burning abdominal pain, side pain and back pain and I'm worried.",gallstone,Gastrointestinal
"For the past few days I've had vomiting, feeling ill, decreased appetite, suprapubic pain, cough, fever and shortness of breath.",sepsis,Febrile/Systemic
"For the past few days I've had nausea, suprapubic pain, blood in urine, side pain, back pain and vomiting.",urinary tract infection,Musculoskeletal/Other
"The symptoms are heartburn, itching of the anus, cramps and spasms, pain of the anus, constipation and blood in stool. It started two days ago.",rectal disorder,Gastrointestinal
"Since yesterday I've noticed skin rash, acne or pimples, swollen eye, itching of skin, ache all over, skin lesion and allergic reaction. It started two days ago.",contact dermatitis,Dermatological
"Since yesterday I've noticed apnea, sharp chest pain, palpitations, hemoptysis and feeling ill. It comes and goes.",pulmonary hypertension,Respiratory
"I came in because of irregular appearing scalp, itching of skin, itchy scalp and too little hair. It began this morning.",fungal infection of the skin,Dermatological
"I came in because of skin growth, abnormal appearing skin, lip swelling, cramps and spasms, throat swelling, toothache and sore throat. This has lasted about a week.",cellulitis or abscess of mouth,Dermatological
"Lately I keep having skin growth, skin swelling, itching of skin, skin dryness, peeling, scaliness, or roughness and irregular appearing scalp. It began this morning.",fungal infection of the hair,Dermatological
"My main problems are retention of urine, weakness, peripheral edema, sharp chest pain, shortness of breath, kidney mass and symptoms of the kidneys.",acute kidney injury,Musculoskeletal/Other
"My main problems are cough, shortness of breath, coughing up sputum, too little hair, chest tightness, wheezing, fever and coryza.",asthma,Respiratory
"Complaining of skin swelling, skin irritation, irregular appearing scalp, skin growth, itching of skin, warts and skin dryness, peeling, scaliness, or roughness. It began this morning.",skin polyp,Dermatological
"Complaining of anxiety and nervousness, low self-esteem, hostile behavior, insomnia, hysterical behavior, delusions or hallucinations, excessive anger and temper problems. It started two days ago.",schizophrenia,Musculoskeletal/Other
"My main problems are wheezing, difficulty breathing, coryza, fever, chest tightness, coughing up sputum and sharp chest pain. It began this morning.",asthma,Respiratory
"The symptoms are headache, nausea, burning abdominal pain, chills, vomiting, flu-like syndrome and sharp abdominal pain.",infectious gastroenteritis,Febrile/Systemic
"I feel unwell, with irregular appearing scalp, acne or pimples, abnormal appearing skin, skin moles, lack of growth and skin lesion.",dermatitis due to sun exposure,Dermatological
"Chief complaint: upper abdominal pain, vomiting, nausea, sharp abdominal pain, blood in stool, lower abdominal pain and melena. It began this morning.",diverticulosis,Gastrointestinal
"Since yesterday I've noticed lymphedema, paresthesia, leg pain, foot or toe pain and skin lesion. This has lasted about a week.",diabetic peripheral neuropathy,Musculoskeletal/Other
"Since yesterday I've noticed symptoms of eye, lacrimation, spots or clouds in vision, pain in eye, double vision and eye deviation. This has lasted about a week.",astigmatism,Musculoskeletal/Other
"Since yesterday I've noticed sharp abdominal pain, weight gain, abusing alcohol, peripheral edema, abnormal involuntary movements and diarrhea. It comes and goes.",alcoholic liver disease,Gastrointestinal
"I've been experiencing shortness of breath, chills, chest tightness, wheezing and fever and I'm worried.",acute respiratory distress syndrome (ards),Respiratory
"For the past few days I've had acne or pimples, itching of skin, skin rash, skin swelling, skin irritation, irregular appearing scalp, skin dryness, peeling, scaliness, or roughness and skin lesion. It started two days ago.",fungal infection of the hair,Dermatological
"For the past few days I've had lower abdominal pain, decreased appetite, vomiting, side pain, nausea, diarrhea, burning abdominal pain and fever.",appendicitis,Gastrointestinal
"I came in because of abnormal appearing skin, skin rash, facial pain and sharp chest pain. It comes and goes.",shingles (herpes zoster),Dermatological
"For the past few days I've had weakness, difficulty breathing, sharp chest pain, shortness of breath, coryza and chills. It started two days ago.",pneumonia,Respiratory
"For the past few days I've had blood in stool, headache, decreased appetite, nausea, fluid retention and diarrhea.",noninfectious gastroenteritis,Febrile/Systemic
"Patient reports side pain, blood in stool, upper abdominal pain, nausea, heartburn, sharp abdominal pain, jaundice and diarrhea. It began this morning.",liver disease,Gastrointestinal
"I have allergic reaction, fever, coryza, chest tightness, wheezing, nasal congestion, sharp chest pain and cough. It began this morning.",asthma,Respiratory
"Complaining of problems with movement, hip pain and knee pain. It got worse overnight.",myositis,Musculoskeletal/Other
"My main problems are lip swelling, acne or pimples, abnormal appearing skin, wrinkles on skin, weakness, skin growth and skin lesion. It comes and goes.",atrophic skin condition,Dermatological
"Since yesterday I've noticed knee pain, foot or toe pain, ankle swelling, foot or toe swelling, leg swelling and hand or finger pain.",gout,Musculoskeletal/Other
"Patient reports sharp abdominal pain, weakness, side pain and unusual color or odor to urine. It began this morning.",liver disease,Gastrointestinal
"I've been experiencing lacrimation, cough, ear pain, itchiness of eye, sore throat, headache and coryza and I'm worried. It started two days ago.",seasonal allergies (hay fever),Febrile/Systemic
"Complaining of blood in urine, retention of urine, fever, nausea, painful urination, suprapubic pain, vomiting and lower abdominal pain. This has lasted about a week.",urinary tract infection,Musculoskeletal/Other
"My main problems are skin rash, sharp chest pain, back pain, itching of skin, eye redness and pain in eye.",shingles (herpes zoster),Dermatological
"I've been experiencing vomiting, blood in stool, fever, sharp abdominal pain, diarrhea and nausea and I'm worried. It got worse overnight.",diverticulitis,Gastrointestinal
"Since yesterday I've noticed abnormal appearing skin, pain in eye, eyelid swelling, eyelid lesion or rash, eye redness, skin swelling, itchiness of eye and symptoms of eye. It began this morning.",stye,Musculoskeletal/Other
"For the past few days I've had swollen eye, acne or pimples, abnormal appearing skin, skin moles and skin irritation. It got worse overnight.",contact dermatitis,Dermatological
"I've been experiencing difficulty breathing, sweating, chest tightness, leg swelling and leg pain and I'm worried. It comes and goes.",pulmonary embolism,Respiratory
"The symptoms are skin dryness, peeling, scaliness, or roughness, allergic reaction, abnormal appearing skin, acne or pimples and warts. It began this morning.",eczema,Dermatological
"For the past few days I've had painful urination, sharp abdominal pain and vaginal discharge. It got worse overnight.",cervicitis,Musculoskeletal/Other
"My main problems are sharp chest pain, symptoms of the kidneys, sharp abdominal pain, back pain, regurgitation.1 and burning abdominal pain.",cholecystitis,Gastrointestinal
"I've been experiencing facial pain, jaw swelling, skin swelling and pain in gums and I'm worried.",tooth abscess,Dermatological
"Lately I keep having constipation, sharp abdominal pain and cramps and spasms.",rectal disorder,Gastrointestinal
"I feel unwell, with nausea and sharp chest pain. This has lasted about a week.",acute pancreatitis,Gastrointestinal
"I have sharp abdominal pain, sharp chest pain, bleeding from ear, regurgitation, burning abdominal pain, regurgitation.1 and upper abdominal pain. This has lasted about a week.",gastroparesis,Gastrointestinal
"I've been experiencing nausea, sharp abdominal pain, retention of urine, burning abdominal pain, constipation and blood in stool and I'm worried.",ischemia of the bowel,Gastrointestinal
"Chief complaint: hand or finger stiffness or tightness, bones are painful and back pain. It started two days ago.",fracture of the vertebra,Musculoskeletal/Other
"I came in because of neck pain, sleepiness, back pain, dizziness, nausea, rib pain, difficulty speaking and facial pain. It comes and goes.",concussion,Musculoskeletal/Other
"My main problems are sore throat, skin rash, nasal congestion, feeling ill, headache and swollen lymph nodes. It started two days ago.",mononucleosis,Febrile/Systemic
"I came in because of low back pain, shoulder pain, arm pain, leg pain, arm weakness, hip pain and leg weakness. It comes and goes.",herniated disk,Gastrointestinal
"I came in because of abusing alcohol, nausea, skin growth, ache all over, vomiting, diarrhea and back pain. It got worse overnight.",chronic pancreatitis,Gastrointestinal
"The symptoms are skin rash, skin dryness, peeling, scaliness, or roughness, abnormal appearing skin, skin moles and itchy scalp.",psoriasis,Dermatological
"Complaining of cough, nasal congestion, wheezing, chills and coryza.",pneumonia,Respiratory
"I came in because of diarrhea, vomiting, fluid retention, flu-like syndrome, burning abdominal pain, decreased appetite, fever and nausea. It began this morning.",infectious gastroenteritis,Febrile/Systemic
"The symptoms are back pain, arm pain, low back pain, hip pain, arm weakness and stomach bloating. It began this morning.",herniated disk,Gastrointestinal
"The symptoms are sneezing, headache, cough, allergic reaction, lacrimation and nasal congestion. It comes and goes.",seasonal allergies (hay fever),Febrile/Systemic
"The symptoms are fever, difficulty in swallowing, cough, nasal congestion and headache. This has lasted about a week.",abscess of the pharynx,Dermatological
"I came in because of foot or toe swelling, hand or finger pain, skin lesion, skin rash, skin swelling and abnormal appearing skin. It comes and goes.",pyogenic skin infection,Dermatological
"I came in because of upper abdominal pain, blood in stool, nausea and shortness of breath. It got worse overnight.",liver disease,Gastrointestinal
"I feel unwell, with wheezing, fever, difficulty breathing, nasal congestion, sore throat, sharp chest pain and cough.",pneumonia,Respiratory
"Chief complaint: knee swelling, hand or finger lump or mass, skin growth, foot or toe pain and wrist swelling. This has lasted about a week.",ganglion cyst,Musculoskeletal/Other
"I came in because of lacrimation, allergic reaction, coryza, ear pain and sneezing. It started two days ago.",seasonal allergies (hay fever),Febrile/Systemic
"For the past few days I've had throat feels tight, difficulty speaking, coryza, cough and ear pain. This has lasted about a week.",laryngitis,Respiratory
"Complaining of regurgitation.1, sharp abdominal pain, fever, vomiting, diarrhea, nausea and headache. This has lasted about a week.",gastritis,Gastrointestinal
"Chief complaint: burning abdominal pain, diarrhea, rectal bleeding, blood in stool, itching of the anus, melena and heartburn. It got worse overnight.",rectal disorder,Gastrointestinal
"I have itching of skin, itchy scalp, skin swelling, pelvic pain, skin lesion, irregular appearing scalp, skin rash and unpredictable menstruation.",fungal infection of the hair,Dermatological
"Patient reports sharp abdominal pain, diarrhea, rectal bleeding and cramps and spasms. This has lasted about a week.",rectal disorder,Gastrointestinal
"Complaining of acne or pimples, cough, warts and irregular appearing scalp. It got worse overnight.",eczema,Dermatological
"Lately I keep having cough, ear pain, coryza, throat feels tight, sore throat, fever, difficulty speaking, hoarse voice and vomiting. It started two days ago.",laryngitis,Respiratory
"I came in because of back cramps or spasms, headache, dizziness and anxiety and nervousness.",tension headache,Musculoskeletal/Other
"Chief complaint: shortness of breath, chest tightness, sharp chest pain, wheezing, depressive or psychotic symptoms and cough. This has lasted about a week.",acute respiratory distress syndrome (ards),Respiratory
"I came in because of upper abdominal pain, lower abdominal pain, constipation, back pain, vomiting, burning abdominal pain, blood in stool and sharp abdominal pain. It began this morning.",diverticulitis,Gastrointestinal
"Lately I keep having burning abdominal pain, rectal bleeding, headache, fluid retention, chills and vomiting. It started two days ago.",noninfectious gastroenteritis,Febrile/Systemic
"I have low back pain, hip pain, leg weakness, arm weakness, neck pain and arm pain. It began this morning.",herniated disk,Gastrointestinal
"I came in because of symptoms of eye, swollen eye, itchiness of eye, eye burns or stings, pain in eye, diminished vision, foreign body sensation in eye and eye redness.",cornea infection,Musculoskeletal/Other
"Chief complaint: chills, feeling ill, decreased appetite, vomiting and sharp abdominal pain. This has lasted about a week.",sepsis,Febrile/Systemic
"I came in because of burning abdominal pain, pain in eye, foreign body sensation in eye and blindness.",acute glaucoma,Musculoskeletal/Other
"Patient reports blood in stool, chills, fluid retention, nausea, fever, decreased appetite and burning abdominal pain. It began this morning.",infectious gastroenteritis,Febrile/Systemic
The symptoms are lump in throat and diminished hearing. It began this morning.,tonsillitis,Respiratory
"For the past few days I've had sharp chest pain, chest tightness, burning abdominal pain and nausea.",gastroesophageal reflux disease (gerd),Gastrointestinal
"Complaining of sharp abdominal pain, blood in stool, vomiting, constipation and burning abdominal pain.",ischemia of the bowel,Gastrointestinal
"Complaining of sore throat, skin swelling and cough. It comes and goes.",scarlet fever,Febrile/Systemic
"For the past few days I've had vaginal itching, retention of urine, sharp abdominal pain, skin rash and cough. It got worse overnight.",parasitic disease,Musculoskeletal/Other
"For the past few days I've had nasal congestion, vomiting, sore throat, irritable infant, hurts to breath and sinus congestion.",abscess of nose,Dermatological
"Chief complaint: heartburn, fever, burning abdominal pain, constipation and cramps and spasms.",rectal disorder,Gastrointestinal
"Chief complaint: skin moles, wrinkles on skin, skin swelling, abnormal appearing skin, skin irritation and lip swelling.",atrophic skin condition,Dermatological
"I feel unwell, with swollen eye, skin lesion, joint pain, abnormal appearing skin, skin swelling and skin rash. It got worse overnight.",psoriasis,Dermatological
"The symptoms are symptoms of the face, itching of skin and abnormal appearing skin.",actinic keratosis,Dermatological
"My main problems are pain in eye, blindness, eye deviation and foreign body sensation in eye. It comes and goes.",myopia,Musculoskeletal/Other
"I came in because of nausea, lower abdominal pain, heartburn, vomiting and rectal bleeding. It began this morning.",diverticulosis,Gastrointestinal
"The symptoms are irregular appearing scalp, long menstrual periods, skin swelling and skin dryness, peeling, scaliness, or roughness.",acne,Dermatological
"The symptoms are irregular appearing scalp, abnormal appearing skin, itching of skin, skin rash, skin irritation, skin lesion, skin growth and itchy scalp. It got worse overnight.",fungal infection of the hair,Dermatological
"I have irregular appearing scalp, acne or pimples and skin moles. It got worse overnight.",skin polyp,Dermatological
"I feel unwell, with foot or toe pain, skin rash, foot or toe swelling, abnormal appearing skin, skin swelling and peripheral edema.",pyogenic skin infection,Dermatological
"For the past few days I've had shortness of breath, fever, cough, nasal congestion, sore throat, sharp chest pain, difficulty breathing and wheezing. It comes and goes.",acute bronchospasm,Respiratory
"Patient reports cough, irritable infant, wheezing, difficulty breathing and nasal congestion.",acute bronchiolitis,Respiratory
"Complaining of difficulty breathing, apnea, sleepiness, abnormal breathing sounds and sweating.",obstructive sleep apnea (osa),Respiratory
"Complaining of skin rash, acne or pimples, irregular appearing scalp and skin swelling. It began this morning.",alopecia,Dermatological
"I have sharp abdominal pain, diarrhea, fluid retention, decreased appetite, flu-like syndrome and burning abdominal pain. This has lasted about a week.",infectious gastroenteritis,Febrile/Systemic
"Chief complaint: shortness of breath, vomiting, wheezing, sore throat, difficulty breathing and chills.",pneumonia,Respiratory
"My main problems are sharp chest pain, vomiting, sore throat, chest tightness, cough and nausea. It got worse overnight.",esophagitis,Gastrointestinal
"Lately I keep having increased heart rate, ache all over, diarrhea, sore throat, coryza and nausea. It got worse overnight.",flu,Respiratory
"Lately I keep having shortness of breath, wheezing, cough, hoarse voice and coryza.",croup,Respiratory
"I have wheezing, vomiting, fever, coryza, irritable infant, hurts to breath, decreased appetite, cough and neck pain. It started two days ago.",acute bronchiolitis,Respiratory
"My main problems are vomiting, weakness, nasal congestion, wheezing and difficulty breathing. This has lasted about a week.",pneumonia,Respiratory
"I feel unwell, with fever, vomiting, shortness of breath, decreased appetite and suprapubic pain. It began this morning.",sepsis,Febrile/Systemic
"Lately I keep having sharp chest pain, shortness of breath, fever, weakness and decreased heart rate. It got worse overnight.",pulmonary congestion,Respiratory
"Since yesterday I've noticed lip swelling, skin growth, abnormal appearing skin, skin dryness, peeling, scaliness, or roughness, skin moles, skin irritation and warts. This has lasted about a week.",skin cancer,Dermatological
"I have lack of growth, headache and hot flashes. It started two days ago.",pituitary disorder,Musculoskeletal/Other
"Lately I keep having chest tightness, difficulty breathing, fatigue, heartburn, leg swelling, shortness of breath, insomnia and weakness.",hypertensive heart disease,Musculoskeletal/Other
"Complaining of fluid retention, sharp abdominal pain, headache, nausea, decreased appetite, fever, diarrhea and flu-like syndrome. It began this morning.",infectious gastroenteritis,Febrile/Systemic
"Chief complaint: burning abdominal pain, flu-like syndrome, vomiting, chills, nausea, headache, fluid retention and blood in stool. It got worse overnight.",infectious gastroenteritis,Febrile/Systemic
"My main problems are regurgitation, sharp chest pain, vomiting, regurgitation.1, upper abdominal pain and burning abdominal pain. It started two days ago.",gastroparesis,Gastrointestinal
"Patient reports heavy menstrual flow, heartburn, intermenstrual bleeding, rectal bleeding, dizziness and weakness. This has lasted about a week.",iron deficiency anemia,Musculoskeletal/Other
"Since yesterday I've noticed skin lesion, abnormal appearing skin, lymphedema, skin dryness, peeling, scaliness, or roughness, symptoms of eye and skin swelling. It began this morning.",rosacea,Dermatological
"The symptoms are arm pain, abnormal involuntary movements, leg weakness, paresthesia, leg pain, arm weakness and dizziness. It started two days ago.",peripheral nerve disorder,Musculoskeletal/Other
"Complaining of increased heart rate, sharp chest pain, shortness of breath and hot flashes. It started two days ago.",angina,Musculoskeletal/Other
"I've been experiencing rectal bleeding, blood in stool, fever, sharp abdominal pain, fluid retention and headache and I'm worried. It started two days ago.",noninfectious gastroenteritis,Febrile/Systemic
"Chief complaint: hip pain, low back pain, back pain, arm weakness and shoulder pain. It started two days ago.",herniated disk,Gastrointestinal
"I have skin growth, irregular appearing scalp, joint pain, itchy scalp, abnormal appearing skin, skin lesion and skin rash. It began this morning.",psoriasis,Dermatological
"For the past few days I've had abnormal appearing skin, irregular appearing scalp, itching of skin, skin irritation, skin growth and skin lesion.",fungal infection of the hair,Dermatological
"Since yesterday I've noticed cough, nasal congestion, decreased heart rate and fever.",pulmonary congestion,Respiratory
"I have vomiting, sharp abdominal pain, diarrhea, nausea, swollen lymph nodes and blood in stool. It got worse overnight.",ulcerative colitis,Gastrointestinal
"I have neck pain, headache, ear pain, neck stiffness or tightness, mouth pain, lower abdominal pain and bleeding from ear.",injury to the face,Musculoskeletal/Other
"Since yesterday I've noticed cough, difficulty breathing, vomiting, coryza, nasal congestion and shortness of breath. It began this morning.",pneumonia,Respiratory
"I came in because of vomiting, nausea, shortness of breath, dizziness and abnormal appearing skin.",drug reaction,Musculoskeletal/Other
"Patient reports eyelid swelling, eyelid lesion or rash, eye burns or stings, abnormal appearing skin, skin swelling, mass on eyelid, pain in eye and swollen eye.",stye,Musculoskeletal/Other
"The symptoms are decreased appetite, headache, flu-like syndrome, chills, fever, diarrhea and burning abdominal pain. It comes and goes.",infectious gastroenteritis,Febrile/Systemic
"I feel unwell, with allergic reaction, eye redness, diminished vision and sneezing.",conjunctivitis due to allergy,Musculoskeletal/Other
"Complaining of frontal headache, congestion in chest, fever, ear pain, headache and sinus congestion. It comes and goes.",chronic sinusitis,Respiratory
"Lately I keep having skin lesion, skin growth, itching of skin, acne or pimples, symptoms of eye and skin moles. It began this morning.",rosacea,Dermatological
"Complaining of fever, wheezing and decreased appetite.",acute bronchiolitis,Respiratory
"Since yesterday I've noticed neck pain, wrist swelling, arm pain, loss of sensation, bleeding from eye, hand or finger swelling, hand or finger pain and paresthesia. This has lasted about a week.",carpal tunnel syndrome,Musculoskeletal/Other
"Since yesterday I've noticed nausea, burning abdominal pain, sharp abdominal pain and decreased appetite. It got worse overnight.",infectious gastroenteritis,Febrile/Systemic
"My main problems are skin lesion, itching of skin, skin irritation, lower abdominal pain, skin dryness, peeling, scaliness, or roughness, skin swelling, abnormal appearing skin and skin growth.",skin disorder,Dermatological
"The symptoms are skin lesion, abnormal appearing skin, irregular appearing scalp, itching of skin, skin irritation, skin rash, skin swelling and skin growth. This has lasted about a week.",fungal infection of the hair,Dermatological
"I feel unwell, with heartburn, lower abdominal pain, sharp abdominal pain, diarrhea, blood in stool, nausea and melena. It got worse overnight.",diverticulosis,Gastrointestinal
"Lately I keep having leg pain, shoulder pain, low back pain, problems with movement, headache and loss of sensation. It got worse overnight.",spinal stenosis,Musculoskeletal/Other
"Chief complaint: increased heart rate, sharp chest pain and throat feels tight.",chronic rheumatic fever,Febrile/Systemic
"Since yesterday I've noticed hand or finger swelling, leg swelling, foot or toe swelling, knee pain, ankle pain, joint pain, ankle swelling and wrist swelling.",gout,Musculoskeletal/Other
"I've been experiencing sharp chest pain, headache, skin lesion, back pain and skin rash and I'm worried. It started two days ago.",shingles (herpes zoster),Dermatological
"I've been experiencing fluid retention, fever, diarrhea, blood in stool, decreased appetite and rectal bleeding and I'm worried.",noninfectious gastroenteritis,Febrile/Systemic
"I have blood in urine, vomiting, back pain, sharp abdominal pain and lower abdominal pain. It comes and goes.",kidney stone,Musculoskeletal/Other
"I've been experiencing upper abdominal pain, shortness of breath, nausea, jaundice, diarrhea and blood in stool and I'm worried. It began this morning.",liver disease,Gastrointestinal
"For the past few days I've had symptoms of the scrotum and testes, groin mass, groin pain, skin irritation, lower abdominal pain and mass in scrotum. It comes and goes.",hydrocele of the testicle,Musculoskeletal/Other
"The symptoms are decreased appetite, jaundice, sharp chest pain, lack of growth and nausea. This has lasted about a week.",choledocholithiasis,Musculoskeletal/Other
"I've been experiencing burning abdominal pain, lower abdominal pain, sharp abdominal pain, constipation and nausea and I'm worried. This has lasted about a week.",ileus,Gastrointestinal
"I came in because of skin lesion, itching of skin, abnormal appearing skin, skin swelling, skin dryness, peeling, scaliness, or roughness, irregular appearing scalp, drug abuse and allergic reaction.",eczema,Dermatological
"For the past few days I've had skin growth, itching of skin, skin irritation, skin dryness, peeling, scaliness, or roughness, skin rash, irregular appearing scalp and skin lesion. It comes and goes.",actinic keratosis,Dermatological
"I've been experiencing blood in urine, side pain, frequent urination, back pain, suprapubic pain and pelvic pain and I'm worried. It comes and goes.",cystitis,Musculoskeletal/Other
"Lately I keep having depressive or psychotic symptoms, lack of growth, obsessions and compulsions, depression and anxiety and nervousness. This has lasted about a week.",obsessive compulsive disorder (ocd),Musculoskeletal/Other
"For the past few days I've had fever, coughing up sputum, nasal congestion, facial pain, ear pain, coryza, sore throat and frontal headache. It comes and goes.",acute sinusitis,Respiratory
"I've been experiencing vaginal itching, ache all over, pain of the anus and sharp abdominal pain and I'm worried.",intestinal obstruction,Gastrointestinal
"Chief complaint: skin lesion, skin moles, skin dryness, peeling, scaliness, or roughness, abnormal appearing skin and acne or pimples.",dermatitis due to sun exposure,Dermatological
"I have frontal headache, headache, allergic reaction, itchiness of eye, ear pain and lacrimation. It comes and goes.",seasonal allergies (hay fever),Febrile/Systemic
"I feel unwell, with headache, sharp chest pain, hip pain and low back pain. This has lasted about a week.",fibromyalgia,Musculoskeletal/Other
"Chief complaint: sharp chest pain, chills, fever, wheezing and depressive or psychotic symptoms. It comes and goes.",acute respiratory distress syndrome (ards),Respiratory
"Complaining of cough, coryza, sore throat, coughing up sputum, painful sinuses and headache.",acute sinusitis,Respiratory
"I feel unwell, with swollen eye, hostile behavior, eye burns or stings, lip swelling and itchiness of eye.",cornea infection,Musculoskeletal/Other
"I came in because of intermenstrual bleeding, unpredictable menstruation, cramps and spasms, painful menstruation, long menstrual periods, pelvic pain, lower abdominal pain and frequent menstruation.",idiopathic irregular menstrual cycle,Musculoskeletal/Other
"The symptoms are sharp abdominal pain, diarrhea, nausea, rectal bleeding, vomiting, blood in stool and burning abdominal pain. This has lasted about a week.",noninfectious gastroenteritis,Febrile/Systemic
"Lately I keep having sweating, coryza, coughing up sputum, cough, nasal congestion, chest tightness and wheezing.",asthma,Respiratory
"I came in because of skin rash, skin irritation, acne or pimples, abnormal appearing skin, skin growth, pelvic pain and skin dryness, peeling, scaliness, or roughness. It got worse overnight.",fungal infection of the hair,Dermatological
"My main problems are shortness of breath, paresthesia and cough. It got worse overnight.",pulmonary eosinophilia,Respiratory
"I came in because of intermenstrual bleeding, long menstrual periods, cramps and spasms, sharp abdominal pain and painful menstruation.",idiopathic irregular menstrual cycle,Musculoskeletal/Other
"Chief complaint: pain in gums, ear pain, skin irritation, toothache and facial pain. It started two days ago.",dental caries,Musculoskeletal/Other
"I feel unwell, with ear pain, headache, lacrimation, allergic reaction, cough, coryza, sore throat and itchiness of eye. It got worse overnight.",seasonal allergies (hay fever),Febrile/Systemic
"I came in because of sore throat, cough, coryza and frontal headache. It started two days ago.",seasonal allergies (hay fever),Febrile/Systemic
"Since yesterday I've noticed skin rash, fever, vomiting, irritable infant, temper problems, pulling at ears, blood in stool and cough.",diaper rash,Dermatological
"My main problems are sharp abdominal pain, side pain, nausea, lower body pain, stomach bloating, sharp chest pain, symptoms of the kidneys and regurgitation.1.",cholecystitis,Gastrointestinal
"Chief complaint: sore throat, coryza, cough and congestion in chest. It got worse overnight.",acute sinusitis,Respiratory
"I came in because of abnormal involuntary movements, shortness of breath, difficulty in swallowing, mouth dryness, fatigue and leg pain. This has lasted about a week.",obstructive sleep apnea (osa),Respiratory
"Since yesterday I've noticed sharp abdominal pain, heartburn, changes in stool appearance, nausea, vomiting blood, blood in stool, sharp chest pain and upper abdominal pain. This has lasted about a week.",gastroduodenal ulcer,Gastrointestinal
"Complaining of skin swelling, hand or finger pain, foot or toe swelling, hand or finger swelling and leg swelling. It got worse overnight.",pyogenic skin infection,Dermatological
"The symptoms are diarrhea, regurgitation, nausea, sharp abdominal pain, sharp chest pain and regurgitation.1. This has lasted about a week.",intestinal disease,Gastrointestinal
"Patient reports pain in eye, skin rash and headache.",shingles (herpes zoster),Dermatological
"Chief complaint: sharp abdominal pain, fever, shortness of breath, chills and difficulty breathing.",sepsis,Febrile/Systemic
"Chief complaint: skin growth, irregular appearing scalp, skin rash, skin moles, abnormal appearing skin, itching of skin and skin dryness, peeling, scaliness, or roughness. This has lasted about a week.",actinic keratosis,Dermatological
"Patient reports sweating, insomnia, mouth dryness, difficulty breathing, sleepiness, abnormal breathing sounds, difficulty in swallowing and abnormal involuntary movements. It got worse overnight.",obstructive sleep apnea (osa),Respiratory
"The symptoms are skin lesion, abnormal appearing skin, joint pain, skin swelling, itching of skin and skin moles. It got worse overnight.",psoriasis,Dermatological
"Lately I keep having upper abdominal pain, nausea, weakness, blood in stool, unusual color or odor to urine and diarrhea. It began this morning.",liver disease,Gastrointestinal
"Chief complaint: skin swelling, itching of skin, acne or pimples, skin lesion, skin dryness, peeling, scaliness, or roughness and irregular appearing scalp. It comes and goes.",skin polyp,Dermatological
"I have feeling ill, cough, chills and vomiting.",sepsis,Febrile/Systemic
"I feel unwell, with skin swelling, abnormal appearing skin, skin dryness, peeling, scaliness, or roughness and symptoms of eye. It began this morning.",rosacea,Dermatological
"The symptoms are leg swelling, ankle swelling, ankle pain, irregular appearing nails, infant feeding problem, problems with movement, knee pain and foot or toe swelling. It comes and goes.",injury to the leg,Musculoskeletal/Other
"Chief complaint: frequent menstruation, blood clots during menstrual periods and long menstrual periods. It began this morning.",idiopathic excessive menstruation,Musculoskeletal/Other
"Lately I keep having itching of the anus, difficulty breathing, sharp abdominal pain, cough, decreased appetite, suprapubic pain, fever and chills.",sepsis,Febrile/Systemic
"Complaining of abnormal appearing skin, throat swelling, peripheral edema and lymphedema.",lymphedema,Musculoskeletal/Other
"For the past few days I've had blood in urine, pain during intercourse, involuntary urination and impotence. It comes and goes.",prostate cancer,Musculoskeletal/Other
"I have diarrhea, abusing alcohol, vomiting, lower body pain, back pain, sharp abdominal pain, upper abdominal pain and nausea. It started two days ago.",acute pancreatitis,Gastrointestinal
"Chief complaint: skin moles, acne or pimples, irregular appearing scalp, skin rash, skin lesion, warts, abnormal appearing skin and itching of skin.",seborrheic keratosis,Dermatological
"Patient reports coughing up sputum, facial pain, sore throat, fever, nasal congestion, painful sinuses and coryza.",acute sinusitis,Respiratory
"Complaining of skin rash, foot or toe pain and leg pain.",pyogenic skin infection,Dermatological
"My main problems are blood in stool, diarrhea, fluid retention, headache, burning abdominal pain and fever. This has lasted about a week.",noninfectious gastroenteritis,Febrile/Systemic
"Patient reports acne or pimples, skin swelling, skin lesion, skin irritation, allergic reaction and warts. It got worse overnight.",eczema,Dermatological
"Since yesterday I've noticed nausea, chills, burning abdominal pain, fever, vomiting, decreased appetite, flu-like syndrome and headache. It began this morning.",infectious gastroenteritis,Febrile/Systemic
"I have back pain, lower body pain, diarrhea, abusing alcohol, sharp abdominal pain and nausea.",acute pancreatitis,Gastrointestinal
"Lately I keep having coryza, heartburn, wheezing, chills, headache and flu-like syndrome. It comes and goes.",common cold,Respiratory
"I have decreased heart rate, shortness of breath, sharp chest pain, fever, nasal congestion and leg swelling.",pulmonary congestion,Respiratory
"Since yesterday I've noticed nosebleed, facial pain, apnea, headache, painful sinuses, difficulty breathing and nasal congestion. It started two days ago.",deviated nasal septum,Respiratory
"I feel unwell, with skin swelling, acne or pimples, abnormal appearing skin, skin growth, foot or toe swelling and skin rash.",callus,Dermatological
"The symptoms are skin swelling, itchy scalp, irregular appearing scalp, blood in stool, abnormal appearing skin, skin rash, skin dryness, peeling, scaliness, or roughness and skin growth. It began this morning.",fungal infection of the hair,Dermatological
"Since yesterday I've noticed diarrhea, lower abdominal pain, burning abdominal pain, sharp abdominal pain, chills and fever.",diverticulitis,Gastrointestinal
"For the past few days I've had fainting, dizziness, nausea and sharp abdominal pain. It got worse overnight.",gastrointestinal hemorrhage,Gastrointestinal
"Chief complaint: irregular appearing scalp, skin irritation, abnormal appearing skin, itching of skin, skin moles, skin swelling and warts.",seborrheic keratosis,Dermatological
"Complaining of skin irritation, itching of skin, warts, headache, skin swelling, skin moles and abnormal appearing skin. It began this morning.",skin polyp,Dermatological
"Since yesterday I've noticed skin lesion, skin dryness, peeling, scaliness, or roughness, abnormal appearing skin, warts, skin swelling, skin rash, acne or pimples and itching of skin. This has lasted about a week.",eczema,Dermatological
"I've been experiencing skin moles, skin dryness, peeling, scaliness, or roughness, itching of skin, irregular appearing scalp and abnormal appearing skin and I'm worried. It started two days ago.",skin polyp,Dermatological
"Chief complaint: abnormal breathing sounds, cough, wheezing, fever and headache.",interstitial lung disease,Respiratory
"Patient reports sleepiness, apnea, shortness of breath, difficulty in swallowing, difficulty breathing and mouth dryness. It began this morning.",obstructive sleep apnea (osa),Respiratory
"Since yesterday I've noticed leg pain, arm weakness, shoulder pain, hip pain, paresthesia, low back pain and arm pain.",herniated disk,Gastrointestinal
"Patient reports feeling ill, suprapubic pain, difficulty breathing, chills, cough and decreased appetite.",sepsis,Febrile/Systemic
"My main problems are lack of growth, abnormal appearing skin, skin swelling, skin lesion, acne or pimples and irregular appearing scalp.",dermatitis due to sun exposure,Dermatological
"For the past few days I've had cough, vomiting, sharp abdominal pain, flatulence and diarrhea.",intestinal malabsorption,Gastrointestinal
"For the past few days I've had nasal congestion, sharp chest pain, abnormal involuntary movements, depressive or psychotic symptoms and antisocial behavior. It got worse overnight.",alcohol withdrawal,Musculoskeletal/Other
"I've been experiencing skin swelling, skin lesion, hand or finger pain, skin rash, toothache, hand or finger swelling and leg pain and I'm worried. This has lasted about a week.",pyogenic skin infection,Dermatological
"Patient reports feeling ill, sharp chest pain, difficulty breathing and hemoptysis. It started two days ago.",pulmonary hypertension,Respiratory
"Patient reports nausea, dizziness, vomiting, double vision, headache, back pain, disturbance of memory and rib pain.",concussion,Musculoskeletal/Other
I have melena and knee swelling. It got worse overnight.,coagulation (bleeding) disorder,Musculoskeletal/Other
"I have abnormal appearing skin, skin rash, skin lesion, pain in eye, itching of skin, headache and sharp chest pain.",shingles (herpes zoster),Dermatological
"I have leg pain, shoulder stiffness or tightness, elbow pain and arm pain. It comes and goes.",bursitis,Musculoskeletal/Other
My main problems are cough and sharp chest pain.,pulmonary eosinophilia,Respiratory
"For the past few days I've had flu-like syndrome, diarrhea, decreased appetite, fluid retention, chills and nausea. It comes and goes.",infectious gastroenteritis,Febrile/Systemic
"Since yesterday I've noticed headache, lacrimation, itchiness of eye, sneezing and sore throat.",seasonal allergies (hay fever),Febrile/Systemic
"Chief complaint: wheezing, cough, vomiting, pulling at ears, fever, nasal congestion and hurts to breath. It started two days ago.",acute bronchiolitis,Respiratory
"The symptoms are headache, fever, nasal congestion, wheezing, congestion in chest and sore throat. It began this morning.",acute bronchitis,Respiratory
"Chief complaint: nasal congestion, hurts to breath, irritable infant, decreased appetite, fever and cough. It comes and goes.",acute bronchiolitis,Respiratory
"Patient reports joint pain, hand or finger swelling, hand or finger pain, peripheral edema and elbow swelling.",rheumatoid arthritis,Musculoskeletal/Other
"The symptoms are burning abdominal pain, sharp abdominal pain, lower body pain, upper abdominal pain, vomiting, nausea, symptoms of the kidneys and sharp chest pain. This has lasted about a week.",cholecystitis,Gastrointestinal
"My main problems are sore throat, difficulty breathing, chest tightness, cough, wheezing, sharp chest pain, fever and nasal congestion. It got worse overnight.",acute bronchospasm,Respiratory
"Since yesterday I've noticed loss of sensation, shoulder pain, arm weakness, back pain, leg pain, leg weakness, paresthesia and low back pain.",herniated disk,Gastrointestinal
"I feel unwell, with fever, suprapubic pain, blood in urine, vomiting and back pain.",urinary tract infection,Musculoskeletal/Other
"Chief complaint: skin moles, skin swelling, itchy scalp, itching of skin, irregular appearing scalp, skin rash, skin dryness, peeling, scaliness, or roughness and joint pain. It comes and goes.",psoriasis,Dermatological
"I have side pain, sharp abdominal pain and cough. It started two days ago.",pleural effusion,Respiratory
"I've been experiencing sneezing, frontal headache, cough, coryza, nasal congestion, lacrimation, ear pain and headache and I'm worried.",seasonal allergies (hay fever),Febrile/Systemic
"For the past few days I've had fever, nasal congestion, pulling at ears, cough and skin rash. It got worse overnight.",mononucleosis,Febrile/Systemic
"For the past few days I've had difficulty breathing, shortness of breath, sharp chest pain, allergic reaction, coryza and wheezing.",asthma,Respiratory
"Lately I keep having side pain, vomiting, regurgitation.1, lower body pain, back pain, burning abdominal pain, sharp abdominal pain and sharp chest pain.",gallstone,Gastrointestinal
"I have frequent urination, involuntary urination and symptoms of bladder. It got worse overnight.",benign prostatic hyperplasia (bph),Musculoskeletal/Other
"Lately I keep having nasal congestion, constipation, fever, skin rash and cough. It began this morning.",oral thrush (yeast infection),Musculoskeletal/Other
"The symptoms are lip swelling, acne or pimples, bumps on penis, skin lesion, skin swelling and warts. This has lasted about a week.",viral warts,Dermatological
"I've been experiencing irritable infant, coryza, hurts to breath, wheezing and difficulty breathing and I'm worried.",acute bronchiolitis,Respiratory
"For the past few days I've had insomnia, sweating, apnea, shortness of breath, abnormal involuntary movements, difficulty breathing, fatigue and weight gain.",obstructive sleep apnea (osa),Respiratory
"Lately I keep having lower body pain, hemoptysis, skin lesion, nausea and burning abdominal pain. It got worse overnight.",acute pancreatitis,Gastrointestinal
"I came in because of skin moles, allergic reaction, skin rash, skin dryness, peeling, scaliness, or roughness and swollen eye. It comes and goes.",contact dermatitis,Dermatological
"I came in because of itching of skin, allergic reaction, skin irritation, neck pain, skin dryness, peeling, scaliness, or roughness, swollen eye, skin lesion, abnormal appearing skin and skin swelling.",contact dermatitis,Dermatological
"Complaining of cough, leg swelling, leg pain, sweating and weakness. It got worse overnight.",pulmonary embolism,Respiratory
"Complaining of skin dryness, peeling, scaliness, or roughness, warts, skin swelling, skin growth, lip swelling and abnormal appearing skin. It got worse overnight.",skin cancer,Dermatological
"I've been experiencing skin dryness, peeling, scaliness, or roughness, abnormal appearing skin, skin swelling and acne or pimples and I'm worried. It started two days ago.",intertrigo (skin condition),Dermatological
"My main problems are abnormal involuntary movements, leg weakness, arm pain, back pain and loss of sensation. It got worse overnight.",peripheral nerve disorder,Musculoskeletal/Other
"My main problems are chills, fever, fluid retention, decreased appetite, diarrhea, rectal bleeding and vomiting.",noninfectious gastroenteritis,Febrile/Systemic
"The symptoms are lower body pain, ear pain, sneezing, sore throat, nasal congestion, allergic reaction, lacrimation and coryza.",seasonal allergies (hay fever),Febrile/Systemic
"My main problems are warts, skin irritation, itching of skin, allergic reaction and skin dryness, peeling, scaliness, or roughness. It comes and goes.",eczema,Dermatological
"Lately I keep having vomiting, temper problems, skin rash, blood in stool and irritable infant.",diaper rash,Dermatological
"Patient reports chest tightness, sharp abdominal pain, shortness of breath, sore throat, cough, difficulty in swallowing and heartburn.",esophagitis,Gastrointestinal
"I came in because of loss of sensation, back pain, problems with movement, paresthesia and hip pain. It got worse overnight.",spinal stenosis,Musculoskeletal/Other
"The symptoms are neck pain, back cramps or spasms, difficulty breathing, hip pain and side pain. This has lasted about a week.",chronic back pain,Musculoskeletal/Other
"Patient reports weakness, cough, shortness of breath and sharp abdominal pain.",pleural effusion,Respiratory
"The symptoms are skin irritation, skin swelling, skin dryness, peeling, scaliness, or roughness and cough. It started two days ago.",eczema,Dermatological
"My main problems are sharp abdominal pain, decreased appetite, fluid retention, headache and nausea. It got worse overnight.",noninfectious gastroenteritis,Febrile/Systemic
"Since yesterday I've noticed cough, skin rash, hesitancy, throat swelling and fever. It comes and goes.",scarlet fever,Febrile/Systemic
"Chief complaint: headache, itchiness of eye, sore throat, nasal congestion, cough, coryza, lacrimation and allergic reaction.",seasonal allergies (hay fever),Febrile/Systemic
"Patient reports sharp abdominal pain, shortness of breath, difficulty breathing and feeling ill.",sepsis,Febrile/Systemic
"The symptoms are fever, ache all over, neck pain, neck stiffness or tightness and cough. It got worse overnight.",meningitis,Febrile/Systemic
"Complaining of rectal bleeding, blood in stool, sharp abdominal pain, decreased appetite, fever, vomiting, fluid retention and diarrhea.",noninfectious gastroenteritis,Febrile/Systemic
"I came in because of sharp abdominal pain, dizziness, burning abdominal pain, vomiting blood, difficulty in swallowing and back pain. It started two days ago.",hiatal hernia,Gastrointestinal
"Lately I keep having sharp abdominal pain, shortness of breath, hurts to breath, weakness, cough and rib pain.",pleural effusion,Respiratory
"Patient reports side pain, lower body pain, sharp abdominal pain, vomiting, abusing alcohol, burning abdominal pain and back pain. This has lasted about a week.",acute pancreatitis,Gastrointestinal
"I came in because of elbow pain, hip pain, muscle pain, knee swelling and knee weakness. It started two days ago.",osteoarthritis,Musculoskeletal/Other
"The symptoms are foot or toe pain, ache all over and leg swelling. This has lasted about a week.",thrombophlebitis,Musculoskeletal/Other
"Lately I keep having cough, fever, nasal congestion, temper problems, skin rash, pulling at ears and diarrhea.",diaper rash,Dermatological
"I feel unwell, with sharp abdominal pain, melena, blood in stool, upper abdominal pain and nausea. It began this morning.",diverticulosis,Gastrointestinal
"Since yesterday I've noticed frequent urination, vaginal redness, vaginal discharge, sharp abdominal pain, burning abdominal pain, painful urination and suprapubic pain.",benign vaginal discharge (leukorrhea),Musculoskeletal/Other
"The symptoms are skin swelling, mouth ulcer, sore in nose, abnormal appearing skin and skin rash. It got worse overnight.",impetigo,Dermatological
"My main problems are coryza, cough, frontal headache, allergic reaction, nasal congestion, headache, lacrimation and sore throat. It got worse overnight.",seasonal allergies (hay fever),Febrile/Systemic
"Lately I keep having neck pain, back pain, ankle pain, foot or toe pain and hand or finger pain. It started two days ago.",sprain or strain,Musculoskeletal/Other
"I feel unwell, with decreased appetite, burning abdominal pain, fever, rectal bleeding, fluid retention and chills. It began this morning.",noninfectious gastroenteritis,Febrile/Systemic
"Since yesterday I've noticed difficulty breathing, nasal congestion, cough, sore throat, wheezing, coryza and fever.",acute bronchitis,Respiratory
"I came in because of symptoms of the face, skin dryness, peeling, scaliness, or roughness, skin growth, abnormal appearing skin, skin moles, skin swelling, skin irritation and skin lesion. It began this morning.",actinic keratosis,Dermatological
"I feel unwell, with changes in stool appearance, lower body pain, constipation and melena. It got worse overnight.",hemorrhoids,Gastrointestinal
"Complaining of diarrhea, headache, flu-like syndrome, burning abdominal pain, chills and blood in stool. It started two days ago.",infectious gastroenteritis,Febrile/Systemic
"Complaining of headache, decreased appetite, sharp abdominal pain, nausea and chills. It started two days ago.",noninfectious gastroenteritis,Febrile/Systemic
"Chief complaint: fluid retention, vomiting, blood in stool and burning abdominal pain. It began this morning.",infectious gastroenteritis,Febrile/Systemic
"I have regurgitation.1, regurgitation, blood in stool, peripheral edema and shortness of breath. It began this morning.",cirrhosis,Gastrointestinal
"Chief complaint: decreased appetite, burning abdominal pain, side pain and lower abdominal pain. It started two days ago.",appendicitis,Gastrointestinal
"My main problems are arm weakness, nosebleed, hand or finger swelling, hand or finger pain and wrist swelling. It started two days ago.",carpal tunnel syndrome,Musculoskeletal/Other
"For the past few days I've had cough, swollen lymph nodes, fever, nasal congestion, headache and sore throat.",mononucleosis,Febrile/Systemic
"My main problems are fever, sharp abdominal pain, cough, vomiting, decreased appetite and shortness of breath. It started two days ago.",sepsis,Febrile/Systemic
"Lately I keep having skin rash, skin swelling, mouth ulcer, skin lesion, abnormal appearing skin and sore in nose.",impetigo,Dermatological
"I've been experiencing diarrhea, heartburn, rectal bleeding, lower abdominal pain and vomiting and I'm worried.",diverticulosis,Gastrointestinal
"Chief complaint: sneezing, lacrimation, sore throat, itchiness of eye, coryza, allergic reaction and frontal headache. This has lasted about a week.",seasonal allergies (hay fever),Febrile/Systemic
"I've been experiencing wrist pain, lower body pain, headache, symptoms of the scrotum and testes, back pain and sharp chest pain and I'm worried. It comes and goes.",injury to the trunk,Musculoskeletal/Other
"I came in because of sore throat, ear pain, swollen lymph nodes, difficulty in swallowing and throat swelling.",peritonsillar abscess,Dermatological
"Lately I keep having nasal congestion, facial pain, sore throat, sinus congestion, fever, painful sinuses and ear pain.",acute sinusitis,Respiratory
"I feel unwell, with lacrimation, coryza, ear pain, sore throat, allergic reaction, cough and itchiness of eye.",seasonal allergies (hay fever),Febrile/Systemic
"I feel unwell, with back pain, symptoms of the kidneys, burning abdominal pain, skin growth, stomach bloating and lower body pain.",cholecystitis,Gastrointestinal
"I feel unwell, with burning abdominal pain, sharp abdominal pain, nausea and blood in stool.",ischemia of the bowel,Gastrointestinal
"I have shortness of breath, weakness, wrist pain, unusual color or odor to urine and heartburn. It comes and goes.",liver disease,Gastrointestinal
"Since yesterday I've noticed mouth dryness, symptoms of the face, shortness of breath, apnea, insomnia and sleepiness. It comes and goes.",obstructive sleep apnea (osa),Respiratory
"I've been experiencing cough, fever, shortness of breath, sharp chest pain, chest tightness, difficulty breathing, nasal congestion and wheezing and I'm worried. It got worse overnight.",asthma,Respiratory
"The symptoms are throat feels tight, redness in ear, throat redness, nasal congestion, diminished hearing and abnormal breathing sounds. It comes and goes.",tonsillitis,Respiratory
"Complaining of suprapubic pain, feeling ill, fever, difficulty breathing and shortness of breath. It started two days ago.",sepsis,Febrile/Systemic
"For the past few days I've had palpitations, weakness, weight gain, chest tightness, dizziness and abnormal involuntary movements. It comes and goes.",heart block,Musculoskeletal/Other
"I've been experiencing diarrhea, chills, sharp abdominal pain, burning abdominal pain, decreased appetite and blood in stool and I'm worried. It began this morning.",infectious gastroenteritis,Febrile/Systemic
"The symptoms are unusual color or odor to urine, upper abdominal pain, sharp abdominal pain, diarrhea, peripheral edema and blood in stool. It got worse overnight.",liver disease,Gastrointestinal
"Since yesterday I've noticed heartburn, nausea, side pain, regurgitation.1, vomiting and sharp abdominal pain.",gallstone,Gastrointestinal
"For the past few days I've had sore throat, coryza, nasal congestion, pulling at ears, cough and abnormal breathing sounds. It started two days ago.",croup,Respiratory
"I feel unwell, with frequent urination, painful urination, side pain, back pain, sharp abdominal pain and symptoms of prostate. This has lasted about a week.",urinary tract obstruction,Musculoskeletal/Other
"Chief complaint: warts, lip swelling, skin growth, skin swelling, abnormal appearing skin, acne or pimples, skin lesion and bumps on penis. It got worse overnight.",viral warts,Dermatological
"For the past few days I've had skin rash, acne or pimples, skin moles, skin lesion, lack of growth and sharp abdominal pain. It started two days ago.",dermatitis due to sun exposure,Dermatological
"Patient reports abnormal appearing skin, symptoms of the face, skin dryness, peeling, scaliness, or roughness, skin swelling and itching of skin.",actinic keratosis,Dermatological
"Complaining of sharp chest pain, fever, headache, burning abdominal pain, vomiting and chills. It got worse overnight.",noninfectious gastroenteritis,Febrile/Systemic
"Patient reports depression, hostile behavior, depressive or psychotic symptoms, abnormal involuntary movements, slurring words and delusions or hallucinations. It started two days ago.",delirium,Musculoskeletal/Other
"I feel unwell, with eye redness, pain in eye, foreign body sensation in eye, eye moves abnormally and blindness.",myopia,Musculoskeletal/Other
"Lately I keep having sharp abdominal pain, unusual color or odor to urine, nausea, shortness of breath, upper abdominal pain, peripheral edema, side pain and heartburn. It comes and goes.",liver disease,Gastrointestinal
"Patient reports shortness of breath, sharp chest pain, chest tightness, fever, coryza, wheezing, coughing up sputum and cough. It got worse overnight.",asthma,Respiratory
"Chief complaint: constipation, pain of the anus, cramps and spasms, heartburn, melena, rectal bleeding, blood in stool and burning abdominal pain.",rectal disorder,Gastrointestinal
"I've been experiencing sore throat, vomiting, coryza, flu-like syndrome, fever, ear pain, headache and nasal congestion and I'm worried.",common cold,Respiratory
"Lately I keep having sleepiness, facial pain, headache and disturbance of memory. It started two days ago.",concussion,Musculoskeletal/Other
"I've been experiencing fever, sore throat, vomiting, nausea and chills and I'm worried. This has lasted about a week.",flu,Respiratory
"Lately I keep having cough, neck pain, nausea and vomiting. It began this morning.",meningitis,Febrile/Systemic
"I have nasal congestion, vomiting, difficulty breathing, coryza and sore throat.",acute bronchospasm,Respiratory
"Chief complaint: side pain, sharp abdominal pain, blood in stool, peripheral edema, weakness, jaundice and diarrhea.",liver disease,Gastrointestinal
"I have pelvic pain, itchy scalp, skin lesion, skin rash and skin growth. It started two days ago.",fungal infection of the hair,Dermatological
"Lately I keep having fever, nausea, diarrhea, fluid retention, rectal bleeding and chills.",noninfectious gastroenteritis,Febrile/Systemic
"I've been experiencing weakness, suprapubic pain, decreased appetite and vomiting and I'm worried. It started two days ago.",sepsis,Febrile/Systemic
"I've been experiencing chills, wheezing, difficulty breathing, cough, chest tightness and shortness of breath and I'm worried. It comes and goes.",acute respiratory distress syndrome (ards),Respiratory
"Chief complaint: melena, rectal bleeding, diarrhea, heartburn, burning abdominal pain and itching of the anus. It got worse overnight.",rectal disorder,Gastrointestinal
"Lately I keep having insomnia, disturbance of memory, loss of sensation, dizziness and headache. It comes and goes.",encephalitis,Febrile/Systemic
"I have acne or pimples, skin moles, skin rash, lack of growth, abnormal appearing skin and skin swelling.",dermatitis due to sun exposure,Dermatological
"Patient reports hip pain, leg pain, hand or finger swelling and wrist pain.",tendinitis,Musculoskeletal/Other
"Complaining of acne or pimples, skin dryness, peeling, scaliness, or roughness, skin lesion and abnormal appearing skin. It started two days ago.",dermatitis due to sun exposure,Dermatological
"My main problems are sharp abdominal pain, vomiting, ache all over, fluid retention, flu-like syndrome and diarrhea. It got worse overnight.",infectious gastroenteritis,Febrile/Systemic
"I feel unwell, with blood in stool, nausea, chills, fluid retention, fever, headache and diarrhea. It comes and goes.",infectious gastroenteritis,Febrile/Systemic
"I've been experiencing skin swelling, foot or toe swelling, skin growth and irregular appearing nails and I'm worried. It began this morning.",callus,Dermatological
"For the past few days I've had elbow pain, wrist swelling, arm stiffness or tightness and arm pain. This has lasted about a week.",injury to the arm,Musculoskeletal/Other
"I have skin irritation, abnormal appearing skin, pelvic pain, irregular appearing scalp, skin rash, skin dryness, peeling, scaliness, or roughness, itching of skin and acne or pimples.",fungal infection of the hair,Dermatological
"I have frontal headache, sinus congestion, ear pain, coughing up sputum, fever, nasal congestion and facial pain.",acute sinusitis,Respiratory
"Chief complaint: sharp abdominal pain, headache, nausea, flu-like syndrome, blood in stool and chills. It began this morning.",infectious gastroenteritis,Febrile/Systemic
"I have fainting, chest tightness, dizziness, sharp chest pain, peripheral edema, weakness and irregular heartbeat. This has lasted about a week.",heart block,Musculoskeletal/Other
"Chief complaint: frontal headache, lacrimation, nasal congestion, itchiness of eye, ear pain, cough and sneezing. This has lasted about a week.",seasonal allergies (hay fever),Febrile/Systemic
"The symptoms are rectal bleeding, blood in stool, changes in stool appearance and mass or swelling around the anus. This has lasted about a week.",hemorrhoids,Gastrointestinal
"My main problems are nausea, lower abdominal pain, pain of the anus, diarrhea, constipation and vomiting. It began this morning.",ileus,Gastrointestinal
"Lately I keep having skin rash, acne or pimples, abnormal appearing skin, skin moles, lack of growth and skin dryness, peeling, scaliness, or roughness.",dermatitis due to sun exposure,Dermatological
"Patient reports rectal bleeding, heartburn, nausea, diarrhea and vomiting.",diverticulosis,Gastrointestinal
"Patient reports fever, suprapubic pain, shortness of breath, vomiting and cough. It got worse overnight.",sepsis,Febrile/Systemic
"Chief complaint: lower abdominal pain, diarrhea, sharp abdominal pain, burning abdominal pain, insomnia and flatulence. It comes and goes.",irritable bowel syndrome,Gastrointestinal
"I came in because of abnormal appearing skin, skin dryness, peeling, scaliness, or roughness, skin rash, skin growth, skin moles and skin irritation.",actinic keratosis,Dermatological
"I've been experiencing weakness, diarrhea, sharp abdominal pain, peripheral edema, heartburn and jaundice and I'm worried. It started two days ago.",liver disease,Gastrointestinal
"I have leg pain, stiffness all over, knee pain, ache all over, elbow pain and back pain. It started two days ago.",ankylosing spondylitis,Musculoskeletal/Other
"Chief complaint: weakness, irregular appearing nails, sharp abdominal pain, difficulty breathing, back pain, sharp chest pain and shortness of breath.",pleural effusion,Respiratory
"Complaining of sore throat, burning abdominal pain, sharp chest pain, sharp abdominal pain, nausea and heartburn.",esophagitis,Gastrointestinal
"Patient reports itching of skin, skin swelling, allergic reaction, abnormal appearing skin and acne or pimples. It got worse overnight.",contact dermatitis,Dermatological
"I have shortness of breath, cough, decreased heart rate, sharp chest pain and fever.",pulmonary congestion,Respiratory
"My main problems are skin lesion, symptoms of the face, skin swelling, skin irritation and abnormal appearing skin. This has lasted about a week.",actinic keratosis,Dermatological
"Chief complaint: coryza, vomiting, difficulty breathing, decreased appetite, hurts to breath, wheezing and shortness of breath.",acute bronchiolitis,Respiratory
"Since yesterday I've noticed flu-like syndrome, ear pain, coryza, nasal congestion and sore throat. It comes and goes.",common cold,Respiratory
"Chief complaint: shortness of breath, sore throat, fever, abnormal breathing sounds, cough, nasal congestion, vomiting and wheezing. It comes and goes.",croup,Respiratory
"Complaining of nasal congestion, difficulty breathing, abnormal breathing sounds, headache, facial pain, allergic reaction and nosebleed. It got worse overnight.",deviated nasal septum,Respiratory
"I feel unwell, with irregular appearing scalp, lack of growth and skin moles. It began this morning.",dermatitis due to sun exposure,Dermatological
"My main problems are cough, chills, difficulty breathing and feeling ill. It got worse overnight.",sepsis,Febrile/Systemic
"Patient reports skin irritation, skin rash, warts, acne or pimples and skin moles.",seborrheic keratosis,Dermatological
"I came in because of nasal congestion, cough, lacrimation, ear pain and sneezing.",seasonal allergies (hay fever),Febrile/Systemic
"The symptoms are lack of growth, skin lesion, acne or pimples, skin dryness, peeling, scaliness, or roughness, skin swelling, abnormal appearing skin and skin moles. It got worse overnight.",dermatitis due to sun exposure,Dermatological
"I feel unwell, with cough, frontal headache, lacrimation and coryza. It comes and goes.",seasonal allergies (hay fever),Febrile/Systemic
"I feel unwell, with decreased appetite, fever, feeling ill, difficulty breathing, chills and vomiting. This has lasted about a week.",sepsis,Febrile/Systemic
"For the past few days I've had pain in eye, diminished hearing, symptoms of eye, fever, swollen eye and eye redness.",orbital cellulitis,Dermatological
"Patient reports lower abdominal pain, ringing in ear, sore throat, fluid in ear, ear pain and redness in ear.",otitis externa (swimmer's ear),Musculoskeletal/Other
"For the past few days I've had facial pain, blood in stool, abnormal breathing sounds, painful sinuses and difficulty breathing.",deviated nasal septum,Respiratory
"I have rectal bleeding, diarrhea, burning abdominal pain, nausea, fever, blood in stool and chills. It started two days ago.",noninfectious gastroenteritis,Febrile/Systemic
"Chief complaint: chills, shortness of breath, suprapubic pain, fever, difficulty breathing and weakness. It got worse overnight.",sepsis,Febrile/Systemic
"Since yesterday I've noticed vomiting, flatulence, cough and diarrhea. It comes and goes.",intestinal malabsorption,Gastrointestinal
"My main problems are diarrhea, nausea, vomiting, sharp chest pain, abusing alcohol, burning abdominal pain, lower body pain and hemoptysis.",acute pancreatitis,Gastrointestinal
"I've been experiencing throat feels tight, ear pain, swollen lymph nodes and headache and I'm worried. It comes and goes.",peritonsillar abscess,Dermatological
"Since yesterday I've noticed vomiting, cough, weakness, nasal congestion, difficulty breathing, chills and sore throat. It started two days ago.",pneumonia,Respiratory
"For the past few days I've had blood in stool, burning abdominal pain, changes in stool appearance, heartburn, sharp abdominal pain and vomiting blood. It started two days ago.",gastroduodenal ulcer,Gastrointestinal
"My main problems are burning abdominal pain, chest tightness, cough and hoarse voice.",gastroesophageal reflux disease (gerd),Gastrointestinal
"Complaining of coughing up sputum, wheezing, difficulty breathing, cough and sore throat.",acute bronchitis,Respiratory
"My main problems are paresthesia, back pain, neck pain, arm weakness, hip pain and leg weakness.",herniated disk,Gastrointestinal
"The symptoms are blood in stool, diarrhea, shoulder pain, decreased appetite and chills. It began this morning.",infectious gastroenteritis,Febrile/Systemic
"Since yesterday I've noticed fainting, peripheral edema, sharp chest pain and irregular heartbeat.",aortic valve disease,Musculoskeletal/Other
"Lately I keep having nausea, vomiting, pain in gums, fever, neck stiffness or tightness and neck pain. It got worse overnight.",meningitis,Febrile/Systemic
"Since yesterday I've noticed acne or pimples, irregular appearing scalp, skin lesion, skin rash, warts, skin irritation and skin moles. This has lasted about a week.",seborrheic keratosis,Dermatological
"I feel unwell, with shortness of breath, coryza, pulling at ears, hurts to breath, fever, difficulty breathing and wheezing. It comes and goes.",acute bronchiolitis,Respiratory
"Chief complaint: vomiting, decreased appetite, hip pain, fluid retention, burning abdominal pain, blood in stool, sharp abdominal pain and headache.",infectious gastroenteritis,Febrile/Systemic
"The symptoms are skin rash, itching of skin, mouth ulcer, skin lesion and skin swelling. It started two days ago.",impetigo,Dermatological
"The symptoms are jaundice, sharp abdominal pain, ache all over, arm swelling and stomach bloating. It comes and goes.",pancreatic cancer,Gastrointestinal
"Patient reports headache, dizziness, leg pain and decreased appetite.",autonomic nervous system disorder,Musculoskeletal/Other
"Patient reports allergic reaction, skin lesion and skin swelling. It started two days ago.",contact dermatitis,Dermatological
"My main problems are nausea, skin irritation, fever, fluid retention, blood in stool, vomiting, chills, headache and sharp abdominal pain. This has lasted about a week.",noninfectious gastroenteritis,Febrile/Systemic
"I feel unwell, with fatigue, hip pain, depressive or psychotic symptoms, headache, fever, symptoms of the face and abnormal appearing skin. It started two days ago.",lyme disease,Febrile/Systemic
"For the past few days I've had sore throat, difficulty breathing, coryza and weakness. It began this morning.",pneumonia,Respiratory
"For the past few days I've had blood in stool, vomiting, fever, nausea, fluid retention, burning abdominal pain, sharp abdominal pain and chills. It got worse overnight.",infectious gastroenteritis,Febrile/Systemic
"Complaining of coryza, shortness of breath, sharp chest pain, difficulty breathing and nasal congestion. It began this morning.",pneumonia,Respiratory
"For the past few days I've had burning abdominal pain, back pain, upper abdominal pain, side pain, sharp chest pain, diarrhea, loss of sensation, lower body pain and hemoptysis.",acute pancreatitis,Gastrointestinal
"The symptoms are loss of sensation, hip pain, back stiffness or tightness, groin pain, back cramps or spasms, back pain and neck pain. It began this morning.",chronic back pain,Musculoskeletal/Other
"For the past few days I've had decreased appetite, difficulty breathing, hurts to breath, wheezing, vomiting and coryza. It got worse overnight.",acute bronchiolitis,Respiratory
"I feel unwell, with cough, sore throat, facial pain, coryza, ear pain and problems during pregnancy. It got worse overnight.",acute sinusitis,Respiratory
"I have burning chest pain, increased heart rate, arm pain, heartburn and chest tightness. It got worse overnight.",heart attack,Musculoskeletal/Other
"Complaining of skin growth, skin swelling, foot or toe swelling, foot or toe pain, skin lesion and acne or pimples. It got worse overnight.",callus,Dermatological
"Patient reports nasal congestion, acne or pimples, allergic reaction, skin swelling, cough and skin lesion. It began this morning.",eczema,Dermatological
"I've been experiencing low self-esteem, fears and phobias, hostile behavior, insomnia, depression, drug abuse and delusions or hallucinations and I'm worried. It got worse overnight.",personality disorder,Musculoskeletal/Other
"I came in because of jaw swelling, neck mass, facial pain, peripheral edema and toothache. It began this morning.",jaw disorder,Musculoskeletal/Other
"I have vomiting, burning abdominal pain, sharp chest pain, sore throat and difficulty in swallowing. It got worse overnight.",esophagitis,Gastrointestinal
"Patient reports weakness, decreased appetite, fluid retention and vomiting. This has lasted about a week.",diabetic ketoacidosis,Musculoskeletal/Other
"The symptoms are diarrhea, cramps and spasms, burning abdominal pain, constipation, rectal bleeding and itching of the anus. It began this morning.",rectal disorder,Gastrointestinal
"Lately I keep having loss of sensation, arm pain, leg pain, back pain, hip pain, leg weakness, low back pain and paresthesia.",herniated disk,Gastrointestinal
"My main problems are headache, cough, shortness of breath, congestion in chest, coryza and skin irritation.",acute bronchitis,Respiratory
"Lately I keep having sharp chest pain, nausea, fever, burning abdominal pain and vomiting blood.",gastritis,Gastrointestinal
"Patient reports back pain, neck pain and bones are painful.",injury to the trunk,Musculoskeletal/Other
"Chief complaint: vaginal discharge, sharp abdominal pain, intermenstrual bleeding, pelvic pain, back pain and vaginal pain. This has lasted about a week.",vaginal cyst,Musculoskeletal/Other
"For the past few days I've had vomiting blood, fainting, changes in stool appearance, nausea, melena, vomiting and weakness. This has lasted about a week.",gastrointestinal hemorrhage,Gastrointestinal
"Since yesterday I've noticed chills, wheezing and difficulty breathing. It started two days ago.",pneumonia,Respiratory
"I feel unwell, with vomiting, nausea, headache, sharp abdominal pain, chills and rectal bleeding.",noninfectious gastroenteritis,Febrile/Systemic
"I have suprapubic pain, difficulty breathing, vomiting, weakness, fever, feeling ill, cough and shortness of breath. This has lasted about a week.",sepsis,Febrile/Systemic
"Patient reports burning abdominal pain, stomach bloating, lower body pain, sharp abdominal pain, sharp chest pain and nausea.",cholecystitis,Gastrointestinal
"I came in because of lump or mass of breast, back pain, neck pain, bones are painful and pain or soreness of breast.",gynecomastia,Musculoskeletal/Other
"Since yesterday I've noticed constipation, sharp abdominal pain, lower body pain, mass or swelling around the anus and pain of the anus.",hemorrhoids,Gastrointestinal
"Patient reports burning abdominal pain, nausea, diarrhea, blood in stool and headache.",infectious gastroenteritis,Febrile/Systemic
"The symptoms are nasal congestion, shortness of breath, decreased heart rate, chest tightness and fever.",pulmonary congestion,Respiratory
"Chief complaint: skin rash, allergic reaction, skin lesion, swollen eye, itching of skin, skin moles and skin dryness, peeling, scaliness, or roughness. It got worse overnight.",contact dermatitis,Dermatological
"Complaining of lacrimation, mass on eyelid, spots or clouds in vision and itchiness of eye. It began this morning.",chronic glaucoma,Musculoskeletal/Other
"I have weight gain, insomnia, decreased appetite, difficulty eating and depressive or psychotic symptoms. It began this morning.",eating disorder,Musculoskeletal/Other
"I have knee stiffness or tightness, problems with movement, leg swelling, infant feeding problem, groin mass, knee pain, ankle pain and foot or toe swelling. This has lasted about a week.",injury to the leg,Musculoskeletal/Other
"I feel unwell, with leg weakness, loss of sensation, shoulder pain and paresthesia. It started two days ago.",herniated disk,Gastrointestinal
"Lately I keep having congestion in chest, fever, coryza, cough, sharp chest pain, nasal congestion, shortness of breath and wheezing.",chronic obstructive pulmonary disease (copd),Respiratory
"Chief complaint: abnormal breathing sounds, fatigue, cough, sweating, difficulty breathing and weight gain. It began this morning.",obstructive sleep apnea (osa),Respiratory
"Patient reports fluid retention, chills, blood in stool, diarrhea, skin lesion, decreased appetite, fever and nausea. It started two days ago.",infectious gastroenteritis,Febrile/Systemic
"My main problems are neck pain, paresthesia, leg pain, back pain, shoulder pain and low back pain.",degenerative disc disease,Musculoskeletal/Other
"I feel unwell, with nausea, coryza, rectal bleeding, diarrhea, sharp abdominal pain and blood in stool. It began this morning.",diverticulosis,Gastrointestinal
"I've been experiencing decreased appetite, chills, sharp abdominal pain, difficulty breathing and shortness of breath and I'm worried. It began this morning.",sepsis,Febrile/Systemic
"Complaining of cough, infant feeding problem, shortness of breath, hurts to breath, fever, wheezing, irritable infant, nasal congestion and vomiting.",acute bronchiolitis,Respiratory
"The symptoms are burning abdominal pain, vomiting, sharp abdominal pain, chills and diarrhea. It got worse overnight.",noninfectious gastroenteritis,Febrile/Systemic
"I came in because of changes in stool appearance, blood in stool, heartburn, itching of the anus and rectal bleeding. It got worse overnight.",hemorrhoids,Gastrointestinal
"I came in because of changes in stool appearance, constipation, vomiting, pain of the anus and nausea.",chronic constipation,Gastrointestinal
"My main problems are fever, cough, sore throat and feeling ill. It got worse overnight.",mononucleosis,Febrile/Systemic
"Patient reports skin irritation, skin moles, lip swelling, skin growth and irregular appearing scalp. It comes and goes.",skin cancer,Dermatological
"The symptoms are difficulty breathing, chest tightness and coughing up sputum. It comes and goes.",asthma,Respiratory
"I feel unwell, with sharp abdominal pain, depression and problems with movement. This has lasted about a week.",poisoning due to anticonvulsants,Musculoskeletal/Other
"I feel unwell, with cough, skin swelling, sore in nose, nasal congestion, mouth ulcer and fever. It started two days ago.",impetigo,Dermatological
"Chief complaint: abnormal breathing sounds, sweating, shortness of breath, difficulty in swallowing, difficulty breathing and mouth dryness. It started two days ago.",obstructive sleep apnea (osa),Respiratory
"For the past few days I've had nasal congestion, wheezing, cough, chest tightness, difficulty breathing, sharp chest pain, arm weakness and allergic reaction.",asthma,Respiratory
"My main problems are skin growth, skin lesion, irregular appearing scalp, skin rash, skin dryness, peeling, scaliness, or roughness, itching of skin, dry or flaky scalp and abnormal appearing skin. It got worse overnight.",seborrheic dermatitis,Dermatological
"Since yesterday I've noticed vomiting, wheezing, chest tightness, sharp chest pain, difficulty breathing, fever and shortness of breath.",acute bronchospasm,Respiratory
"I feel unwell, with abnormal appearing skin, skin rash, leg swelling, peripheral edema, foot or toe pain and skin swelling.",pyogenic skin infection,Dermatological
"I came in because of insomnia, apnea, mouth dryness, abnormal breathing sounds, difficulty breathing and fatigue.",obstructive sleep apnea (osa),Respiratory
"I've been experiencing symptoms of eye, lacrimation and double vision and I'm worried. It started two days ago.",corneal disorder,Musculoskeletal/Other
"I have decreased appetite, burning abdominal pain, fluid retention, blood in stool, chills and vomiting. It started two days ago.",infectious gastroenteritis,Febrile/Systemic
"For the past few days I've had fainting, rectal bleeding, dizziness, blood in stool, vomiting blood, diarrhea, sharp abdominal pain and weakness. It comes and goes.",gastrointestinal hemorrhage,Gastrointestinal
"My main problems are depression, depressive or psychotic symptoms, insomnia, restlessness, anxiety and nervousness and excessive anger. It began this morning.",drug abuse (opioids),Musculoskeletal/Other
"Chief complaint: cough, sharp abdominal pain, feeling ill and shortness of breath.",sepsis,Febrile/Systemic
"My main problems are sore throat, sharp chest pain, chest tightness and vomiting.",acute bronchospasm,Respiratory
"Lately I keep having headache, blood in stool, fluid retention, rectal bleeding and sharp abdominal pain. It began this morning.",noninfectious gastroenteritis,Febrile/Systemic
"Chief complaint: foot or toe swelling, skin swelling, skin rash, skin lesion and foot or toe pain.",pyogenic skin infection,Dermatological
"Lately I keep having leg pain, leg weakness, neck pain, hip pain and back pain. It began this morning.",herniated disk,Gastrointestinal
"I have skin rash, skin lesion, leg pain, peripheral edema, hand or finger pain and hand or finger swelling. It comes and goes.",pyogenic skin infection,Dermatological
"The symptoms are skin swelling, skin growth, skin irritation, skin dryness, peeling, scaliness, or roughness and lip swelling.",skin cancer,Dermatological
"I came in because of headache, acne or pimples, skin growth, itching of skin, skin swelling and abnormal appearing skin. It started two days ago.",skin disorder,Dermatological
"I came in because of acne or pimples, bumps on penis, skin swelling and skin lesion. This has lasted about a week.",viral warts,Dermatological
"I came in because of burning abdominal pain, sharp abdominal pain, fluid retention, vomiting and diarrhea. It got worse overnight.",noninfectious gastroenteritis,Febrile/Systemic
"Complaining of too little hair, acne or pimples, skin dryness, peeling, scaliness, or roughness, burning abdominal pain, abnormal appearing skin and itching of skin. This has lasted about a week.",fungal infection of the skin,Dermatological
"Lately I keep having ear pain, diminished hearing, itchy ear(s), facial pain, fever, ringing in ear and cough.",otitis externa (swimmer's ear),Musculoskeletal/Other
"I've been experiencing coryza, ear pain and fluid in ear and I'm worried.",otitis media,Musculoskeletal/Other
"Lately I keep having diarrhea, sharp chest pain, shortness of breath, fainting and sharp abdominal pain. It got worse overnight.",hypokalemia,Musculoskeletal/Other
"Since yesterday I've noticed vomiting, difficulty breathing, weakness, chills, sharp abdominal pain, shortness of breath and fever. It began this morning.",sepsis,Febrile/Systemic
"Patient reports heavy menstrual flow, pelvic pain, spotting or bleeding during pregnancy, sharp abdominal pain and pain during pregnancy.",vaginal cyst,Musculoskeletal/Other
"Patient reports lower body pain, heartburn, sharp abdominal pain, regurgitation.1, upper abdominal pain and sharp chest pain. It began this morning.",gallstone,Gastrointestinal
"For the past few days I've had skin growth, symptoms of eye, abnormal appearing skin, skin dryness, peeling, scaliness, or roughness and lymphedema. This has lasted about a week.",rosacea,Dermatological
"Lately I keep having burning abdominal pain, skin growth, skin moles, itching of skin, warts, skin irritation, abnormal appearing skin and skin swelling.",skin polyp,Dermatological
"Complaining of weakness, chills, shortness of breath, sore throat, wheezing, difficulty breathing and nausea. It got worse overnight.",pneumonia,Respiratory
"I came in because of difficulty breathing, abnormal breathing sounds, sleepiness, fatigue, sweating, apnea and abnormal involuntary movements.",obstructive sleep apnea (osa),Respiratory
"The symptoms are heartburn, increased heart rate, arm pain, fainting, shortness of breath, irregular heartbeat and sweating. It started two days ago.",heart attack,Musculoskeletal/Other
"Patient reports pelvic pain, spotting or bleeding during pregnancy, sharp abdominal pain, headache and vomiting. This has lasted about a week.",problem during pregnancy,Musculoskeletal/Other
"The symptoms are groin pain, lower abdominal pain, mass in scrotum, ache all over and symptoms of the scrotum and testes. It got worse overnight.",inguinal hernia,Gastrointestinal
"The symptoms are vomiting blood, cramps and spasms, weakness, dizziness, fainting, melena, blood in stool and diarrhea. It got worse overnight.",gastrointestinal hemorrhage,Gastrointestinal
"I came in because of irregular belly button, regurgitation, sharp abdominal pain, upper abdominal pain, regurgitation.1, ache all over and lower abdominal pain. It comes and goes.",abdominal hernia,Gastrointestinal
"My main problems are coryza, nasal congestion, wheezing, cough and coughing up sputum. This has lasted about a week.",chronic obstructive pulmonary disease (copd),Respiratory
"I have arm swelling, sharp abdominal pain, fever, feeling ill and decreased appetite. It began this morning.",sepsis,Febrile/Systemic
"Lately I keep having allergic reaction, sharp chest pain, difficulty breathing, shortness of breath and nasal congestion. This has lasted about a week.",asthma,Respiratory
"I came in because of burning abdominal pain, skin rash, diaper rash, diarrhea and temper problems. It started two days ago.",diaper rash,Dermatological
"Patient reports itchy scalp, abnormal appearing skin, skin lesion and depression.",fungal infection of the hair,Dermatological
"I have headache, sneezing, sore throat, frontal headache and cough.",seasonal allergies (hay fever),Febrile/Systemic
"I feel unwell, with drug abuse, anxiety and nervousness, depression, temper problems, abusing alcohol, excessive anger, depressive or psychotic symptoms and insomnia. This has lasted about a week.",depression,Musculoskeletal/Other
"Patient reports foot or toe pain, hand or finger swelling, hand or finger pain, peripheral edema, leg pain, foot or toe swelling, skin rash and skin lesion. It began this morning.",pyogenic skin infection,Dermatological
"The symptoms are insomnia, difficulty in swallowing, sleepiness, fatigue, difficulty breathing, abnormal involuntary movements, mouth dryness and shortness of breath.",obstructive sleep apnea (osa),Respiratory
"Patient reports too little hair, skin rash, skin dryness, peeling, scaliness, or roughness, acne or pimples and itchy scalp. It got worse overnight.",fungal infection of the skin,Dermatological
"I've been experiencing decreased appetite, flu-like syndrome, sharp abdominal pain, vomiting, nausea, headache, chills and burning abdominal pain and I'm worried. It started two days ago.",infectious gastroenteritis,Febrile/Systemic
"I feel unwell, with headache, flu-like syndrome, nausea, vomiting and diarrhea.",infectious gastroenteritis,Febrile/Systemic
"For the past few days I've had blood in stool, lower abdominal pain, chills, nausea, diarrhea, constipation and upper abdominal pain. It began this morning.",diverticulitis,Gastrointestinal
"I've been experiencing fever, irritable infant, temper problems, nasal congestion, cough, skin rash and diaper rash and I'm worried. It comes and goes.",diaper rash,Dermatological
"For the past few days I've had gum pain, jaw swelling, toothache, neck swelling and peripheral edema.",tooth abscess,Dermatological
"For the past few days I've had vomiting, flu-like syndrome, fever, chills, fluid retention and decreased appetite. It got worse overnight.",infectious gastroenteritis,Febrile/Systemic
"Since yesterday I've noticed sharp abdominal pain, cough, back pain, difficulty breathing and weakness. It comes and goes.",pleural effusion,Respiratory
"Chief complaint: wrinkles on skin, acne or pimples, skin moles and skin irritation.",atrophic skin condition,Dermatological
"I have cough, diarrhea, nausea, fever, blood in stool, chills and burning abdominal pain.",infectious gastroenteritis,Febrile/Systemic
"I have vomiting, sore throat, cough, pulling at ears, fever, coryza, wheezing and abnormal breathing sounds. It got worse overnight.",croup,Respiratory
"Patient reports lack of growth, seizures, headache and abnormal breathing sounds. This has lasted about a week.",epilepsy,Musculoskeletal/Other
"Patient reports weakness, vaginal discharge, shortness of breath, cough, hurts to breath, difficulty breathing, side pain, back pain and sharp abdominal pain.",pleural effusion,Respiratory
"I feel unwell, with facial pain, sharp chest pain, abnormal appearing skin, headache, skin lesion, skin rash and pain in eye.",shingles (herpes zoster),Dermatological
"I feel unwell, with nasal congestion, headache, wheezing, flu-like syndrome, sore throat, cough, ear pain and fever. It got worse overnight.",common cold,Respiratory
"I have decreased appetite, blood in stool, headache, rectal bleeding, fever, vomiting, sharp abdominal pain and nausea. It comes and goes.",noninfectious gastroenteritis,Febrile/Systemic
"I feel unwell, with fever, vomiting, headache and cough. It got worse overnight.",meningitis,Febrile/Systemic
"Complaining of depressive or psychotic symptoms, vomiting, burning abdominal pain, rectal bleeding, blood in stool and headache.",noninfectious gastroenteritis,Febrile/Systemic
"Lately I keep having difficulty breathing, fatigue, abnormal breathing sounds, difficulty in swallowing, insomnia and abnormal involuntary movements. It comes and goes.",obstructive sleep apnea (osa),Respiratory
"Lately I keep having nasal congestion, sharp chest pain, chest tightness, leg swelling and cough. It started two days ago.",pulmonary congestion,Respiratory
"My main problems are pulling at ears, hurts to breath, decreased appetite, coryza, cough and nasal congestion. It got worse overnight.",acute bronchiolitis,Respiratory
"Patient reports skin swelling, itching of skin, skin irritation, skin rash, abnormal appearing skin and irregular appearing scalp. It got worse overnight.",fungal infection of the hair,Dermatological
"For the past few days I've had upper abdominal pain, sharp abdominal pain, stomach bloating and groin mass.",liver cancer,Gastrointestinal
"My main problems are vomiting blood, sharp abdominal pain, dizziness, upper abdominal pain, heartburn, regurgitation and regurgitation.1. It comes and goes.",hiatal hernia,Gastrointestinal
"I've been experiencing increased heart rate, lower body pain, palpitations, irregular heartbeat, dizziness, shortness of breath and sweating and I'm worried. It started two days ago.",angina,Musculoskeletal/Other
"For the past few days I've had plugged feeling in ear, skin dryness, peeling, scaliness, or roughness, abnormal appearing skin, skin lesion, skin moles and swollen eye.",contact dermatitis,Dermatological
"I came in because of skin swelling, itching of skin, skin rash, skin growth and symptoms of the face. It began this morning.",actinic keratosis,Dermatological
"Since yesterday I've noticed vomiting, rectal bleeding, fluid retention, nausea, decreased appetite, blood in stool and headache. It started two days ago.",noninfectious gastroenteritis,Febrile/Systemic
"My main problems are diaper rash, temper problems, diarrhea, fever, vomiting, irritable infant, blood in stool and pulling at ears.",diaper rash,Dermatological
"My main problems are fever, constipation, tongue lesions and irritable infant. It comes and goes.",oral thrush (yeast infection),Musculoskeletal/Other
"The symptoms are fluid retention, vomiting, sharp abdominal pain, burning abdominal pain, fever, rectal bleeding and diarrhea. It comes and goes.",noninfectious gastroenteritis,Febrile/Systemic
"I came in because of fever, cough, coryza, chest tightness, sore throat, sharp chest pain, shortness of breath and coughing up sputum.",chronic obstructive pulmonary disease (copd),Respiratory
"Patient reports unusual color or odor to urine, sharp abdominal pain, upper abdominal pain, blood in stool, side pain, heartburn and peripheral edema. It began this morning.",liver disease,Gastrointestinal
"I came in because of melena, rectal bleeding, upper abdominal pain, heartburn, lower abdominal pain and vomiting. This has lasted about a week.",diverticulosis,Gastrointestinal
"My main problems are vomiting, diarrhea, diaper rash, pulling at ears, blood in stool and nasal congestion.",diaper rash,Dermatological
"The symptoms are vomiting, difficulty breathing, nasal congestion and cough. It began this morning.",acute bronchospasm,Respiratory
"The symptoms are low self-esteem, depressive or psychotic symptoms, depression, abusing alcohol, delusions or hallucinations, hostile behavior and drug abuse.",marijuana abuse,Musculoskeletal/Other
"Chief complaint: vomiting, neck stiffness or tightness and cough.",meningitis,Febrile/Systemic
Complaining of vomiting and weakness.,sepsis,Febrile/Systemic
"Chief complaint: skin swelling, vaginal discharge, lower abdominal pain, long menstrual periods, heavy menstrual flow, blood clots during menstrual periods, cramps and spasms and unpredictable menstruation.",idiopathic painful menstruation,Musculoskeletal/Other
"Complaining of sore throat, wheezing, shortness of breath and vomiting.",acute bronchospasm,Respiratory
"The symptoms are headache, nausea, fluid retention, fever, flu-like syndrome and burning abdominal pain.",infectious gastroenteritis,Febrile/Systemic
"I've been experiencing skin swelling, abnormal appearing skin, skin dryness, peeling, scaliness, or roughness, acne or pimples, skin rash, itching of skin, too little hair and itchy scalp and I'm worried.",fungal infection of the skin,Dermatological
"I came in because of bones are painful, arm stiffness or tightness, wrist pain, arm pain, arm swelling, elbow swelling, hand or finger pain and joint pain. It began this morning.",injury to the arm,Musculoskeletal/Other
"Complaining of sharp chest pain, nasal congestion, congestion in chest, coryza, difficulty breathing and fever. It got worse overnight.",acute bronchitis,Respiratory
Chief complaint: facial pain and symptoms of the face.,cranial nerve palsy,Musculoskeletal/Other
"I have constipation, melena, pain of the anus and heartburn. This has lasted about a week.",hemorrhoids,Gastrointestinal
"Lately I keep having dizziness, chest tightness, increased heart rate and throat feels tight. This has lasted about a week.",chronic rheumatic fever,Febrile/Systemic
"My main problems are skin moles, skin lesion, skin swelling, warts, skin rash, itching of skin and irregular appearing scalp. It started two days ago.",seborrheic keratosis,Dermatological
"My main problems are feeling ill, weakness, fever, difficulty breathing, cough and vomiting.",sepsis,Febrile/Systemic
"Complaining of mass in scrotum, symptoms of the scrotum and testes, swollen abdomen, ache all over, sharp abdominal pain, skin swelling, lower abdominal pain and groin mass.",inguinal hernia,Gastrointestinal
"The symptoms are temper problems, delusions or hallucinations, anxiety and nervousness, fears and phobias and hostile behavior. It got worse overnight.",marijuana abuse,Musculoskeletal/Other
"Complaining of chest tightness, weakness, shortness of breath, leg pain and side pain. This has lasted about a week.",pulmonary embolism,Respiratory
"Since yesterday I've noticed rectal bleeding, fainting, weakness, vomiting blood, blood in stool, temper problems and vomiting.",gastrointestinal hemorrhage,Gastrointestinal
"Patient reports melena, dizziness, sharp abdominal pain, vomiting, rectal bleeding and painful urination. It got worse overnight.",gastrointestinal hemorrhage,Gastrointestinal
"I have hoarse voice, difficulty in swallowing, fever, throat feels tight, ear pain, difficulty speaking, sore throat and cough. It comes and goes.",laryngitis,Respiratory
"The symptoms are weakness, difficulty breathing, back pain and hurts to breath.",pleural effusion,Respiratory
"I feel unwell, with chills, hand or finger pain, decreased appetite, blood in stool, vomiting, rectal bleeding and burning abdominal pain.",noninfectious gastroenteritis,Febrile/Systemic
"I've been experiencing leg weakness, low back pain, leg pain, arm weakness and paresthesia and I'm worried.",herniated disk,Gastrointestinal
"I have hostile behavior, abnormal appearing skin, lip swelling, skin swelling, allergic reaction and itchiness of eye. It started two days ago.",allergy,Musculoskeletal/Other
"For the past few days I've had chills, back pain, sharp abdominal pain, blood in urine, painful urination, lower abdominal pain and frequent urination.",prostatitis,Musculoskeletal/Other
"My main problems are irregular heartbeat, insomnia, sharp chest pain, abnormal involuntary movements and palpitations.",anxiety,Musculoskeletal/Other
"Since yesterday I've noticed symptoms of bladder, impotence, symptoms of prostate, hesitancy, low urine output, retention of urine, excessive urination at night and involuntary urination.",benign prostatic hyperplasia (bph),Musculoskeletal/Other
"Lately I keep having itching of skin, skin irritation, acne or pimples, skin rash, skin dryness, peeling, scaliness, or roughness, skin lesion and skin swelling. It got worse overnight.",fungal infection of the hair,Dermatological
"The symptoms are itching of skin, too little hair, acne or pimples and knee weakness.",alopecia,Dermatological
"Complaining of back pain, loss of sensation, neck pain, arm pain, ache all over, leg pain and lower body pain. It comes and goes.",spondylosis,Musculoskeletal/Other
"I came in because of sore throat, itchiness of eye, allergic reaction, sneezing, coryza, headache, frontal headache and ear pain. It started two days ago.",seasonal allergies (hay fever),Febrile/Systemic
"For the past few days I've had irregular appearing scalp, skin dryness, peeling, scaliness, or roughness, abnormal appearing skin, itching of skin, skin swelling and skin irritation.",skin disorder,Dermatological
"Since yesterday I've noticed skin rash, skin lesion, swollen eye and skin swelling.",contact dermatitis,Dermatological
"The symptoms are vomiting, nausea, headache, fluid retention, blood in stool and decreased appetite.",infectious gastroenteritis,Febrile/Systemic
"Chief complaint: fever, sharp abdominal pain, diarrhea, vomiting, side pain, blood in stool and lower abdominal pain. It started two days ago.",diverticulitis,Gastrointestinal
"Complaining of spots or clouds in vision, lacrimation, double vision and eye redness.",corneal disorder,Musculoskeletal/Other
"My main problems are vomiting, burning abdominal pain, lower body pain and sharp chest pain. It began this morning.",acute pancreatitis,Gastrointestinal
"Since yesterday I've noticed shortness of breath, cough, sharp abdominal pain, decreased appetite, fever, suprapubic pain, feeling ill and vomiting. This has lasted about a week.",sepsis,Febrile/Systemic
"Since yesterday I've noticed sharp abdominal pain, lower abdominal pain, pelvic pain, suprapubic pain, symptoms of bladder and side pain. It comes and goes.",cystitis,Musculoskeletal/Other
"I feel unwell, with difficulty in swallowing, vomiting and fever. It started two days ago.",erythema multiforme,Musculoskeletal/Other
"Complaining of vomiting, feeling ill and chills. This has lasted about a week.",sepsis,Febrile/Systemic
"Complaining of congestion in chest, sharp chest pain, headache, nasal congestion, shortness of breath and wheezing. This has lasted about a week.",acute bronchitis,Respiratory
"Patient reports skin rash, acne or pimples, allergic reaction, skin moles, abnormal appearing skin and skin dryness, peeling, scaliness, or roughness. It comes and goes.",contact dermatitis,Dermatological
"I have leg pain, lymphedema and arm swelling.",thrombophlebitis,Musculoskeletal/Other
"I came in because of burning abdominal pain, constipation, blood in stool, lower abdominal pain, side pain, fever and vomiting. It began this morning.",diverticulitis,Gastrointestinal
"For the past few days I've had skin swelling, skin dryness, peeling, scaliness, or roughness, acne or pimples, warts, skin irritation and irregular appearing scalp. It began this morning.",skin polyp,Dermatological
"I've been experiencing cough, irritable infant, vomiting, nasal congestion and sore throat and I'm worried.",abscess of nose,Dermatological
"I've been experiencing coryza, hoarse voice, throat feels tight, cough, difficulty speaking and sore throat and I'm worried. It started two days ago.",laryngitis,Respiratory
"Lately I keep having abusing alcohol, sharp chest pain, vomiting, diarrhea, nausea, sharp abdominal pain, upper abdominal pain and hemoptysis. It comes and goes.",acute pancreatitis,Gastrointestinal
"I feel unwell, with symptoms of eye, skin dryness, peeling, scaliness, or roughness and abnormal appearing skin. This has lasted about a week.",rosacea,Dermatological
"Complaining of shortness of breath, sore throat, sharp chest pain, shoulder pain, difficulty in swallowing, upper abdominal pain and nausea. It comes and goes.",esophagitis,Gastrointestinal
"Since yesterday I've noticed shortness of breath, wheezing, allergic reaction, cough, coryza, nasal congestion and chest tightness. It got worse overnight.",asthma,Respiratory
"Since yesterday I've noticed symptoms of eye, acne or pimples, skin moles, skin growth, lymphedema and low back pain. It got worse overnight.",rosacea,Dermatological
"I feel unwell, with diarrhea, burning abdominal pain and headache. It comes and goes.",noninfectious gastroenteritis,Febrile/Systemic
"I feel unwell, with vomiting, skin rash, blood in stool, diaper rash, cough, pulling at ears and temper problems. It got worse overnight.",diaper rash,Dermatological
"I came in because of skin growth, acne or pimples, skin irritation, irregular appearing scalp, warts, skin moles, skin dryness, peeling, scaliness, or roughness and skin swelling.",skin polyp,Dermatological
"I came in because of sweating, fatigue, insomnia, apnea, difficulty breathing, shortness of breath and abnormal involuntary movements. It got worse overnight.",obstructive sleep apnea (osa),Respiratory
"Patient reports foot or toe swelling, skin on arm or hand looks infected, neck swelling, skin growth and skin on leg or foot looks infected. This has lasted about a week.",ingrown toe nail,Musculoskeletal/Other
"My main problems are itchy scalp, acne or pimples, skin growth, abnormal appearing skin, pelvic pain, skin swelling and skin lesion. It started two days ago.",fungal infection of the hair,Dermatological
"I feel unwell, with coryza, nasal congestion, sneezing, headache, frontal headache and lacrimation. This has lasted about a week.",seasonal allergies (hay fever),Febrile/Systemic
"I've been experiencing nasal congestion, fever, cough, sore throat, apnea and abnormal breathing sounds and I'm worried. This has lasted about a week.",tonsillar hypertrophy,Respiratory
"I came in because of sharp abdominal pain, fainting, regurgitation.1 and regurgitation. It started two days ago.",intestinal disease,Gastrointestinal
"Lately I keep having nasal congestion, headache, allergic reaction, sore throat and lacrimation.",seasonal allergies (hay fever),Febrile/Systemic
"I have neck mass, ear pain, sharp abdominal pain and sore throat.",lymphadenitis,Musculoskeletal/Other
"Since yesterday I've noticed palpitations, increased heart rate and fainting. It comes and goes.",sick sinus syndrome,Musculoskeletal/Other
"Lately I keep having skin dryness, peeling, scaliness, or roughness and skin swelling.",fungal infection of the hair,Dermatological
"I've been experiencing pelvic pain, itchy scalp, skin irritation, irregular appearing scalp, skin swelling, skin lesion and skin dryness, peeling, scaliness, or roughness and I'm worried. It began this morning.",fungal infection of the hair,Dermatological
"I came in because of pain in eye, lip swelling and abusing alcohol. It began this morning.",fracture of the facial bones,Musculoskeletal/Other
"Complaining of symptoms of bladder, lower abdominal pain and painful urination.",bladder disorder,Musculoskeletal/Other
"Patient reports symptoms of the kidneys, regurgitation.1, side pain, burning abdominal pain and sharp chest pain. It comes and goes.",cholecystitis,Gastrointestinal
"Complaining of cough, skin rash, pain in testicles and itching of skin.",chickenpox,Febrile/Systemic
"I've been experiencing allergic reaction, sharp chest pain, skin lesion, acne or pimples and abnormal appearing skin and I'm worried. This has lasted about a week.",contact dermatitis,Dermatological
"I have nausea, diarrhea, side pain, upper abdominal pain, sharp abdominal pain, decreased appetite, vomiting and burning abdominal pain. It comes and goes.",appendicitis,Gastrointestinal
"The symptoms are fainting, sharp chest pain, decreased heart rate, shortness of breath and increased heart rate. It began this morning.",paroxysmal ventricular tachycardia,Musculoskeletal/Other
"My main problems are groin pain, ache all over, lower abdominal pain, swelling of scrotum, pain in testicles, groin mass, sharp abdominal pain and swollen abdomen. This has lasted about a week.",inguinal hernia,Gastrointestinal
"Since yesterday I've noticed arm lump or mass, shoulder lump or mass, skin growth, back mass or lump and groin mass.",lipoma,Musculoskeletal/Other
"The symptoms are ache all over, pain in testicles, lower abdominal pain, groin pain, swollen abdomen, groin mass and symptoms of the scrotum and testes. It started two days ago.",inguinal hernia,Gastrointestinal
"Since yesterday I've noticed cough, skin rash, irritable infant, diaper rash, pulling at ears, diarrhea, temper problems and fever.",diaper rash,Dermatological
"I came in because of foot or toe swelling, unpredictable menstruation, abnormal appearing skin and skin rash. It comes and goes.",scabies,Dermatological
"Patient reports heartburn, pain of the anus, itching of the anus, burning abdominal pain, sharp abdominal pain, constipation, melena and cramps and spasms.",rectal disorder,Gastrointestinal
"The symptoms are lower body pain, paresthesia, stiffness all over and knee pain. This has lasted about a week.",ankylosing spondylitis,Musculoskeletal/Other
"I came in because of diarrhea, sharp abdominal pain, decreased appetite, vomiting, fluid retention and rectal bleeding.",noninfectious gastroenteritis,Febrile/Systemic
"The symptoms are sharp abdominal pain, burning abdominal pain, pain of the anus, retention of urine, rectal bleeding and constipation.",chronic constipation,Gastrointestinal
"I feel unwell, with nausea, sharp abdominal pain, blood in stool, chills, fever, rectal bleeding, diarrhea and burning abdominal pain. It began this morning.",noninfectious gastroenteritis,Febrile/Systemic
"I came in because of difficulty breathing, weakness, shortness of breath, sharp abdominal pain, vomiting and suprapubic pain.",sepsis,Febrile/Systemic
"I came in because of difficulty speaking, nasal congestion, fever, difficulty in swallowing, ear pain, cough, throat feels tight and coryza. It comes and goes.",laryngitis,Respiratory
"I came in because of sharp abdominal pain, fever, chills, feeling ill, suprapubic pain and weakness. This has lasted about a week.",sepsis,Febrile/Systemic
"Lately I keep having sharp abdominal pain, fever, nausea, decreased appetite, headache, burning abdominal pain, chills and vomiting. It got worse overnight.",infectious gastroenteritis,Febrile/Systemic
"I feel unwell, with weakness, fever, nasal congestion, sharp chest pain and cough. This has lasted about a week.",pulmonary congestion,Respiratory
"For the past few days I've had diarrhea, sharp abdominal pain, nausea, decreased appetite and blood in stool.",infectious gastroenteritis,Febrile/Systemic
"I came in because of acne or pimples, too little hair and irregular appearing scalp. It comes and goes.",fungal infection of the skin,Dermatological
"Patient reports nausea, skin rash, vomiting blood, vomiting, sharp abdominal pain and changes in stool appearance. It comes and goes.",gastrointestinal hemorrhage,Gastrointestinal
"Chief complaint: sharp abdominal pain, itching of the anus and constipation.",rectal disorder,Gastrointestinal
"For the past few days I've had sharp abdominal pain, nausea, cough, sore throat, chest tightness and shortness of breath.",esophagitis,Gastrointestinal
"I've been experiencing headache, sore throat, frontal headache, fever, difficulty eating, facial pain and sinus congestion and I'm worried.",chronic sinusitis,Respiratory
"I came in because of peripheral edema, dizziness, symptoms of the kidneys, kidney mass, sharp chest pain, shortness of breath, weakness and vomiting.",acute kidney injury,Musculoskeletal/Other
"For the past few days I've had tongue lesions, arm pain, mouth pain, lip swelling, sore throat and toothache. It got worse overnight.",oral mucosal lesion,Musculoskeletal/Other
"My main problems are swollen lymph nodes, nasal congestion, skin rash and feeling ill.",mononucleosis,Febrile/Systemic
"Lately I keep having vomiting, fever, diarrhea and fluid retention. It began this morning.",infectious gastroenteritis,Febrile/Systemic
"I feel unwell, with skin swelling, abnormal appearing skin, fever, sore in nose and cough. This has lasted about a week.",impetigo,Dermatological
"I came in because of ear pain, abnormal breathing sounds, dizziness, sore throat and ringing in ear. It comes and goes.",eustachian tube dysfunction (ear disorder),Musculoskeletal/Other
"I have chills, burning abdominal pain, diarrhea and upper abdominal pain. It got worse overnight.",diverticulitis,Gastrointestinal
"I feel unwell, with swollen lymph nodes, irregular appearing scalp, skin lesion, itchy eyelid, skin moles and skin swelling.",melanoma,Dermatological
"I feel unwell, with headache, rectal bleeding, fever, fluid retention, chills, nausea and blood in stool. It comes and goes.",noninfectious gastroenteritis,Febrile/Systemic
"I've been experiencing decreased appetite, fluid retention, blood in stool, diarrhea and burning abdominal pain and I'm worried. It comes and goes.",infectious gastroenteritis,Febrile/Systemic
"Patient reports itchy scalp, abnormal involuntary movements, itching of skin, skin moles and skin growth.",psoriasis,Dermatological
"Lately I keep having headache, decreased appetite, sharp abdominal pain, burning abdominal pain and rectal bleeding. It started two days ago.",noninfectious gastroenteritis,Febrile/Systemic
"My main problems are neck pain, bones are painful, shoulder pain, lower body pain, rib pain, wrist pain, headache and symptoms of the scrotum and testes.",injury to the trunk,Musculoskeletal/Other
"Since yesterday I've noticed knee pain, leg pain, pelvic pain and headache.",chronic pain disorder,Musculoskeletal/Other
"The symptoms are symptoms of the kidneys, sharp abdominal pain, stomach bloating and vomiting. It began this morning.",cholecystitis,Gastrointestinal
"I've been experiencing intermenstrual bleeding, pain during pregnancy, cramps and spasms, blood clots during menstrual periods and blood in stool and I'm worried.",missed abortion,Musculoskeletal/Other
"Since yesterday I've noticed fever, ache all over, shortness of breath, difficulty breathing, cough, feeling ill, vomiting, suprapubic pain and weakness.",sepsis,Febrile/Systemic
"Complaining of apnea, mouth dryness, fatigue, abnormal breathing sounds and abnormal involuntary movements.",obstructive sleep apnea (osa),Respiratory
"Since yesterday I've noticed fever, weakness, sharp chest pain, shortness of breath and cough. It comes and goes.",pulmonary congestion,Respiratory
"Chief complaint: low back pain, hip pain, knee pain, leg pain, pelvic pain and headache.",chronic pain disorder,Musculoskeletal/Other
"Lately I keep having painful urination, pelvic pain, burning abdominal pain, intermenstrual bleeding, back pain and suprapubic pain. This has lasted about a week.",pelvic inflammatory disease,Musculoskeletal/Other
"Patient reports fever, headache and fluid retention. It started two days ago.",noninfectious gastroenteritis,Febrile/Systemic
"Lately I keep having abnormal appearing skin, hip pain, headache, symptoms of the face and fever. It got worse overnight.",lyme disease,Febrile/Systemic
"For the past few days I've had pelvic pain, itching of skin, irregular appearing scalp, skin rash, itchy scalp and skin growth. It began this morning.",fungal infection of the hair,Dermatological
"The symptoms are allergic reaction, headache, cough, sneezing, coryza and itchiness of eye. It comes and goes.",seasonal allergies (hay fever),Febrile/Systemic
"I've been experiencing side pain, lower abdominal pain, nausea and diarrhea and I'm worried.",diverticulitis,Gastrointestinal
"The symptoms are lower abdominal pain, side pain, chills, vomiting and burning abdominal pain. This has lasted about a week.",diverticulitis,Gastrointestinal
"Complaining of bleeding gums, rectal bleeding, blood in stool, lower abdominal pain, sharp abdominal pain, diarrhea and melena.",diverticulosis,Gastrointestinal
"I've been experiencing white discharge from eye, symptoms of eye and foreign body sensation in eye and I'm worried. It got worse overnight.",chronic glaucoma,Musculoskeletal/Other
"The symptoms are knee pain, paresthesia, loss of sensation, neck pain, arm pain, low back pain, ache all over and leg pain. This has lasted about a week.",spondylosis,Musculoskeletal/Other
"The symptoms are nasal congestion, chills, cough, wheezing, sore throat and weakness.",pneumonia,Respiratory
"Lately I keep having itching of skin, itchy scalp, skin swelling, abnormal appearing skin, skin dryness, peeling, scaliness, or roughness and skin growth. It began this morning.",psoriasis,Dermatological
"My main problems are blood in stool, nausea, chills, diarrhea, rectal bleeding and decreased appetite. This has lasted about a week.",noninfectious gastroenteritis,Febrile/Systemic
"I've been experiencing chest tightness, sharp chest pain, shortness of breath, sore throat, congestion in chest, cough and wheezing and I'm worried. It started two days ago.",chronic obstructive pulmonary disease (copd),Respiratory
"Lately I keep having upper abdominal pain, cough, heartburn, chest tightness and nausea. This has lasted about a week.",esophagitis,Gastrointestinal
"I feel unwell, with too little hair, skin rash, itching of skin, skin swelling, feeling ill and irregular appearing scalp.",alopecia,Dermatological
"The symptoms are rib pain, shortness of breath, weakness and abnormal appearing skin.",pleural effusion,Respiratory
"Complaining of skin swelling, cough, fever and throat swelling. It started two days ago.",scarlet fever,Febrile/Systemic
"Complaining of skin irritation, irregular appearing scalp, abnormal appearing skin, skin swelling, itching of skin, skin moles, skin lesion, symptoms of the face and pain in eye.",actinic keratosis,Dermatological
"I came in because of decreased appetite, headache, diarrhea, fever, vomiting and chills.",infectious gastroenteritis,Febrile/Systemic
"The symptoms are coryza, sneezing, lacrimation, nasal congestion and cough. It got worse overnight.",seasonal allergies (hay fever),Febrile/Systemic
"Chief complaint: burning abdominal pain, decreased appetite, headache, blood in stool, nausea, sharp abdominal pain, fluid retention, vomiting and hemoptysis. It comes and goes.",infectious gastroenteritis,Febrile/Systemic
"I have dry or flaky scalp, frequent menstruation, skin rash, acne or pimples, skin dryness, peeling, scaliness, or roughness, symptoms of the face, irregular appearing scalp, skin lesion and abnormal appearing skin. It got worse overnight.",seborrheic dermatitis,Dermatological
"I've been experiencing heartburn, regurgitation.1, nausea, sharp abdominal pain and sharp chest pain and I'm worried. It got worse overnight.",gallstone,Gastrointestinal
"Patient reports burning abdominal pain, sharp abdominal pain, decreased appetite, headache, blood in stool and chills.",infectious gastroenteritis,Febrile/Systemic
"Patient reports skin irritation, irregular appearing scalp, skin swelling, skin rash, skin lesion, acne or pimples, itching of skin and itchy scalp.",fungal infection of the hair,Dermatological
"Complaining of wheezing, fever, hoarse voice, sore throat, nasal congestion, shortness of breath and vomiting. It began this morning.",croup,Respiratory
"Complaining of mouth pain, facial pain, jaw swelling, lip swelling, toothache, neck swelling, pain in gums and skin swelling.",tooth abscess,Dermatological
"Complaining of sore throat, coryza, shortness of breath, sharp chest pain, wrist pain and cough. It got worse overnight.",pneumonia,Respiratory
"I've been experiencing arm pain, leg pain, loss of sensation, paresthesia, hip pain and vomiting and I'm worried. It began this morning.",herniated disk,Gastrointestinal
"The symptoms are blood in stool, vomiting, sharp abdominal pain, headache, fluid retention and burning abdominal pain. It got worse overnight.",noninfectious gastroenteritis,Febrile/Systemic
"For the past few days I've had spotting or bleeding during pregnancy, vomiting, nausea, problems during pregnancy, lower abdominal pain, pelvic pain and pain during pregnancy. It started two days ago.",problem during pregnancy,Musculoskeletal/Other
"Lately I keep having abnormal appearing skin, skin rash, itching of skin, skin moles and warts. It got worse overnight.",skin pigmentation disorder,Dermatological
"I've been experiencing sharp abdominal pain, feeling ill, chills, shortness of breath, fever, suprapubic pain and decreased appetite and I'm worried. It started two days ago.",sepsis,Febrile/Systemic
"Chief complaint: skin rash, fever, diaper rash, temper problems, irritable infant, pulling at ears and vomiting.",diaper rash,Dermatological
"Lately I keep having skin dryness, peeling, scaliness, or roughness, skin irritation, skin rash, swollen eye, allergic reaction and skin lesion. It began this morning.",contact dermatitis,Dermatological
"Chief complaint: dizziness, blood in stool, weakness, nausea, vomiting and sharp abdominal pain.",gastrointestinal hemorrhage,Gastrointestinal
"Since yesterday I've noticed sore throat, fever, headache, congestion in chest, coryza and shortness of breath.",acute bronchitis,Respiratory
"My main problems are fever, nausea, headache and neck pain. It got worse overnight.",meningitis,Febrile/Systemic
"For the past few days I've had decreased appetite, nasal congestion, irritable infant, difficulty breathing, pulling at ears, fever and wheezing.",acute bronchiolitis,Respiratory
"Patient reports nausea, blood in urine, frequent urination, retention of urine, suprapubic pain, side pain, back pain and vomiting.",urinary tract infection,Musculoskeletal/Other
"My main problems are cough, skin dryness, peeling, scaliness, or roughness and itching of skin. It began this morning.",eczema,Dermatological
"Since yesterday I've noticed leg pain, side pain, shortness of breath, weakness, leg swelling, sharp chest pain and cough. It began this morning.",pulmonary embolism,Respiratory
"The symptoms are chills, fluid retention, vomiting, decreased appetite, headache and sharp abdominal pain. It comes and goes.",infectious gastroenteritis,Febrile/Systemic
"I came in because of nausea, burning abdominal pain, headache, sharp chest pain, sharp abdominal pain, regurgitation.1, diarrhea and vomiting.",gastritis,Gastrointestinal
"I've been experiencing lip swelling, fainting, facial pain and double vision and I'm worried. This has lasted about a week.",head injury,Musculoskeletal/Other
Lately I keep having dizziness and sharp abdominal pain.,nonalcoholic liver disease (nash),Gastrointestinal
"Patient reports frontal headache, coryza, allergic reaction, nasal congestion, itchiness of eye, ear pain, headache and sore throat. It comes and goes.",seasonal allergies (hay fever),Febrile/Systemic
"Lately I keep having sharp abdominal pain, weakness, unusual color or odor to urine, shortness of breath, nausea, heartburn and peripheral edema.",liver disease,Gastrointestinal
"I came in because of skin irritation, swollen eye, skin dryness, peeling, scaliness, or roughness, skin swelling, itching of skin and abnormal appearing skin.",contact dermatitis,Dermatological
"Patient reports upper abdominal pain, lower abdominal pain, rectal bleeding and diarrhea. This has lasted about a week.",diverticulosis,Gastrointestinal
"I feel unwell, with chills, decreased appetite, fluid retention, vomiting and diarrhea. This has lasted about a week.",infectious gastroenteritis,Febrile/Systemic
"The symptoms are coryza, skin on arm or hand looks infected, sharp chest pain, wheezing, sore throat and nasal congestion.",chronic obstructive pulmonary disease (copd),Respiratory
"Chief complaint: skin swelling, lymphedema, skin growth, symptoms of eye, skin dryness, peeling, scaliness, or roughness, acne or pimples and skin lesion. It started two days ago.",rosacea,Dermatological
"For the past few days I've had vomiting blood, upper abdominal pain, blood in stool and abdominal distention. It comes and goes.",cirrhosis,Gastrointestinal
"For the past few days I've had constipation, blood in stool, itching of the anus, sharp abdominal pain, diarrhea and heartburn. This has lasted about a week.",rectal disorder,Gastrointestinal
"I've been experiencing pain during pregnancy, blood in stool, sharp abdominal pain, problems during pregnancy, blood clots during menstrual periods and lower abdominal pain and I'm worried. This has lasted about a week.",missed abortion,Musculoskeletal/Other
"My main problems are fatigue, mouth dryness, abnormal breathing sounds, sweating and difficulty in swallowing. It started two days ago.",obstructive sleep apnea (osa),Respiratory
"Complaining of pain of the anus, blood in stool, burning abdominal pain, hand or finger swelling, nausea and vomiting. It got worse overnight.",crohn disease,Gastrointestinal
"Chief complaint: sharp abdominal pain, pelvic pain, problems during pregnancy, uterine contractions, burning abdominal pain and heavy menstrual flow. It got worse overnight.",spontaneous abortion,Musculoskeletal/Other
"The symptoms are leg pain, knee pain, neck pain, hip pain, loss of sensation, lower body pain and ache all over.",spondylosis,Musculoskeletal/Other
"Complaining of allergic reaction, difficulty breathing, fever, chest tightness, wheezing and coughing up sputum. It got worse overnight.",asthma,Respiratory
"The symptoms are weight gain, depression, decreased appetite, depressive or psychotic symptoms and anxiety and nervousness.",eating disorder,Musculoskeletal/Other
"For the past few days I've had involuntary urination, swelling of scrotum, frequent urination and pain in testicles. It comes and goes.",benign prostatic hyperplasia (bph),Musculoskeletal/Other
"Complaining of lower abdominal pain, blood clots during menstrual periods, painful menstruation, unpredictable menstruation and vaginal discharge. It comes and goes.",idiopathic painful menstruation,Musculoskeletal/Other
"I have fever, sore throat, wheezing, vomiting, abnormal breathing sounds, shortness of breath, pulling at ears and coryza. It started two days ago.",croup,Respiratory
"The symptoms are hurts to breath, eye redness, pulling at ears, cough, fever, decreased appetite and coryza. It began this morning.",acute bronchiolitis,Respiratory
"For the past few days I've had skin irritation, abnormal appearing skin, irregular appearing scalp, allergic reaction, skin rash, cough and itching of skin. It began this morning.",eczema,Dermatological
"I have sore throat, ache all over and nausea. It began this morning.",flu,Respiratory
"I have sharp abdominal pain, cough, sore throat, headache, nasal congestion and frontal headache.",seasonal allergies (hay fever),Febrile/Systemic
"For the past few days I've had allergic reaction, abnormal appearing skin, vomiting, peripheral edema, shortness of breath and throat swelling. This has lasted about a week.",drug reaction,Musculoskeletal/Other
"My main problems are diaper rash, nasal congestion, irritable infant, vomiting and pulling at ears.",diaper rash,Dermatological
"Since yesterday I've noticed diarrhea, pain of the anus, rectal bleeding, heartburn, vomiting, upper abdominal pain and sharp abdominal pain. This has lasted about a week.",colonic polyp,Gastrointestinal
"Lately I keep having peripheral edema, skin swelling, leg pain, hand or finger swelling, skin lesion and foot or toe pain. This has lasted about a week.",pyogenic skin infection,Dermatological
"Complaining of itching of skin, skin growth, feeling ill, skin lesion and skin dryness, peeling, scaliness, or roughness.",scleroderma,Musculoskeletal/Other
"My main problems are temper problems, pulling at ears, fever and diarrhea. This has lasted about a week.",diaper rash,Dermatological
"I've been experiencing diarrhea, back pain, upper abdominal pain, lower body pain and vomiting and I'm worried. It got worse overnight.",acute pancreatitis,Gastrointestinal
"Complaining of diminished vision, bleeding from eye and symptoms of eye. It got worse overnight.",macular degeneration,Musculoskeletal/Other
"For the past few days I've had ear pain, allergic reaction, headache, itchiness of eye, cough, lacrimation, sore throat and frontal headache.",seasonal allergies (hay fever),Febrile/Systemic
"I've been experiencing chest tightness, weakness, hemoptysis, leg pain, sharp chest pain, leg swelling and shortness of breath and I'm worried. It began this morning.",pulmonary embolism,Respiratory
"I came in because of back pain, abusing alcohol, vomiting, lower body pain, diarrhea, burning abdominal pain, chest tightness and nausea. It got worse overnight.",acute pancreatitis,Gastrointestinal
"Lately I keep having insomnia, upper abdominal pain, sharp abdominal pain, flatulence and burning abdominal pain. It comes and goes.",irritable bowel syndrome,Gastrointestinal
"I've been experiencing loss of sensation, ankle pain, elbow pain and foot or toe pain and I'm worried.",mononeuritis,Musculoskeletal/Other
"For the past few days I've had regurgitation.1, difficulty in swallowing, sharp chest pain, hoarse voice, regurgitation and sharp abdominal pain. It got worse overnight.",gastroesophageal reflux disease (gerd),Gastrointestinal
"Lately I keep having insomnia, shortness of breath, sweating, abnormal involuntary movements and mouth dryness.",obstructive sleep apnea (osa),Respiratory
"Lately I keep having impotence, hesitancy, retention of urine, excessive urination at night, blood in urine and symptoms of bladder. It began this morning.",benign prostatic hyperplasia (bph),Musculoskeletal/Other
"Complaining of diarrhea, rectal bleeding, sharp abdominal pain and fluid retention. It got worse overnight.",noninfectious gastroenteritis,Febrile/Systemic
"Chief complaint: nasal congestion, sore throat, vomiting, shortness of breath and pulling at ears. It comes and goes.",croup,Respiratory
"Patient reports itching of skin, skin growth, abnormal appearing skin, acne or pimples, lymphedema, symptoms of eye, skin moles and skin dryness, peeling, scaliness, or roughness.",rosacea,Dermatological
"Lately I keep having sharp abdominal pain, burning abdominal pain, headache, blood in stool and rectal bleeding.",noninfectious gastroenteritis,Febrile/Systemic
"I've been experiencing neck swelling, abnormal appearing skin and irregular appearing nails and I'm worried. It started two days ago.",ingrown toe nail,Musculoskeletal/Other
"The symptoms are throat feels tight, throat swelling, sore throat, swollen lymph nodes and ear pain. It comes and goes.",peritonsillar abscess,Dermatological
"Since yesterday I've noticed leg cramps or spasms, leg swelling, foot or toe swelling and leg pain. This has lasted about a week.",deep vein thrombosis (dvt),Musculoskeletal/Other
"The symptoms are abnormal appearing skin, irregular appearing scalp, skin moles, acne or pimples, skin growth, skin dryness, peeling, scaliness, or roughness and long menstrual periods.",acne,Dermatological
"The symptoms are shoulder pain, arm pain, leg weakness, paresthesia and loss of sensation. This has lasted about a week.",herniated disk,Gastrointestinal
"Lately I keep having nasal congestion, abnormal breathing sounds, shortness of breath, pulling at ears, hoarse voice, coryza and vomiting.",croup,Respiratory
"I've been experiencing foot or toe swelling, knee weakness, ankle pain, ankle swelling and foot or toe pain and I'm worried.",fracture of the ankle,Musculoskeletal/Other
"Since yesterday I've noticed skin swelling, abnormal appearing skin, skin lesion, itching of skin, allergic reaction, skin dryness, peeling, scaliness, or roughness, warts and cough.",eczema,Dermatological
"Complaining of skin swelling, skin moles, irregular appearing scalp, itching of skin, acne or pimples and abnormal appearing skin. It got worse overnight.",skin pigmentation disorder,Dermatological
"Lately I keep having apnea, difficulty in swallowing, shortness of breath, sweating, coryza, sleepiness, fatigue and abnormal breathing sounds. This has lasted about a week.",obstructive sleep apnea (osa),Respiratory
"The symptoms are low back pain, stiffness all over, back pain and leg pain. It began this morning.",spondylitis,Musculoskeletal/Other
"I came in because of blood in stool, sharp abdominal pain, fluid retention, fever, decreased appetite, vomiting, nausea and rectal bleeding.",noninfectious gastroenteritis,Febrile/Systemic
"My main problems are blood in stool, difficulty in swallowing, nausea, vomiting, fever and burning abdominal pain.",noninfectious gastroenteritis,Febrile/Systemic
"Chief complaint: fever, coryza, weakness, wheezing, chills, cough and vomiting. It started two days ago.",pneumonia,Respiratory
"I feel unwell, with lower abdominal pain, nausea, regurgitation.1, constipation, pain of the anus, vomiting and changes in stool appearance.",chronic constipation,Gastrointestinal
"I came in because of ache all over, skin growth, irregular appearing scalp, lower body pain and bones are painful.",pilonidal cyst,Musculoskeletal/Other
"Patient reports burning abdominal pain, sharp abdominal pain, rectal bleeding, chills, vomiting, decreased appetite, blood in stool and fever. It got worse overnight.",noninfectious gastroenteritis,Febrile/Systemic
"I have nasal congestion, coughing up sputum, shortness of breath, coryza and sharp chest pain. It comes and goes.",asthma,Respiratory
"My main problems are regurgitation.1, burning abdominal pain, lower body pain, upper abdominal pain, sharp chest pain and heartburn.",gallstone,Gastrointestinal
"The symptoms are fluid retention, headache, sharp abdominal pain, vomiting, burning abdominal pain, diarrhea and nausea.",infectious gastroenteritis,Febrile/Systemic
"I've been experiencing skin lesion, skin dryness, peeling, scaliness, or roughness, warts, skin swelling, skin growth, lip swelling, irregular appearing scalp and skin moles and I'm worried. It got worse overnight.",skin cancer,Dermatological
"My main problems are lacrimation, headache, ear pain, cough, sore throat and nasal congestion.",seasonal allergies (hay fever),Febrile/Systemic
"For the past few days I've had skin dryness, peeling, scaliness, or roughness, itchy scalp, joint pain and abnormal appearing skin.",psoriasis,Dermatological
"Chief complaint: upper abdominal pain, sharp chest pain, sharp abdominal pain, burning abdominal pain, lower body pain, stomach bloating and side pain.",cholecystitis,Gastrointestinal
"I've been experiencing fever, cough, coughing up sputum, shortness of breath, wheezing, nasal congestion and sore throat and I'm worried.",acute bronchitis,Respiratory
"Patient reports cough, itchy ear(s), diminished hearing, fever, ear pain, sore throat, facial pain and plugged feeling in ear.",otitis externa (swimmer's ear),Musculoskeletal/Other
Complaining of nausea and symptoms of the kidneys. It began this morning.,cholecystitis,Gastrointestinal
"Since yesterday I've noticed skin swelling, skin moles, skin dryness, peeling, scaliness, or roughness, irregular appearing scalp, acne or pimples, itching of skin and skin irritation. This has lasted about a week.",skin disorder,Dermatological
"I have diarrhea, sharp abdominal pain, headache, regurgitation.1 and nausea. It began this morning.",gastritis,Gastrointestinal
"The symptoms are pain during pregnancy, lower abdominal pain, problems during pregnancy, skin lesion and pelvic pain. It began this morning.",problem during pregnancy,Musculoskeletal/Other
"I've been experiencing itching of skin, symptoms of the face, difficulty breathing, skin growth and skin irritation and I'm worried. It started two days ago.",actinic keratosis,Dermatological
"For the past few days I've had delusions or hallucinations, depression, abusing alcohol and obsessions and compulsions. It began this morning.",bipolar disorder,Musculoskeletal/Other
"Since yesterday I've noticed sore in nose, itching of skin, mouth ulcer, skin rash, skin swelling and nasal congestion. It comes and goes.",impetigo,Dermatological
"I feel unwell, with burning abdominal pain, fever, headache, rectal bleeding, decreased appetite and chills. It began this morning.",noninfectious gastroenteritis,Febrile/Systemic
"I have skin lesion, foot or toe pain, acne or pimples and irregular appearing nails.",callus,Dermatological
"I have difficulty in swallowing, sharp chest pain, burning abdominal pain, abnormal appearing skin, nausea, heartburn, shortness of breath, chest tightness and cough. It got worse overnight.",esophagitis,Gastrointestinal
"Since yesterday I've noticed shortness of breath, palpitations and lower body pain.",pericarditis,Musculoskeletal/Other
"I have dizziness, melena, vomiting blood, weakness, blood in stool, rectal bleeding and sharp abdominal pain.",gastrointestinal hemorrhage,Gastrointestinal
"Since yesterday I've noticed skin on arm or hand looks infected, skin on leg or foot looks infected, foot or toe pain, hand or finger pain and hand or finger swelling.",paronychia,Musculoskeletal/Other
"I feel unwell, with vomiting, melena, fainting, nausea, dizziness, sharp abdominal pain and diarrhea.",gastrointestinal hemorrhage,Gastrointestinal
"The symptoms are chills, fever, wheezing and difficulty breathing. This has lasted about a week.",pneumonia,Respiratory
"I came in because of chills, fever, cough, headache and nausea.",flu,Respiratory
"Complaining of fever, facial pain and toothache. It got worse overnight.",gum disease,Musculoskeletal/Other
"My main problems are shortness of breath, sleepiness, headache, fever and sore throat. It got worse overnight.",interstitial lung disease,Respiratory
"Since yesterday I've noticed lower abdominal pain, insomnia, nausea, upper abdominal pain and anxiety and nervousness.",irritable bowel syndrome,Gastrointestinal
"I have decreased appetite, difficulty breathing, suprapubic pain, chills, cough, feeling ill, fever and sharp abdominal pain. It got worse overnight.",sepsis,Febrile/Systemic
"Since yesterday I've noticed upper abdominal pain, diarrhea, blood in stool, side pain, vomiting, fever, chills, intermenstrual bleeding and constipation.",diverticulitis,Gastrointestinal
"My main problems are sneezing, allergic reaction, lacrimation, itchiness of eye, frontal headache, nasal congestion and sore throat. This has lasted about a week.",seasonal allergies (hay fever),Febrile/Systemic
"Patient reports throat redness, swollen or red tonsils, throat feels tight, lump in throat, redness in ear and diminished hearing.",tonsillitis,Respiratory
"Patient reports regurgitation, chest tightness, difficulty in swallowing, burning abdominal pain, nausea, cough, hoarse voice and regurgitation.1. It comes and goes.",gastroesophageal reflux disease (gerd),Gastrointestinal
"The symptoms are hurts to breath, cough, pulling at ears and vomiting.",acute bronchiolitis,Respiratory
"For the past few days I've had sharp abdominal pain, vaginal pain, vaginal discharge, intermenstrual bleeding, problems during pregnancy and spotting or bleeding during pregnancy. It comes and goes.",vaginal cyst,Musculoskeletal/Other
"I've been experiencing upper abdominal pain, diarrhea, sharp abdominal pain, back pain and vomiting and I'm worried. It got worse overnight.",acute pancreatitis,Gastrointestinal
"I feel unwell, with blood in stool, rectal bleeding, swollen lymph nodes, diarrhea and burning abdominal pain. It began this morning.",ulcerative colitis,Gastrointestinal
"Chief complaint: skin rash, insomnia, abnormal appearing skin, warts, skin dryness, peeling, scaliness, or roughness, irregular appearing scalp and itching of skin. It comes and goes.",skin pigmentation disorder,Dermatological
"Complaining of wheezing, cough, abnormal breathing sounds and sleepiness. This has lasted about a week.",interstitial lung disease,Respiratory
"For the past few days I've had leg pain, leg swelling, hand or finger swelling, skin rash and foot or toe swelling. This has lasted about a week.",pyogenic skin infection,Dermatological
"Lately I keep having blood in stool, nasal congestion, temper problems, cough and pulling at ears. It comes and goes.",diaper rash,Dermatological
"My main problems are pulling at ears, coryza, nasal congestion, vomiting, wheezing, irritable infant and decreased appetite.",acute bronchiolitis,Respiratory
"For the past few days I've had abnormal appearing skin, lymphedema, skin dryness, peeling, scaliness, or roughness, skin growth, symptoms of eye and skin moles. It started two days ago.",rosacea,Dermatological
"My main problems are lower body pain, blood in stool, constipation, sharp abdominal pain, mass or swelling around the anus and heartburn.",hemorrhoids,Gastrointestinal
"Patient reports irregular appearing scalp, acne or pimples, skin growth, dry or flaky scalp and itching of skin. It began this morning.",seborrheic dermatitis,Dermatological
"Lately I keep having abnormal appearing skin, itching of skin, swollen eye, skin dryness, peeling, scaliness, or roughness, skin lesion and allergic reaction. This has lasted about a week.",contact dermatitis,Dermatological
"I came in because of constipation, diarrhea, blood in stool, itching of the anus, melena, burning abdominal pain, pain of the anus and sharp abdominal pain.",rectal disorder,Gastrointestinal
"My main problems are decreased appetite, vomiting, chills, sharp abdominal pain, difficulty breathing, fever, feeling ill and suprapubic pain.",sepsis,Febrile/Systemic
"My main problems are sharp chest pain, smoking problems, abusing alcohol, cough, drug abuse, hurts to breath and excessive anger.",smoking or tobacco addiction,Musculoskeletal/Other
"Since yesterday I've noticed fever, sore throat, cough, feeling ill and headache. It started two days ago.",mononucleosis,Febrile/Systemic
"I've been experiencing headache, fever, shortness of breath, sore throat, nasal congestion, cough and sharp chest pain and I'm worried. It comes and goes.",acute bronchitis,Respiratory
"Since yesterday I've noticed stomach bloating, sharp abdominal pain, regurgitation.1, symptoms of the kidneys, nausea, sharp chest pain and upper abdominal pain.",cholecystitis,Gastrointestinal
"For the past few days I've had sharp chest pain, vomiting, shortness of breath, difficulty in swallowing, upper abdominal pain, cough and headache. It comes and goes.",esophagitis,Gastrointestinal
"I've been experiencing ache all over, decreased appetite, nasal congestion, chills, ear pain, vomiting and skin rash and I'm worried.",strep throat,Musculoskeletal/Other
"Chief complaint: bones are painful, hand or finger stiffness or tightness, neck pain, low back pain and pelvic pain.",fracture of the vertebra,Musculoskeletal/Other
"I have sore throat, coryza, ear pain, lacrimation and sneezing.",seasonal allergies (hay fever),Febrile/Systemic
"I came in because of sore throat, throat swelling and cough. It got worse overnight.",scarlet fever,Febrile/Systemic
"Patient reports irregular appearing scalp, skin irritation, skin dryness, peeling, scaliness, or roughness, itching of skin, skin swelling and skin moles.",actinic keratosis,Dermatological
"The symptoms are melena, abnormal appearing skin, lower abdominal pain, sharp abdominal pain, rectal bleeding, blood in stool, vomiting, upper abdominal pain and diarrhea.",diverticulosis,Gastrointestinal
"Complaining of coryza, wheezing, sore throat, vomiting, cough and difficulty breathing. It got worse overnight.",acute bronchospasm,Respiratory
"I feel unwell, with mouth dryness, abnormal breathing sounds, weight gain, insomnia, shortness of breath and difficulty breathing.",obstructive sleep apnea (osa),Respiratory
"Lately I keep having palpitations, feeling ill, sharp chest pain, cough and fatigue. It comes and goes.",pulmonary hypertension,Respiratory
"Lately I keep having feeling ill, shortness of breath, weakness, chills, suprapubic pain and decreased appetite. It got worse overnight.",sepsis,Febrile/Systemic
"I've been experiencing lip swelling, jaw swelling, skin swelling, mouth pain and facial pain and I'm worried. It started two days ago.",tooth abscess,Dermatological
"Patient reports sharp chest pain, leg pain, chest tightness and hemoptysis. It started two days ago.",pulmonary embolism,Respiratory
"Chief complaint: gum pain, pain in gums, mouth pain, facial pain, skin swelling, ear pain and peripheral edema. It got worse overnight.",dental caries,Musculoskeletal/Other
"I have eye burns or stings, foreign body sensation in eye, diminished vision, spots or clouds in vision and pain in eye. It started two days ago.",cornea infection,Musculoskeletal/Other
My main problems are knee pain. It began this morning.,osteochondrosis,Musculoskeletal/Other
"Patient reports lower abdominal pain, retention of urine, sharp abdominal pain and frequent urination. It got worse overnight.",bladder disorder,Musculoskeletal/Other
"The symptoms are blood in stool, fluid retention, nausea, fever, sharp abdominal pain and diarrhea.",infectious gastroenteritis,Febrile/Systemic
"For the past few days I've had vomiting, nausea, chills and sharp abdominal pain. It got worse overnight.",infectious gastroenteritis,Febrile/Systemic
"I feel unwell, with ankle pain, foot or toe weakness, ankle swelling and wrist swelling.",injury of the ankle,Musculoskeletal/Other
"I feel unwell, with heartburn and difficulty in swallowing.",hiatal hernia,Gastrointestinal
"Lately I keep having foot or toe pain, hand or finger pain, shoulder pain and ankle pain.",sprain or strain,Musculoskeletal/Other
"For the past few days I've had sharp abdominal pain, hoarse voice, cough and nausea. It comes and goes.",gastroesophageal reflux disease (gerd),Gastrointestinal
"Lately I keep having fainting, shortness of breath, chills and weakness. It comes and goes.",sepsis,Febrile/Systemic
"Chief complaint: skin lesion, abnormal appearing skin, skin swelling, pelvic pain, skin irritation, skin rash, acne or pimples and skin dryness, peeling, scaliness, or roughness.",fungal infection of the hair,Dermatological
"Complaining of nausea, chills, decreased appetite, headache, fluid retention, blood in stool and rectal bleeding. It got worse overnight.",noninfectious gastroenteritis,Febrile/Systemic
"Since yesterday I've noticed skin growth, abnormal appearing skin, warts, irregular appearing scalp and skin swelling. It comes and goes.",skin polyp,Dermatological
"I have suprapubic pain, frequent urination, retention of urine, low back pain, back pain, side pain and lower abdominal pain. This has lasted about a week.",kidney stone,Musculoskeletal/Other
"I have ear pain, sneezing, headache, lacrimation, frontal headache and coryza. It started two days ago.",seasonal allergies (hay fever),Febrile/Systemic
"Chief complaint: diarrhea, upper abdominal pain, decreased appetite, lower abdominal pain, nausea and stomach bloating. It comes and goes.",appendicitis,Gastrointestinal
"Since yesterday I've noticed swollen eye, sneezing, cough, eye redness, lacrimation, nasal congestion and pain in eye.",conjunctivitis due to allergy,Musculoskeletal/Other
"Patient reports headache, shoulder pain, paresthesia, lower body pain, low back pain and leg pain. It comes and goes.",spinal stenosis,Musculoskeletal/Other
"My main problems are coryza, sinus congestion, irritable infant and sore throat. It comes and goes.",abscess of nose,Dermatological
"I came in because of sharp abdominal pain, weight gain and nausea. This has lasted about a week.",nonalcoholic liver disease (nash),Gastrointestinal
"I have difficulty breathing, decreased appetite, suprapubic pain, vomiting, cough, sharp abdominal pain and fever. It comes and goes.",sepsis,Febrile/Systemic
"For the past few days I've had burning abdominal pain, vomiting, side pain, nausea, upper abdominal pain, lower body pain and symptoms of the kidneys. It started two days ago.",cholecystitis,Gastrointestinal
"I have sore throat, vomiting, coryza, headache, nausea and diarrhea. It got worse overnight.",flu,Respiratory
"I feel unwell, with changes in stool appearance, melena, rectal bleeding, itching of the anus, pain of the anus, heartburn and mass or swelling around the anus.",hemorrhoids,Gastrointestinal
"I came in because of skin growth, acne or pimples, irregular appearing scalp, skin dryness, peeling, scaliness, or roughness and skin moles.",acne,Dermatological
"Chief complaint: cough, itching of skin, irregular appearing scalp, abnormal appearing skin, skin dryness, peeling, scaliness, or roughness and skin rash. This has lasted about a week.",eczema,Dermatological
"Patient reports skin irritation, skin growth, lip swelling, itching of skin, skin lesion and skin dryness, peeling, scaliness, or roughness. It got worse overnight.",scleroderma,Musculoskeletal/Other
"My main problems are jaundice, diarrhea, blood in stool, side pain, upper abdominal pain, weakness and nausea. It comes and goes.",liver disease,Gastrointestinal
"I feel unwell, with vomiting, diarrhea, burning abdominal pain and rectal bleeding. This has lasted about a week.",noninfectious gastroenteritis,Febrile/Systemic
"For the past few days I've had vomiting, wheezing, leg swelling, shortness of breath, nasal congestion, decreased appetite, cough, pulling at ears and hurts to breath. It began this morning.",acute bronchiolitis,Respiratory
"I have shoulder stiffness or tightness, arm swelling, arm pain, wrist stiffness or tightness, elbow swelling and wrist swelling.",fracture of the arm,Musculoskeletal/Other
"I have irregular appearing scalp, skin moles, skin lesion and itching of skin. It comes and goes.",actinic keratosis,Dermatological
"Since yesterday I've noticed nausea, sharp abdominal pain, burning abdominal pain, decreased appetite, fluid retention, diarrhea and headache. It started two days ago.",infectious gastroenteritis,Febrile/Systemic
"Lately I keep having vaginal redness, vaginal itching, itching of skin, vaginal pain, painful urination, lower abdominal pain and suprapubic pain.",vaginal yeast infection,Musculoskeletal/Other
"I came in because of diarrhea, blood in stool, vomiting and fever. It comes and goes.",infectious gastroenteritis,Febrile/Systemic
"Patient reports skin rash, skin lesion, lack of growth, abnormal appearing skin, acne or pimples and irregular appearing scalp.",dermatitis due to sun exposure,Dermatological
"Complaining of pain of the anus, sharp abdominal pain, nausea, rectal bleeding and changes in stool appearance. It got worse overnight.",chronic constipation,Gastrointestinal
"I've been experiencing apnea, headache, fatigue and sleepiness and I'm worried. It began this morning.",narcolepsy,Musculoskeletal/Other
"Chief complaint: sharp abdominal pain, nausea, cough, sharp chest pain, hoarse voice and difficulty in swallowing. This has lasted about a week.",gastroesophageal reflux disease (gerd),Gastrointestinal
"For the past few days I've had mouth pain, gum pain and neck swelling.",tooth abscess,Dermatological
"I came in because of regurgitation.1, throat feels tight, vomiting, back pain, sharp abdominal pain, side pain and lower body pain.",gallstone,Gastrointestinal
"I came in because of fever, allergic reaction, coughing up sputum, shortness of breath, nasal congestion, difficulty breathing and coryza. This has lasted about a week.",asthma,Respiratory
"I have skin moles, skin lesion, skin dryness, peeling, scaliness, or roughness, lack of growth, skin swelling, skin rash and irregular appearing scalp.",dermatitis due to sun exposure,Dermatological
"For the past few days I've had skin moles, warts, skin swelling, itching of skin, abnormal appearing skin, skin rash, skin lesion and skin growth.",seborrheic keratosis,Dermatological
"Chief complaint: fever, chills and vomiting. It comes and goes.",infectious gastroenteritis,Febrile/Systemic
"I feel unwell, with changes in stool appearance, weakness, nosebleed, melena, shortness of breath and fatigue. It began this morning.",anemia,Musculoskeletal/Other
"Lately I keep having nasal congestion, constipation, mouth ulcer, cough, skin rash, sore throat, tongue lesions and mouth pain. It comes and goes.",oral thrush (yeast infection),Musculoskeletal/Other
"I came in because of groin pain, pelvic pain, ache all over, hip pain and low back pain. This has lasted about a week.",arthritis of the hip,Musculoskeletal/Other
"Patient reports skin dryness, peeling, scaliness, or roughness, irregular appearing scalp, skin rash, cough, skin swelling, acne or pimples, abnormal appearing skin and itching of skin. It began this morning.",eczema,Dermatological
"The symptoms are sore throat, nasal congestion and vomiting. It comes and goes.",abscess of nose,Dermatological
"I came in because of cough, sore throat, frontal headache, ear pain, itchiness of eye, coryza, lacrimation and allergic reaction. It started two days ago.",seasonal allergies (hay fever),Febrile/Systemic
"My main problems are skin lesion, foot or toe pain and leg pain.",pyogenic skin infection,Dermatological
"For the past few days I've had changes in stool appearance, rectal bleeding, blood in stool, constipation and nausea. It began this morning.",chronic constipation,Gastrointestinal
"I've been experiencing side pain, vomiting, fever, decreased appetite, upper abdominal pain, burning abdominal pain, diarrhea and lower abdominal pain and I'm worried. It got worse overnight.",appendicitis,Gastrointestinal
"Since yesterday I've noticed sinus congestion, decreased appetite, abnormal appearing skin, fever, itching of skin and nasal congestion. It started two days ago.",viral exanthem,Musculoskeletal/Other
"Chief complaint: pain in eye, eye redness, lacrimation, swollen eye, symptoms of eye, vomiting and itchiness of eye.",conjunctivitis due to allergy,Musculoskeletal/Other
"For the past few days I've had side pain, regurgitation.1, burning abdominal pain, back pain, stomach bloating and sharp chest pain.",cholecystitis,Gastrointestinal
"The symptoms are neck pain, vomiting, neck stiffness or tightness, fever and ache all over.",meningitis,Febrile/Systemic
"I came in because of hurts to breath, low back pain, back pain, shoulder pain, bones are painful, ache all over, side pain, back mass or lump and sharp chest pain. This has lasted about a week.",fracture of the rib,Musculoskeletal/Other
"I feel unwell, with cough, nasal congestion, hurts to breath, coryza, vomiting, irritable infant, fever and shortness of breath. It got worse overnight.",acute bronchiolitis,Respiratory
"The symptoms are vaginal dryness, foot or toe pain and decreased appetite.",metastatic cancer,Musculoskeletal/Other
"Since yesterday I've noticed upper abdominal pain, regurgitation.1, lower body pain, nausea and heartburn.",gallstone,Gastrointestinal
"Complaining of itchiness of eye, cough, eye redness, pain in eye, fever, nasal congestion, swollen eye and white discharge from eye.",conjunctivitis due to virus,Musculoskeletal/Other
"Chief complaint: diarrhea, heartburn, cramps and spasms and rectal bleeding. It got worse overnight.",rectal disorder,Gastrointestinal
"I've been experiencing vomiting, diarrhea, flatulence, nasal congestion, sharp abdominal pain and cough and I'm worried.",intestinal malabsorption,Gastrointestinal
"The symptoms are lip swelling, skin rash, vaginal itching, sore throat and mouth ulcer. It began this morning.",cold sore,Musculoskeletal/Other
"I feel unwell, with pain in eye, fever, sore throat, coryza, nasal congestion, itchiness of eye and lacrimation.",conjunctivitis,Musculoskeletal/Other
"Chief complaint: wheezing, cough, congestion in chest, sharp chest pain, sore throat, coryza and nasal congestion. It started two days ago.",chronic obstructive pulmonary disease (copd),Respiratory
"My main problems are plugged feeling in ear, allergic reaction, nasal congestion, dizziness, ringing in ear, ear pain and redness in ear.",eustachian tube dysfunction (ear disorder),Musculoskeletal/Other
"I feel unwell, with skin lesion, irregular appearing scalp, skin swelling, acne or pimples and lack of growth. It comes and goes.",dermatitis due to sun exposure,Dermatological
"For the past few days I've had sore throat, coryza, headache, nasal congestion, frontal headache, cough and ear pain.",seasonal allergies (hay fever),Febrile/Systemic
"For the past few days I've had abnormal involuntary movements, ache all over, hand or finger pain and leg pain. It got worse overnight.",complex regional pain syndrome,Musculoskeletal/Other
"I came in because of skin rash, skin irritation and cough. It comes and goes.",eczema,Dermatological
"I have lip swelling, skin dryness, peeling, scaliness, or roughness, skin growth, warts and irregular appearing scalp.",skin cancer,Dermatological
"For the past few days I've had skin swelling, skin growth, skin irritation, skin rash, warts and skin lesion. It comes and goes.",seborrheic keratosis,Dermatological
"My main problems are swollen eye, insomnia, fears and phobias, hostile behavior, low self-esteem, depressive or psychotic symptoms, excessive anger, temper problems and drug abuse. This has lasted about a week.",personality disorder,Musculoskeletal/Other
"Since yesterday I've noticed arm weakness, shoulder pain, neck pain, leg weakness, sharp abdominal pain and arm pain. It began this morning.",herniated disk,Gastrointestinal
"I came in because of coughing up sputum, sore throat, wheezing, congestion in chest, sharp chest pain and shortness of breath.",chronic obstructive pulmonary disease (copd),Respiratory
"Complaining of difficulty breathing, fatigue, abnormal involuntary movements, mouth dryness, shortness of breath and apnea. It got worse overnight.",obstructive sleep apnea (osa),Respiratory
"Complaining of skin swelling, skin dryness, peeling, scaliness, or roughness, abnormal appearing skin, skin rash, warts, itching of skin, skin irritation and irregular appearing scalp.",eczema,Dermatological
"I feel unwell, with stomach bloating, burning abdominal pain, fever, upper abdominal pain, vomiting, sharp chest pain and symptoms of the kidneys. It started two days ago.",cholecystitis,Gastrointestinal
"Chief complaint: symptoms of eye, mass on eyelid, eyelid swelling and skin swelling.",stye,Musculoskeletal/Other
"I have vomiting, diaper rash, temper problems, nasal congestion, fever, pulling at ears and skin rash. It got worse overnight.",diaper rash,Dermatological
"I've been experiencing vomiting, wheezing, sore throat and fever and I'm worried. It got worse overnight.",common cold,Respiratory
"Lately I keep having acne or pimples, itchy scalp, itching of skin, too little hair, arm weakness, irregular appearing scalp, skin dryness, peeling, scaliness, or roughness and skin swelling. It comes and goes.",fungal infection of the skin,Dermatological
"Since yesterday I've noticed vomiting, sharp abdominal pain, sharp chest pain, heartburn and insomnia. It started two days ago.",esophagitis,Gastrointestinal
"Patient reports difficulty breathing, sharp abdominal pain, vomiting, chills, fever, feeling ill and shortness of breath.",sepsis,Febrile/Systemic
"My main problems are skin moles, irregular appearing scalp, warts, skin lesion, skin irritation and abnormal appearing skin. This has lasted about a week.",skin polyp,Dermatological
"I came in because of too little hair, irregular appearing scalp, skin dryness, peeling, scaliness, or roughness, itching of skin, symptoms of the face, skin lesion and dry or flaky scalp.",seborrheic dermatitis,Dermatological
"Complaining of knee pain, groin pain and difficulty speaking. It got worse overnight.",fracture of the pelvis,Musculoskeletal/Other
"Chief complaint: cough, sharp abdominal pain, shortness of breath, fever, sharp chest pain and vomiting.",esophagitis,Gastrointestinal
"I've been experiencing irritable infant, cough, shortness of breath, pulling at ears, nasal congestion and coryza and I'm worried. It began this morning.",acute bronchiolitis,Respiratory
"Chief complaint: abnormal involuntary movements, dizziness, palpitations and depressive or psychotic symptoms. This has lasted about a week.",panic disorder,Musculoskeletal/Other
"Since yesterday I've noticed involuntary urination, unpredictable menstruation, sharp abdominal pain, vaginal discharge, long menstrual periods, intermenstrual bleeding, frequent menstruation and heavy menstrual flow. It began this morning.",idiopathic excessive menstruation,Musculoskeletal/Other
"Complaining of sharp abdominal pain, weakness, blood in stool, shortness of breath, diarrhea, unusual color or odor to urine, jaundice and side pain.",liver disease,Gastrointestinal
"I've been experiencing skin irritation, irregular appearing scalp, allergic reaction, warts, skin dryness, peeling, scaliness, or roughness and abnormal appearing skin and I'm worried. It got worse overnight.",eczema,Dermatological
"For the past few days I've had sore throat, headache and facial pain. It got worse overnight.",temporomandibular joint disorder,Musculoskeletal/Other
"Chief complaint: lower abdominal pain, groin pain, swelling of scrotum and skin growth. It started two days ago.",varicocele of the testicles,Musculoskeletal/Other
"Chief complaint: abnormal breathing sounds, insomnia, weight gain, abnormal involuntary movements, sleepiness, shortness of breath and apnea.",obstructive sleep apnea (osa),Respiratory
"My main problems are suprapubic pain, cough, fever and weakness. It began this morning.",sepsis,Febrile/Systemic
"Since yesterday I've noticed insomnia, burning abdominal pain and diarrhea.",irritable bowel syndrome,Gastrointestinal
"Lately I keep having diarrhea, ache all over, nausea, fever and headache. This has lasted about a week.",flu,Respiratory
"My main problems are fatigue, apnea, difficulty breathing, feeling ill, sharp chest pain, palpitations and cough. It got worse overnight.",pulmonary hypertension,Respiratory
"I came in because of hip pain, fever and abnormal appearing skin. It began this morning.",lyme disease,Febrile/Systemic
"I feel unwell, with mouth ulcer, cough, fever, skin swelling, nasal congestion, skin lesion and sore in nose.",impetigo,Dermatological
"I've been experiencing fever, chest tightness, sharp chest pain, cough and difficulty breathing and I'm worried. It comes and goes.",asthma,Respiratory
"Chief complaint: nausea, sharp abdominal pain, stomach bloating, vomiting and skin irritation. It comes and goes.",intestinal obstruction,Gastrointestinal
"I have back pain, upper abdominal pain, nausea, difficulty in swallowing, sharp abdominal pain, dizziness and shortness of breath. It started two days ago.",hiatal hernia,Gastrointestinal
"I came in because of sore throat, abnormal breathing sounds, nasal congestion, coryza, shortness of breath and wheezing. It comes and goes.",croup,Respiratory
"Lately I keep having skin lesion, skin swelling, bumps on penis and lip swelling.",viral warts,Dermatological
"Chief complaint: flu-like syndrome, decreased appetite, chills, burning abdominal pain, diarrhea, headache and vomiting. This has lasted about a week.",infectious gastroenteritis,Febrile/Systemic
"Chief complaint: abnormal appearing skin, irregular appearing scalp, skin lesion, skin irritation, skin moles, skin swelling, upper abdominal pain, acne or pimples and skin dryness, peeling, scaliness, or roughness. It started two days ago.",skin polyp,Dermatological
"I've been experiencing skin rash, nasal congestion, cough, sore throat and feeling ill and I'm worried. This has lasted about a week.",mononucleosis,Febrile/Systemic
"The symptoms are itching of skin, skin dryness, peeling, scaliness, or roughness, skin swelling, allergic reaction, abnormal appearing skin, irregular appearing scalp and skin rash. It comes and goes.",eczema,Dermatological
"I have nausea, sore throat, diarrhea, coryza, vomiting and cough. It began this morning.",flu,Respiratory
"I have diarrhea, headache, chills, fever, sharp abdominal pain, burning abdominal pain and vomiting. It got worse overnight.",infectious gastroenteritis,Febrile/Systemic
"Patient reports skin irritation, itchy scalp, decreased appetite, irregular appearing scalp and abnormal appearing skin. It started two days ago.",fungal infection of the hair,Dermatological
"The symptoms are arm pain, hip pain, low back pain, leg weakness, leg pain, paresthesia and shoulder pain. It started two days ago.",herniated disk,Gastrointestinal
"I've been experiencing skin growth, lip swelling and warts and I'm worried.",viral warts,Dermatological
"I came in because of back pain, side pain, fever, blood in urine, vomiting, nausea, retention of urine and suprapubic pain.",urinary tract infection,Musculoskeletal/Other
"My main problems are chills, sore throat, nausea, fever, cough, headache and ache all over.",flu,Respiratory
"I have changes in stool appearance, heartburn, blood in stool, vomiting, vomiting blood and upper abdominal pain. It began this morning.",gastroduodenal ulcer,Gastrointestinal
"Chief complaint: skin lesion, skin irritation, skin dryness, peeling, scaliness, or roughness, skin growth, skin rash, abnormal appearing skin, pelvic pain and itching of skin. It comes and goes.",fungal infection of the hair,Dermatological
"I have skin rash, allergic reaction, itching of skin, cough, skin dryness, peeling, scaliness, or roughness, acne or pimples, skin irritation and skin lesion.",eczema,Dermatological
"Lately I keep having headache, sore throat, feeling ill and cough.",mononucleosis,Febrile/Systemic
"My main problems are fluid retention, rectal bleeding, blood in stool, burning abdominal pain, fever, facial pain and chills. It got worse overnight.",noninfectious gastroenteritis,Febrile/Systemic
"Patient reports cough, sore throat, itchiness of eye, coryza, lacrimation, allergic reaction and sneezing.",seasonal allergies (hay fever),Febrile/Systemic
"My main problems are weakness, sharp abdominal pain, cough, difficulty breathing, sharp chest pain, shortness of breath and side pain.",pulmonary embolism,Respiratory
"My main problems are diarrhea, fluid retention, headache, nausea and blood in stool. It began this morning.",infectious gastroenteritis,Febrile/Systemic
"Since yesterday I've noticed back stiffness or tightness, back pain, side pain, hip pain, loss of sensation and neck pain. It began this morning.",chronic back pain,Musculoskeletal/Other
"I've been experiencing hurts to breath, fever, irritable infant, nasal congestion, decreased appetite, difficulty breathing and shortness of breath and I'm worried.",acute bronchiolitis,Respiratory
"I came in because of heartburn, shortness of breath, peripheral edema, upper abdominal pain and side pain.",liver disease,Gastrointestinal
"Complaining of sore throat, lower abdominal pain, nasal congestion, ear pain, coughing up sputum, facial pain, sinus congestion, frontal headache and cough.",acute sinusitis,Respiratory
"I've been experiencing acne or pimples, warts, skin dryness, peeling, scaliness, or roughness, abnormal appearing skin, skin swelling, skin moles, skin lesion and itching of skin and I'm worried. It began this morning.",skin polyp,Dermatological
"Lately I keep having skin dryness, peeling, scaliness, or roughness, itching of skin, skin moles, skin lesion, acne or pimples, skin rash and swollen eye. It began this morning.",contact dermatitis,Dermatological
"My main problems are throat swelling, headache, nausea and ear pain. It began this morning.",peritonsillar abscess,Dermatological
"Lately I keep having decreased heart rate, fainting, chest tightness, palpitations and increased heart rate. It began this morning.",sinus bradycardia,Musculoskeletal/Other
"I feel unwell, with itching of skin, skin swelling, abnormal appearing skin, foot or toe swelling and unpredictable menstruation.",scabies,Dermatological
"Chief complaint: irregular appearing scalp, swollen lymph nodes and itchy eyelid. This has lasted about a week.",melanoma,Dermatological
"Chief complaint: shortness of breath, sore throat, fever, difficulty breathing, coryza, sharp chest pain, weakness and chills.",pneumonia,Respiratory
"Since yesterday I've noticed skin moles, skin rash, swollen eye, itching of skin, skin lesion, abnormal appearing skin and skin swelling.",contact dermatitis,Dermatological
"I came in because of cough, sore throat, feeling ill, skin rash and swollen lymph nodes.",mononucleosis,Febrile/Systemic
"I've been experiencing side pain, jaundice, unusual color or odor to urine, peripheral edema and diarrhea and I'm worried. It began this morning.",liver disease,Gastrointestinal
"I feel unwell, with sharp chest pain, difficulty breathing, nasal congestion, coryza, coughing up sputum, wheezing, shortness of breath, congestion in chest and sore throat.",acute bronchitis,Respiratory
"Since yesterday I've noticed diarrhea, sharp chest pain, sharp abdominal pain, side pain, hemoptysis, lower body pain and back pain.",acute pancreatitis,Gastrointestinal
"The symptoms are skin swelling, itchiness of eye, skin rash and peripheral edema.",allergy,Musculoskeletal/Other
"Patient reports fever, vomiting, sore throat, sharp chest pain, coryza, chest tightness, muscle pain and shortness of breath. It got worse overnight.",acute bronchospasm,Respiratory
"Since yesterday I've noticed decreased appetite, rectal bleeding and diarrhea. It got worse overnight.",noninfectious gastroenteritis,Febrile/Systemic
"I feel unwell, with back pain, upper abdominal pain, dizziness, heartburn, nausea and difficulty in swallowing. This has lasted about a week.",hiatal hernia,Gastrointestinal
"My main problems are decreased appetite, cough, difficulty breathing, shortness of breath, vomiting, suprapubic pain, chills and weakness. This has lasted about a week.",sepsis,Febrile/Systemic
"Since yesterday I've noticed sharp chest pain, cough, hoarse voice, nausea, difficulty in swallowing, sharp abdominal pain and chest tightness. It started two days ago.",gastroesophageal reflux disease (gerd),Gastrointestinal
"I have acne or pimples, skin swelling, skin rash, skin irritation, skin lesion and itching of skin. It began this morning.",eczema,Dermatological
"I came in because of allergic reaction, difficulty breathing, painful sinuses, abnormal breathing sounds, apnea and facial pain.",deviated nasal septum,Respiratory
"I came in because of lower abdominal pain, spotting or bleeding during pregnancy, heavy menstrual flow, cramps and spasms, burning abdominal pain, blood clots during menstrual periods and pelvic pain.",spontaneous abortion,Musculoskeletal/Other
"For the past few days I've had diarrhea, blood in stool, jaundice, unusual color or odor to urine, nausea and shortness of breath.",liver disease,Gastrointestinal
"The symptoms are difficulty breathing, sharp abdominal pain, suprapubic pain, shortness of breath, vomiting, chills and fever. This has lasted about a week.",sepsis,Febrile/Systemic
"I have skin swelling, warts, skin dryness, peeling, scaliness, or roughness, itching of skin, allergic reaction, skin rash, abnormal appearing skin and cough.",eczema,Dermatological
"Since yesterday I've noticed bumps on penis, lip swelling, skin lesion, skin swelling and skin growth.",viral warts,Dermatological
"Complaining of irregular appearing scalp, painful menstruation, skin dryness, peeling, scaliness, or roughness, abnormal appearing skin, itchy scalp, skin rash, skin irritation and acne or pimples.",fungal infection of the hair,Dermatological
"The symptoms are insomnia, depressive or psychotic symptoms, palpitations, anxiety and nervousness, breathing fast, dizziness and shortness of breath.",panic disorder,Musculoskeletal/Other
"The symptoms are skin growth, skin swelling, skin rash, itching of skin, abnormal appearing skin, irregular appearing scalp and itchy scalp. It got worse overnight.",fungal infection of the hair,Dermatological
"Patient reports neck mass, facial pain, peripheral edema, cough and sore throat. It started two days ago.",sialoadenitis,Musculoskeletal/Other
"I've been experiencing vomiting, heartburn, blood in stool, diarrhea, upper abdominal pain and lower abdominal pain and I'm worried. It comes and goes.",diverticulosis,Gastrointestinal
"Lately I keep having sharp chest pain, nasal congestion, wheezing, coughing up sputum, headache and fever. It got worse overnight.",acute bronchitis,Respiratory
"My main problems are itchiness of eye, double vision, blindness and abnormal movement of eyelid. This has lasted about a week.",cataract,Musculoskeletal/Other
"Complaining of diarrhea, headache, sharp abdominal pain, vomiting and weakness. It started two days ago.",hyperemesis gravidarum,Musculoskeletal/Other
Lately I keep having difficulty in swallowing and recent weight loss. This has lasted about a week.,foreign body in the gastrointestinal tract,Gastrointestinal
"Since yesterday I've noticed skin swelling, skin growth, itching of skin, acne or pimples, irregular appearing scalp, skin irritation and abnormal appearing skin.",skin disorder,Dermatological
"I've been experiencing abnormal appearing skin, acne or pimples, skin irritation and irregular appearing scalp and I'm worried. It began this morning.",skin disorder,Dermatological
"Complaining of headache, nausea, fever, blood in stool, vomiting, fluid retention and sharp abdominal pain.",noninfectious gastroenteritis,Febrile/Systemic
"Complaining of headache, rectal bleeding, burning abdominal pain and fever. This has lasted about a week.",noninfectious gastroenteritis,Febrile/Systemic
"I feel unwell, with symptoms of eye, acne or pimples, lymphedema, skin dryness, peeling, scaliness, or roughness, abnormal appearing skin and skin growth.",rosacea,Dermatological
"Chief complaint: coryza, nasal congestion, fever and cough. It began this morning.",acute sinusitis,Respiratory
"Complaining of heartburn, difficulty in swallowing, regurgitation, back pain, regurgitation.1, dizziness, foot or toe pain and nausea. This has lasted about a week.",hiatal hernia,Gastrointestinal
"Patient reports fluid retention, sharp abdominal pain, chills, fever and diarrhea. It began this morning.",infectious gastroenteritis,Febrile/Systemic
"I have skin rash, abnormal appearing skin, acne or pimples, too little hair and skin dryness, peeling, scaliness, or roughness. It began this morning.",seborrheic dermatitis,Dermatological
"Complaining of cough, frontal headache, hoarse voice, facial pain and painful sinuses. It started two days ago.",nasal polyp,Respiratory
"Complaining of skin moles, skin dryness, peeling, scaliness, or roughness, itching of skin, swollen eye, abnormal movement of eyelid, skin irritation and skin swelling. This has lasted about a week.",contact dermatitis,Dermatological
"The symptoms are arm swelling, elbow pain, wrist pain, hand or finger pain and wrist swelling.",injury to the arm,Musculoskeletal/Other
"The symptoms are fever, fluid in ear, ear pain, redness in ear, ringing in ear and cough.",otitis externa (swimmer's ear),Musculoskeletal/Other
"Since yesterday I've noticed ringing in ear, swollen or red tonsils, allergic reaction, sore throat and nasal congestion. It comes and goes.",eustachian tube dysfunction (ear disorder),Musculoskeletal/Other
"Since yesterday I've noticed blood in stool, burning abdominal pain, nausea, headache, fluid retention and flu-like syndrome.",infectious gastroenteritis,Febrile/Systemic
"Complaining of vomiting, shortness of breath, cough, difficulty breathing and feeling ill.",sepsis,Febrile/Systemic
"Since yesterday I've noticed skin growth, abnormal appearing skin, lymphedema, skin moles, symptoms of eye and skin lesion. It got worse overnight.",rosacea,Dermatological
"Complaining of coryza, hurts to breath, pulling at ears, shortness of breath, cough, irritable infant, difficulty breathing and anxiety and nervousness. It got worse overnight.",acute bronchiolitis,Respiratory
"I feel unwell, with headache, arm pain and low back pain. It started two days ago.",fibromyalgia,Musculoskeletal/Other
"I feel unwell, with decreased appetite, weakness, vomiting, feeling ill, cough and shortness of breath.",sepsis,Febrile/Systemic
"I feel unwell, with upper abdominal pain, nausea, sharp abdominal pain, side pain, cramps and spasms, sharp chest pain, back pain and abusing alcohol. It began this morning.",acute pancreatitis,Gastrointestinal
"I've been experiencing rectal bleeding, burning abdominal pain, headache, nausea and sharp abdominal pain and I'm worried. This has lasted about a week.",noninfectious gastroenteritis,Febrile/Systemic
"For the past few days I've had upper abdominal pain, irregular belly button, symptoms of the scrotum and testes, lower abdominal pain and swollen abdomen.",abdominal hernia,Gastrointestinal
"Lately I keep having chills, fever, nausea, fluid retention, vomiting and burning abdominal pain.",infectious gastroenteritis,Febrile/Systemic
"Chief complaint: peripheral edema, heartburn, nausea, weakness, sharp abdominal pain and unusual color or odor to urine. It got worse overnight.",liver disease,Gastrointestinal
"Since yesterday I've noticed pelvic pain, skin irritation, itchy scalp and skin growth.",fungal infection of the hair,Dermatological
"I have vomiting, sharp chest pain, nausea, dizziness, weakness and retention of urine. It got worse overnight.",acute kidney injury,Musculoskeletal/Other
"My main problems are coryza, wheezing, vomiting, cough, abnormal breathing sounds, hoarse voice, sore throat and shortness of breath.",croup,Respiratory
"I came in because of nausea, vomiting, symptoms of the kidneys, sharp chest pain and back pain. It started two days ago.",cholecystitis,Gastrointestinal
"Chief complaint: difficulty breathing, fainting, cough, chest tightness and sharp chest pain. It got worse overnight.",pulmonary fibrosis,Respiratory
"Lately I keep having vomiting, diaper rash, temper problems, nasal congestion and cough. It began this morning.",diaper rash,Dermatological
"For the past few days I've had difficulty breathing, vomiting, fever, wheezing, cough, shortness of breath, sore throat and coryza. This has lasted about a week.",pneumonia,Respiratory
"Chief complaint: nausea, sweating, sharp chest pain, heartburn, burning chest pain, chest tightness, irregular heartbeat and shortness of breath.",heart attack,Musculoskeletal/Other
"I feel unwell, with vomiting, difficulty breathing, coryza, nasal congestion, sore throat, wheezing and shortness of breath. This has lasted about a week.",pneumonia,Respiratory
"Since yesterday I've noticed jaundice, diarrhea, shortness of breath, weakness and nausea.",liver disease,Gastrointestinal
"For the past few days I've had nasal congestion, headache, feeling ill, fever, skin rash and cough.",mononucleosis,Febrile/Systemic
"For the past few days I've had ear pain, ringing in ear, pulling at ears, pus draining from ear and cough. It began this morning.",ear drum damage,Musculoskeletal/Other
"I feel unwell, with irregular appearing scalp, dry or flaky scalp, symptoms of the face, skin rash, skin lesion, too little hair and abnormal appearing skin. It got worse overnight.",seborrheic dermatitis,Dermatological
"The symptoms are fever, gum pain, lip swelling, ear pain, facial pain and bleeding gums. It got worse overnight.",gum disease,Musculoskeletal/Other
"My main problems are itchiness of eye, frontal headache, ear pain, headache and cough. This has lasted about a week.",seasonal allergies (hay fever),Febrile/Systemic
"I've been experiencing sore throat, hoarse voice, throat feels tight, coryza and difficulty in swallowing and I'm worried. It comes and goes.",laryngitis,Respiratory
"For the past few days I've had chills, suprapubic pain, fever, feeling ill and decreased appetite. It comes and goes.",sepsis,Febrile/Systemic
"The symptoms are symptoms of the face, skin irritation, skin swelling, irregular appearing scalp, burning chest pain and itching of skin. It got worse overnight.",actinic keratosis,Dermatological
"For the past few days I've had headache, fainting and back pain. This has lasted about a week.",syringomyelia,Musculoskeletal/Other
"Patient reports skin growth, symptoms of the face, skin moles, skin irritation, irregular appearing scalp, skin rash and abnormal appearing skin.",actinic keratosis,Dermatological
"I have sharp abdominal pain, lower abdominal pain, pelvic pain, infertility, cramps and spasms, intermenstrual bleeding, painful menstruation and long menstrual periods. It began this morning.",idiopathic irregular menstrual cycle,Musculoskeletal/Other
"I came in because of upper abdominal pain, shortness of breath, burning abdominal pain, sore throat and nausea. It started two days ago.",esophagitis,Gastrointestinal
"My main problems are wrist swelling, knee pain, foot or toe pain, hand or finger pain and leg pain. This has lasted about a week.",ganglion cyst,Musculoskeletal/Other
"I have diarrhea, nausea, sharp abdominal pain, chills, rectal bleeding, blood in stool and fever.",noninfectious gastroenteritis,Febrile/Systemic
"For the past few days I've had flu-like syndrome, burning abdominal pain, diarrhea, vomiting and fever. It started two days ago.",infectious gastroenteritis,Febrile/Systemic
"I came in because of nasal congestion, ear pain, sore throat, sinus congestion, fever and coryza. It began this morning.",acute sinusitis,Respiratory
"For the past few days I've had leg pain, shortness of breath, sweating, hemoptysis, chest tightness, difficulty breathing, weakness and leg swelling.",pulmonary embolism,Respiratory
"Complaining of long menstrual periods, difficulty speaking, constipation, depressive or psychotic symptoms and antisocial behavior. It began this morning.",autism,Musculoskeletal/Other
"I came in because of coughing up sputum, coryza, sharp chest pain, fever, chest tightness, wheezing and shortness of breath. It began this morning.",chronic obstructive pulmonary disease (copd),Respiratory
"Lately I keep having nasal congestion, abnormal breathing sounds, fever and sore throat. It comes and goes.",interstitial lung disease,Respiratory
"Patient reports cough, difficulty breathing, sore throat, congestion in chest, sharp chest pain, wheezing and fever. It started two days ago.",acute bronchitis,Respiratory
"The symptoms are nausea, upper abdominal pain, abusing alcohol, lower body pain, hemoptysis, vomiting and burning abdominal pain. It got worse overnight.",acute pancreatitis,Gastrointestinal
"Lately I keep having itchiness of eye, frontal headache, sneezing, allergic reaction, loss of sensation and nasal congestion. It began this morning.",seasonal allergies (hay fever),Febrile/Systemic
"For the past few days I've had nasal congestion, headache, chills and sore throat. It began this morning.",common cold,Respiratory
"Since yesterday I've noticed sore throat, coryza, congestion in chest, nasal congestion, fever, headache and difficulty breathing. It began this morning.",acute bronchitis,Respiratory
"I feel unwell, with skin dryness, peeling, scaliness, or roughness, skin lesion, allergic reaction, skin irritation and swollen eye.",contact dermatitis,Dermatological
"Since yesterday I've noticed shortness of breath, chills, fever, depressive or psychotic symptoms, sharp chest pain and difficulty breathing. It started two days ago.",acute respiratory distress syndrome (ards),Respiratory
"I came in because of paresthesia, hip pain, low back pain, problems with movement, loss of sensation and leg pain.",herniated disk,Gastrointestinal
"The symptoms are diaper rash, skin rash, nasal congestion, blood in stool, vomiting, irritable infant, diarrhea and fever. It comes and goes.",diaper rash,Dermatological
"For the past few days I've had itching of skin, irregular appearing scalp, skin dryness, peeling, scaliness, or roughness, skin growth and pelvic pain. It comes and goes.",fungal infection of the hair,Dermatological
"Chief complaint: diarrhea, fever and temper problems.",diaper rash,Dermatological
"Patient reports cramps and spasms, painful menstruation, intermenstrual bleeding, problems with movement, sharp abdominal pain and frequent menstruation.",idiopathic excessive menstruation,Musculoskeletal/Other
"For the past few days I've had diarrhea, fluid retention, irregular appearing scalp, chills, vomiting, nausea and headache.",infectious gastroenteritis,Febrile/Systemic
"For the past few days I've had rectal bleeding, heartburn, itching of the anus, constipation and lower body pain. It got worse overnight.",hemorrhoids,Gastrointestinal
"My main problems are lower body pain, changes in stool appearance, heartburn, constipation and pain of the anus. It got worse overnight.",hemorrhoids,Gastrointestinal
"For the past few days I've had back pain, fever, lower abdominal pain, painful urination, side pain and blood in urine. It started two days ago.",urinary tract infection,Musculoskeletal/Other
"Lately I keep having weight gain, difficulty breathing, apnea, insomnia, shortness of breath and fatigue. It got worse overnight.",obstructive sleep apnea (osa),Respiratory
"I feel unwell, with shoulder pain, chest tightness, sharp chest pain, fainting and shortness of breath. It comes and goes.",pulmonary fibrosis,Respiratory
"The symptoms are chills, nausea, fever, headache, blood in stool, decreased appetite, fluid retention and diarrhea. It got worse overnight.",infectious gastroenteritis,Febrile/Systemic
"For the past few days I've had sharp chest pain, difficulty breathing, wheezing, nasal congestion, coughing up sputum and allergic reaction.",asthma,Respiratory
"Chief complaint: too little hair, abnormal appearing skin, itching of skin, acne or pimples and itchy scalp. It began this morning.",fungal infection of the skin,Dermatological
"I've been experiencing vomiting, diarrhea, rectal bleeding, headache, fever, nausea, sharp abdominal pain and chills and I'm worried.",noninfectious gastroenteritis,Febrile/Systemic
"I've been experiencing shortness of breath, nausea, cough, upper abdominal pain, difficulty in swallowing and sharp chest pain and I'm worried.",esophagitis,Gastrointestinal
"Complaining of nausea, melena and blood in stool. It began this morning.",diverticulosis,Gastrointestinal
"I have back pain, burning abdominal pain, hemoptysis, sharp chest pain, vomiting and nausea.",acute pancreatitis,Gastrointestinal
"Complaining of abnormal appearing skin, hip pain, depressive or psychotic symptoms, headache and fatigue.",lyme disease,Febrile/Systemic
"My main problems are apnea, weight gain, abnormal involuntary movements, difficulty in swallowing and mouth dryness. It began this morning.",obstructive sleep apnea (osa),Respiratory
"The symptoms are cough, headache, neck stiffness or tightness and neck pain. This has lasted about a week.",meningitis,Febrile/Systemic
"Patient reports shortness of breath, heartburn, unusual color or odor to urine, weakness and sharp abdominal pain. It comes and goes.",liver disease,Gastrointestinal
"I came in because of bleeding gums, headache, facial pain, peripheral edema, gum pain and jaw swelling.",tooth disorder,Musculoskeletal/Other
"For the past few days I've had difficulty breathing, nosebleed and allergic reaction. It got worse overnight.",deviated nasal septum,Respiratory
"For the past few days I've had skin swelling, skin moles, lymphedema, skin dryness, peeling, scaliness, or roughness and skin lesion.",rosacea,Dermatological
"I've been experiencing side pain, regurgitation.1, sharp chest pain, upper abdominal pain, symptoms of the kidneys and back pain and I'm worried. It comes and goes.",cholecystitis,Gastrointestinal
"For the past few days I've had hemoptysis, smoking problems and shortness of breath. It began this morning.",lung cancer,Respiratory
"Lately I keep having fever, ear pain, jaw swelling, peripheral edema and gum pain.",gum disease,Musculoskeletal/Other
"My main problems are nasal congestion, cough, facial pain, frontal headache, painful sinuses and hoarse voice. It began this morning.",nasal polyp,Respiratory
"I feel unwell, with foot or toe swelling, irregular appearing nails, ankle pain, leg swelling, problems with movement, leg pain and knee swelling. It got worse overnight.",injury to the leg,Musculoskeletal/Other
"I have frontal headache, lacrimation, cough, allergic reaction and sneezing. This has lasted about a week.",seasonal allergies (hay fever),Febrile/Systemic
"My main problems are fluid in ear, ear pain, skin rash, painful sinuses, fever, pulling at ears, allergic reaction, plugged feeling in ear and redness in ear. This has lasted about a week.",chronic otitis media,Musculoskeletal/Other
"I feel unwell, with sharp abdominal pain, symptoms of the kidneys, back pain, knee swelling and upper abdominal pain. It comes and goes.",cholecystitis,Gastrointestinal
"For the past few days I've had ear pain, blood in stool, nausea, melena, vomiting, rectal bleeding and upper abdominal pain.",diverticulosis,Gastrointestinal
"I came in because of nausea, vomiting, flu-like syndrome, decreased appetite, headache, fever and diarrhea. It began this morning.",infectious gastroenteritis,Febrile/Systemic
"Patient reports skin swelling, hand or finger swelling, peripheral edema, hand or finger pain, skin lesion and skin rash.",pyogenic skin infection,Dermatological
"My main problems are sore throat, hoarse voice, difficulty speaking, coryza and difficulty in swallowing. It began this morning.",laryngitis,Respiratory
"Patient reports sharp abdominal pain, blood in stool, fever and vomiting. It started two days ago.",infectious gastroenteritis,Febrile/Systemic
"I feel unwell, with ache all over, groin mass, regurgitation, sharp abdominal pain, regurgitation.1, lower abdominal pain and swollen abdomen. It began this morning.",abdominal hernia,Gastrointestinal
"My main problems are chills, suprapubic pain, shortness of breath and cough. This has lasted about a week.",sepsis,Febrile/Systemic
"Chief complaint: wheezing, irritable infant and fever.",acute bronchiolitis,Respiratory
"Complaining of vaginal dryness, blood in stool, rectal bleeding, lower body pain and constipation. This has lasted about a week.",anal fissure,Musculoskeletal/Other
"Chief complaint: nasal congestion, excessive anger, headache, cough, drug abuse, hemoptysis and shortness of breath.",smoking or tobacco addiction,Musculoskeletal/Other
"I feel unwell, with chills, burning abdominal pain, vomiting, constipation and nausea.",diverticulitis,Gastrointestinal
"Since yesterday I've noticed constipation, nausea, lower abdominal pain and pain of the anus. This has lasted about a week.",chronic constipation,Gastrointestinal
"For the past few days I've had abusing alcohol, disturbance of memory, delusions or hallucinations and anxiety and nervousness. It began this morning.",depression,Musculoskeletal/Other
"Chief complaint: burning abdominal pain, nausea, lower abdominal pain, diarrhea and blood in stool. It comes and goes.",diverticulitis,Gastrointestinal
"I feel unwell, with sharp abdominal pain, decreased appetite, rectal bleeding, fever, blood in stool, diarrhea, fluid retention and chills.",noninfectious gastroenteritis,Febrile/Systemic
"I came in because of coughing up sputum, chest tightness, difficulty breathing, cough, nasal congestion and shortness of breath.",asthma,Respiratory
"I feel unwell, with upper abdominal pain, sharp abdominal pain, regurgitation.1, vomiting, symptoms of the kidneys and lower body pain. This has lasted about a week.",cholecystitis,Gastrointestinal
"Chief complaint: skin lesion, skin growth, skin swelling, acne or pimples, itchy scalp and skin rash. This has lasted about a week.",fungal infection of the hair,Dermatological
"Since yesterday I've noticed shortness of breath, nasal congestion, cough, sharp chest pain, fever, headache and difficulty breathing. This has lasted about a week.",acute bronchitis,Respiratory
"My main problems are nausea, fever, chills, sharp abdominal pain, headache, decreased appetite, blood in stool and diarrhea. It got worse overnight.",infectious gastroenteritis,Febrile/Systemic
"My main problems are coryza, cough, chest tightness, wheezing, nasal congestion, shortness of breath and congestion in chest.",chronic obstructive pulmonary disease (copd),Respiratory
"I have shortness of breath, hemoptysis, chest tightness and sweating.",pulmonary embolism,Respiratory
"I feel unwell, with vomiting, headache, diarrhea, burning abdominal pain and sharp abdominal pain. This has lasted about a week.",noninfectious gastroenteritis,Febrile/Systemic
"Complaining of ear pain, gum pain, mouth ulcer, peripheral edema, fever, jaw swelling, lip swelling and facial pain. This has lasted about a week.",gum disease,Musculoskeletal/Other
"My main problems are symptoms of eye, abnormal appearing skin, acne or pimples, skin swelling and skin dryness, peeling, scaliness, or roughness. It got worse overnight.",rosacea,Dermatological
"I have wheezing, difficulty speaking, weakness, coryza, difficulty breathing, nasal congestion and vomiting.",pneumonia,Respiratory
"My main problems are nausea, headache, cough, diarrhea and chills.",flu,Respiratory
"My main problems are infertility, swelling of scrotum, pain of the anus, symptoms of the scrotum and testes, involuntary urination, groin pain and skin growth. It started two days ago.",varicocele of the testicles,Musculoskeletal/Other
"I feel unwell, with abnormal appearing skin, itchy scalp, skin swelling, skin growth, irregular appearing scalp and skin irritation.",fungal infection of the hair,Dermatological
"I have sharp chest pain, apnea, shortness of breath, feeling ill, fatigue, hemoptysis, difficulty breathing and palpitations. It comes and goes.",pulmonary hypertension,Respiratory
"I came in because of rectal bleeding, diarrhea, sharp abdominal pain, dizziness, melena, weakness, vomiting and vomiting blood. This has lasted about a week.",gastrointestinal hemorrhage,Gastrointestinal
"Chief complaint: blood in stool, rectal bleeding, burning abdominal pain and cramps and spasms. It started two days ago.",rectal disorder,Gastrointestinal
"Since yesterday I've noticed cough, decreased appetite, fever, difficulty breathing, wheezing, vomiting and nasal congestion.",acute bronchiolitis,Respiratory
"The symptoms are pain of the anus, changes in stool appearance, nausea, burning abdominal pain, retention of urine, constipation and vomiting. It started two days ago.",chronic constipation,Gastrointestinal
"My main problems are weakness, diarrhea, peripheral edema, shortness of breath and sharp abdominal pain. This has lasted about a week.",liver disease,Gastrointestinal
"Patient reports sharp chest pain, low back pain, muscle cramps, contractures, or spasms, headache, back pain and leg pain.",muscle spasm,Musculoskeletal/Other
"Complaining of low back pain, arm pain, leg pain, shoulder pain, arm weakness and leg weakness. It started two days ago.",herniated disk,Gastrointestinal
"I've been experiencing skin swelling, foot or toe swelling, skin rash and problems during pregnancy and I'm worried. It started two days ago.",scabies,Dermatological
"Complaining of insomnia, fainting, weakness, vomiting, blood in stool and melena.",gastrointestinal hemorrhage,Gastrointestinal
"I have abnormal breathing sounds, sore throat, abnormal involuntary movements, fever, vomiting, hoarse voice and cough. It got worse overnight.",croup,Respiratory
"Lately I keep having skin swelling, skin moles, acne or pimples, warts and irregular appearing scalp. It began this morning.",skin polyp,Dermatological
"I've been experiencing chest tightness, cough, sharp chest pain, coryza, allergic reaction, nasal congestion, knee swelling and shortness of breath and I'm worried. This has lasted about a week.",asthma,Respiratory
"Chief complaint: sharp abdominal pain, nausea, chills, fluid retention and rectal bleeding. It began this morning.",noninfectious gastroenteritis,Febrile/Systemic
"My main problems are fever, blood in stool, burning abdominal pain, headache, nausea and diarrhea.",infectious gastroenteritis,Febrile/Systemic
"For the past few days I've had fever, sharp chest pain, congestion in chest, nasal congestion, shortness of breath and difficulty breathing. It comes and goes.",acute bronchitis,Respiratory
"Since yesterday I've noticed fever, feeling ill, nasal congestion, swollen lymph nodes and skin rash. It began this morning.",mononucleosis,Febrile/Systemic
"Complaining of impotence, retention of urine, swelling of scrotum, low urine output, involuntary urination, hesitancy, excessive urination at night and symptoms of bladder.",benign prostatic hyperplasia (bph),Musculoskeletal/Other
"I came in because of lacrimation, nasal congestion, coryza, itchiness of eye, allergic reaction, frontal headache and sore throat.",seasonal allergies (hay fever),Febrile/Systemic
"Since yesterday I've noticed suprapubic pain, weakness, sharp abdominal pain, vomiting, fever, shortness of breath, cough and chills.",sepsis,Febrile/Systemic
"I have skin growth, itchy scalp, irregular appearing scalp, skin rash, itching of skin, acne or pimples, skin lesion and skin swelling. It began this morning.",fungal infection of the hair,Dermatological
"Patient reports nasal congestion, painful sinuses, allergic reaction, difficulty breathing and facial pain. It got worse overnight.",deviated nasal septum,Respiratory
"I feel unwell, with skin dryness, peeling, scaliness, or roughness, skin swelling, abnormal appearing skin and skin rash. It got worse overnight.",dermatitis due to sun exposure,Dermatological
"Chief complaint: irregular appearing scalp, skin lesion, abnormal appearing skin, skin growth, itching of skin, acne or pimples and itchy scalp.",fungal infection of the hair,Dermatological
"I have changes in stool appearance, nasal congestion, lower abdominal pain and sharp abdominal pain.",chronic constipation,Gastrointestinal
"The symptoms are cough, skin swelling, neck swelling, sharp abdominal pain, neck mass, ear pain and neck pain.",lymphadenitis,Musculoskeletal/Other
"I feel unwell, with skin moles, abnormal appearing skin, acne or pimples and skin rash. It got worse overnight.",dermatitis due to sun exposure,Dermatological
"I have vomiting, vomiting blood, blood in stool, melena, dizziness, changes in stool appearance and fainting. It got worse overnight.",gastrointestinal hemorrhage,Gastrointestinal
"Patient reports sore throat, increased heart rate, sharp chest pain, nasal congestion, coryza and chest tightness.",chronic obstructive pulmonary disease (copd),Respiratory
"My main problems are skin growth, skin lesion, skin irritation, itchy scalp, pelvic pain, acne or pimples, skin dryness, peeling, scaliness, or roughness and abnormal appearing skin. This has lasted about a week.",fungal infection of the hair,Dermatological
"Lately I keep having changes in stool appearance, heartburn, sharp abdominal pain, burning abdominal pain, vomiting blood and sharp chest pain.",gastroduodenal ulcer,Gastrointestinal
"Complaining of vomiting, decreased appetite, chills, burning abdominal pain, fluid retention, blood in stool and diarrhea.",noninfectious gastroenteritis,Febrile/Systemic
"For the past few days I've had cough, weakness, vomiting, suprapubic pain and fever. It got worse overnight.",sepsis,Febrile/Systemic
"I feel unwell, with blood in stool, vomiting, sharp abdominal pain, fever, chills and fluid retention. It comes and goes.",noninfectious gastroenteritis,Febrile/Systemic
"I have blood in stool, rectal bleeding, diarrhea, changes in stool appearance and vomiting. It started two days ago.",gastrointestinal hemorrhage,Gastrointestinal
"I came in because of irregular appearing nails, foot or toe swelling, foot or toe pain, skin growth, pain in eye and skin lesion. It started two days ago.",callus,Dermatological
"Since yesterday I've noticed dizziness, decreased heart rate, sharp chest pain, shortness of breath, increased heart rate and feeling ill.",sinus bradycardia,Musculoskeletal/Other
"Patient reports shoulder stiffness or tightness, arm pain, elbow swelling, shoulder pain, knee swelling and hip pain.",bursitis,Musculoskeletal/Other
"The symptoms are nasal congestion, fever, difficulty speaking, ear pain, sore throat and cough.",laryngitis,Respiratory
"I came in because of nasal congestion, lacrimation, allergic reaction and frontal headache. It comes and goes.",seasonal allergies (hay fever),Febrile/Systemic
"My main problems are apnea, mouth dryness, abnormal breathing sounds, weight gain, difficulty breathing, insomnia and shortness of breath. It began this morning.",obstructive sleep apnea (osa),Respiratory
"Patient reports back pain, regurgitation, sharp chest pain, upper abdominal pain and regurgitation.1. It got worse overnight.",hiatal hernia,Gastrointestinal
"Complaining of itchiness of eye, sneezing, cough and diminished vision. It started two days ago.",conjunctivitis due to allergy,Musculoskeletal/Other
"I have chest tightness, burning abdominal pain, difficulty in swallowing, chills, shortness of breath, sharp chest pain, nausea, heartburn and vomiting. It started two days ago.",esophagitis,Gastrointestinal
"Chief complaint: shortness of breath, vomiting, sore throat, sharp chest pain, cough, difficulty breathing and fever. It began this morning.",acute bronchospasm,Respiratory
"I have weight gain, abnormal involuntary movements, apnea and insomnia.",obstructive sleep apnea (osa),Respiratory
"Chief complaint: elbow swelling, arm stiffness or tightness, knee pain, elbow pain and arm pain. It began this morning.",bursitis,Musculoskeletal/Other
"Patient reports sore throat, nasal congestion and sneezing. It began this morning.",seasonal allergies (hay fever),Febrile/Systemic
"Patient reports headache, diarrhea, blood in stool, fever, chills and vomiting. It began this morning.",infectious gastroenteritis,Febrile/Systemic
"Complaining of hostile behavior, seizures, restlessness, delusions or hallucinations, lack of growth, fears and phobias and antisocial behavior. It began this morning.",developmental disability,Musculoskeletal/Other
"I came in because of nasal congestion, vomiting, wheezing, sore throat, chest tightness, sharp chest pain, coryza and difficulty breathing. It started two days ago.",acute bronchospasm,Respiratory
"The symptoms are sore throat, weakness, vomiting, coryza and cough. It got worse overnight.",pneumonia,Respiratory
"I have vomiting, wheezing, irritable infant, difficulty breathing, nasal congestion, hurts to breath and fever. This has lasted about a week.",acute bronchiolitis,Respiratory
"Chief complaint: lower abdominal pain, cramps and spasms, vaginal discharge, problems during pregnancy, pain during pregnancy, blood clots during menstrual periods and intermenstrual bleeding. It started two days ago.",vaginal cyst,Musculoskeletal/Other
"Since yesterday I've noticed mouth ulcer, sore in nose, skin swelling, itching of skin, nasal congestion, skin rash and fever. It got worse overnight.",impetigo,Dermatological
"I came in because of paresthesia, leg pain, arm pain, shoulder pain, neck pain, hip pain, loss of sensation and leg weakness. It began this morning.",herniated disk,Gastrointestinal
"The symptoms are vomiting, burning abdominal pain, sharp abdominal pain and decreased appetite.",infectious gastroenteritis,Febrile/Systemic
"My main problems are congestion in chest, headache, frontal headache, fever, facial pain and cough. It comes and goes.",chronic sinusitis,Respiratory
"The symptoms are vomiting, burning abdominal pain, rectal bleeding, sharp abdominal pain and diarrhea.",noninfectious gastroenteritis,Febrile/Systemic
"Patient reports nasal congestion, difficulty breathing, coughing up sputum, allergic reaction, wheezing and cough. This has lasted about a week.",asthma,Respiratory
"Since yesterday I've noticed jaundice, feeling ill, rectal bleeding, sharp abdominal pain and itching of skin. It began this morning.",hepatitis due to a toxin,Gastrointestinal
"For the past few days I've had pain in testicles, symptoms of prostate, loss of sex drive, excessive urination at night and impotence.",erectile dysfunction,Musculoskeletal/Other
"For the past few days I've had headache, nausea, fluid retention, decreased appetite, burning abdominal pain, sharp abdominal pain, chills and low self-esteem. It comes and goes.",infectious gastroenteritis,Febrile/Systemic
"Chief complaint: anxiety and nervousness, lower abdominal pain, nausea, upper abdominal pain, burning abdominal pain and insomnia.",irritable bowel syndrome,Gastrointestinal
"For the past few days I've had vomiting, dizziness, melena, sharp abdominal pain and nausea. It got worse overnight.",gastrointestinal hemorrhage,Gastrointestinal
"My main problems are skin swelling, skin lesion, lip swelling, skin growth, acne or pimples and bumps on penis.",viral warts,Dermatological
"Since yesterday I've noticed vomiting, nausea, sharp abdominal pain, decreased appetite and fluid retention. It got worse overnight.",infectious gastroenteritis,Febrile/Systemic
"Chief complaint: skin swelling, skin moles, irregular appearing scalp, skin lesion, abnormal appearing skin and acne or pimples. It comes and goes.",skin disorder,Dermatological
"Complaining of cough, fever, sore throat, sinus congestion, headache, congestion in chest and painful sinuses. It began this morning.",chronic sinusitis,Respiratory
"I feel unwell, with rectal bleeding, decreased appetite, burning abdominal pain, vomiting, fluid retention and nausea. It comes and goes.",noninfectious gastroenteritis,Febrile/Systemic
"I feel unwell, with coryza, coughing up sputum, sharp chest pain, fever, wheezing, shortness of breath and nasal congestion. It comes and goes.",asthma,Respiratory
"My main problems are facial pain, ear pain, frontal headache, sinus congestion, fever and sore throat.",acute sinusitis,Respiratory
"I have acne or pimples, irregular appearing scalp, itching of skin, feeling ill and skin rash. It got worse overnight.",alopecia,Dermatological
"Lately I keep having cough, suprapubic pain, fever, feeling ill, weakness, chills and vomiting. It started two days ago.",sepsis,Febrile/Systemic
"Chief complaint: warts, skin growth, skin swelling, skin lesion, irregular appearing scalp and skin moles. It got worse overnight.",skin polyp,Dermatological
"Complaining of skin swelling, warts, skin growth, abnormal appearing skin and lip swelling.",viral warts,Dermatological
"Lately I keep having sore in nose, skin swelling, cough, skin rash and itching of skin. It began this morning.",impetigo,Dermatological
"Lately I keep having heartburn, delusions or hallucinations, nausea, burning abdominal pain and upper abdominal pain. It comes and goes.",gastroduodenal ulcer,Gastrointestinal
"Since yesterday I've noticed abnormal appearing skin, eye burns or stings, skin swelling, itchiness of eye and eye redness.",stye,Musculoskeletal/Other
"Lately I keep having blood in stool, headache, vomiting, nausea, chills, sharp abdominal pain, flu-like syndrome and fever. It got worse overnight.",infectious gastroenteritis,Febrile/Systemic
"I came in because of sharp chest pain, wheezing, chills, difficulty breathing, depressive or psychotic symptoms and chest tightness. It began this morning.",acute respiratory distress syndrome (ards),Respiratory
"Complaining of foot or toe pain, hand or finger swelling, peripheral edema, abnormal appearing skin, leg pain, leg swelling, hand or finger pain and skin swelling.",pyogenic skin infection,Dermatological
"The symptoms are rectal bleeding, lower abdominal pain and retention of urine. It began this morning.",chronic constipation,Gastrointestinal
"I have chills, fever, fluid retention, vomiting, sharp abdominal pain, rectal bleeding and decreased appetite.",noninfectious gastroenteritis,Febrile/Systemic
"I feel unwell, with diarrhea, chills, coryza, fever and headache.",flu,Respiratory
"I've been experiencing acne or pimples, symptoms of eye and skin dryness, peeling, scaliness, or roughness and I'm worried. It began this morning.",rosacea,Dermatological
"I feel unwell, with upper abdominal pain, abusing alcohol, difficulty in swallowing, vomiting, shortness of breath and sharp chest pain. It began this morning.",esophagitis,Gastrointestinal
"I came in because of lower body pain, sharp chest pain, nausea, back pain, sharp abdominal pain, low back pain, upper abdominal pain, regurgitation.1 and side pain.",cholecystitis,Gastrointestinal
"The symptoms are constipation, sharp abdominal pain, pain of the anus, blood in stool, mass or swelling around the anus and changes in stool appearance.",hemorrhoids,Gastrointestinal
"I came in because of burning abdominal pain, sharp abdominal pain, nausea, sharp chest pain, diarrhea, upper abdominal pain and abusing alcohol.",acute pancreatitis,Gastrointestinal
"I feel unwell, with upper abdominal pain, vomiting, sore throat, sharp chest pain, heartburn, difficulty in swallowing, cough and shortness of breath.",esophagitis,Gastrointestinal
"I have shortness of breath, sharp chest pain, nasal congestion and sore throat.",chronic obstructive pulmonary disease (copd),Respiratory
"I've been experiencing blood in stool, fever, pulling at ears, irritable infant and temper problems and I'm worried.",diaper rash,Dermatological
"I have nausea, diarrhea, sharp abdominal pain, wheezing, burning abdominal pain and chills.",noninfectious gastroenteritis,Febrile/Systemic
"I have groin pain, leg pain and ache all over.",arthritis of the hip,Musculoskeletal/Other
"Chief complaint: wheezing, congestion in chest, cough and fever. It comes and goes.",chronic obstructive pulmonary disease (copd),Respiratory
"I feel unwell, with cough, fever, nasal congestion, temper problems and diaper rash. This has lasted about a week.",diaper rash,Dermatological
"For the past few days I've had skin lesion, acne or pimples, abnormal appearing skin, skin moles, itching of skin and allergic reaction. It started two days ago.",contact dermatitis,Dermatological
"Lately I keep having wheezing, vomiting, shortness of breath, difficulty breathing, irritable infant and cough. It got worse overnight.",acute bronchiolitis,Respiratory
"Patient reports vaginal itching, pain of the anus, back pain, burning abdominal pain, constipation, sharp abdominal pain and nausea.",intestinal obstruction,Gastrointestinal
"The symptoms are coryza, nasal congestion, sore throat, fever and headache. It comes and goes.",acute bronchitis,Respiratory
"Patient reports chest tightness, depressive or psychotic symptoms, sharp chest pain, cough, difficulty breathing, fever and shortness of breath.",acute respiratory distress syndrome (ards),Respiratory
"I've been experiencing foreign body sensation in eye, lip swelling, eye burns or stings, eye redness and itchiness of eye and I'm worried. It began this morning.",cornea infection,Musculoskeletal/Other
"I feel unwell, with wheezing, coryza, ear pain, flu-like syndrome and nasal congestion. It comes and goes.",common cold,Respiratory
"I came in because of mouth dryness, difficulty breathing, shortness of breath and difficulty in swallowing. This has lasted about a week.",obstructive sleep apnea (osa),Respiratory
"Since yesterday I've noticed acne or pimples, skin rash and long menstrual periods. It started two days ago.",acne,Dermatological
"I have heartburn, vomiting, difficulty in swallowing and sharp chest pain.",esophagitis,Gastrointestinal
"Lately I keep having nausea, flu-like syndrome, chills, fluid retention, fever, burning abdominal pain and sharp abdominal pain. It got worse overnight.",infectious gastroenteritis,Febrile/Systemic
"I feel unwell, with symptoms of the scrotum and testes and sharp abdominal pain.",abdominal hernia,Gastrointestinal
"Patient reports itching of skin, skin irritation, acne or pimples, abnormal appearing skin, skin dryness, peeling, scaliness, or roughness and skin swelling.",skin polyp,Dermatological
"Patient reports vomiting, flu-like syndrome, nausea, sharp abdominal pain, burning abdominal pain and chills.",infectious gastroenteritis,Febrile/Systemic
"I feel unwell, with itching of skin, skin irritation, cough and skin lesion. It began this morning.",eczema,Dermatological
"Since yesterday I've noticed hot flashes, pelvic pain, weight gain, intermenstrual bleeding, absence of menstruation and groin mass. It got worse overnight.",polycystic ovarian syndrome (pcos),Musculoskeletal/Other
"For the past few days I've had symptoms of eye, skin swelling and skin dryness, peeling, scaliness, or roughness. It began this morning.",rosacea,Dermatological
"I feel unwell, with sinus congestion, ear pain, headache, facial pain, nasal congestion, painful sinuses and coryza. It began this morning.",nose disorder,Musculoskeletal/Other
"Patient reports loss of sensation, elbow pain, wrist pain, shoulder pain and arm pain. This has lasted about a week.",mononeuritis,Musculoskeletal/Other
"The symptoms are fluid retention, headache, chills, vomiting, decreased appetite, nausea, burning abdominal pain and sharp abdominal pain.",noninfectious gastroenteritis,Febrile/Systemic
I've been experiencing allergic reaction and abnormal breathing sounds and I'm worried.,deviated nasal septum,Respiratory
"I came in because of fever, fluid retention, vomiting, diarrhea, blood in stool and rectal bleeding.",noninfectious gastroenteritis,Febrile/Systemic
"For the past few days I've had symptoms of the scrotum and testes, retention of urine, lower abdominal pain and pain in testicles.",hydrocele of the testicle,Musculoskeletal/Other
"For the past few days I've had sharp abdominal pain, regurgitation, blood in stool, vomiting blood, regurgitation.1 and upper abdominal pain.",cirrhosis,Gastrointestinal
"The symptoms are nausea, back pain, upper abdominal pain, abusing alcohol, sharp abdominal pain and diarrhea.",acute pancreatitis,Gastrointestinal
"Lately I keep having vomiting, rectal bleeding, fainting, weakness, melena, blood in stool and vomiting blood.",gastrointestinal hemorrhage,Gastrointestinal
"I feel unwell, with fatigue, palpitations, insomnia, leg swelling and recent pregnancy. It got worse overnight.",hypertensive heart disease,Musculoskeletal/Other
"The symptoms are back pain, headache, sharp chest pain, abnormal appearing skin and pain in eye. This has lasted about a week.",shingles (herpes zoster),Dermatological
"I have weakness, suprapubic pain, fever, chills, feeling ill, shortness of breath and vomiting.",sepsis,Febrile/Systemic
"Lately I keep having pelvic pain, pain of the anus, lower body pain, irregular appearing scalp, mouth pain and skin swelling. It started two days ago.",pilonidal cyst,Musculoskeletal/Other
"I have shortness of breath, decreased appetite, sharp abdominal pain, weakness, feeling ill, fever and difficulty breathing. It comes and goes.",sepsis,Febrile/Systemic
"Complaining of congestion in chest, ear pain, cough, frontal headache and painful sinuses. It comes and goes.",chronic sinusitis,Respiratory
"I've been experiencing dry or flaky scalp, skin rash, symptoms of the face, abnormal appearing skin and skin lesion and I'm worried. It got worse overnight.",seborrheic dermatitis,Dermatological
"Patient reports coryza, nasal congestion, lacrimation, frontal headache, sore throat, headache and ear pain. This has lasted about a week.",seasonal allergies (hay fever),Febrile/Systemic
"Patient reports lymphedema, acne or pimples, symptoms of eye, skin dryness, peeling, scaliness, or roughness, abnormal appearing skin, skin lesion, skin moles and skin swelling. It comes and goes.",rosacea,Dermatological
"I have vomiting, nausea, diarrhea, dizziness, fainting and changes in stool appearance. It comes and goes.",gastrointestinal hemorrhage,Gastrointestinal
"Complaining of nausea, diarrhea, sharp abdominal pain, heartburn, upper abdominal pain and vomiting. It started two days ago.",diverticulosis,Gastrointestinal
"I feel unwell, with headache, fever, ache all over and diarrhea. It started two days ago.",flu,Respiratory
"Chief complaint: vomiting, decreased appetite, nausea, fluid retention and diarrhea.",noninfectious gastroenteritis,Febrile/Systemic
"The symptoms are chest tightness, coryza and cough.",chronic obstructive pulmonary disease (copd),Respiratory
"I've been experiencing sinus congestion, coughing up sputum and ear pain and I'm worried. It started two days ago.",acute sinusitis,Respiratory
"Patient reports flu-like syndrome, wheezing, headache, cough and nasal congestion. It started two days ago.",common cold,Respiratory
"My main problems are pulling at ears, hurts to breath, fever, cough, wheezing and decreased appetite.",acute bronchiolitis,Respiratory
"Patient reports irregular appearing scalp, skin swelling, itching of skin, skin rash and skin growth. It started two days ago.",alopecia,Dermatological
"Patient reports cough, chest tightness, coryza, shortness of breath, coughing up sputum and sharp chest pain.",asthma,Respiratory
"My main problems are ear pain, fever, headache, cough and painful sinuses. It started two days ago.",chronic sinusitis,Respiratory
"The symptoms are irregular appearing scalp, skin growth, skin moles, abnormal appearing skin, skin swelling, skin rash and joint pain.",psoriasis,Dermatological
"For the past few days I've had decreased appetite, flu-like syndrome, nausea, fluid retention, paresthesia, fever, blood in stool, diarrhea and burning abdominal pain. This has lasted about a week.",infectious gastroenteritis,Febrile/Systemic
"I came in because of nausea, fever, diarrhea, headache, blood in stool, fluid retention, vomiting and flu-like syndrome.",infectious gastroenteritis,Febrile/Systemic
"The symptoms are allergic reaction, sharp abdominal pain, flatulence and vomiting. It started two days ago.",intestinal malabsorption,Gastrointestinal
"Since yesterday I've noticed nausea, blood in stool, rectal bleeding and diarrhea.",diverticulosis,Gastrointestinal
"Since yesterday I've noticed ear pain, allergic reaction, sneezing, headache, coryza, nasal congestion and sore throat. This has lasted about a week.",seasonal allergies (hay fever),Febrile/Systemic
"Since yesterday I've noticed itching of skin, skin lesion, skin rash, acne or pimples and itchy scalp.",fungal infection of the skin,Dermatological
"Since yesterday I've noticed nausea, fever, neck stiffness or tightness and cough.",meningitis,Febrile/Systemic
"I have facial pain, skin swelling, pain in gums and peripheral edema.",tooth abscess,Dermatological
"I've been experiencing lower abdominal pain, pelvic pain, intermenstrual bleeding, spotting or bleeding during pregnancy, cramps and spasms, heavy menstrual flow, blood clots during menstrual periods and pain during pregnancy and I'm worried.",vaginal cyst,Musculoskeletal/Other
"Chief complaint: cough, difficulty breathing, fever and vomiting. This has lasted about a week.",acute bronchospasm,Respiratory
"I have sore throat, difficulty in swallowing, chest tightness and heartburn. It began this morning.",esophagitis,Gastrointestinal
"My main problems are fever, abusing alcohol, chills and diarrhea. It comes and goes.",noninfectious gastroenteritis,Febrile/Systemic
"I've been experiencing sharp abdominal pain, back pain, lower abdominal pain, suprapubic pain, acne or pimples, blood in urine, painful urination and pelvic pain and I'm worried.",cystitis,Musculoskeletal/Other
"Complaining of slurring words, disturbance of memory, depressive or psychotic symptoms, hostile behavior, delusions or hallucinations and depression. It comes and goes.",delirium,Musculoskeletal/Other
"For the past few days I've had diarrhea, decreased appetite, lower abdominal pain, side pain, upper abdominal pain, fever and stomach bloating. It got worse overnight.",appendicitis,Gastrointestinal
"Complaining of abnormal breathing sounds, nasal congestion, apnea and cough.",tonsillar hypertrophy,Respiratory
"I have peripheral edema, regurgitation.1, sharp abdominal pain, vomiting blood and regurgitation.",cirrhosis,Gastrointestinal
"Since yesterday I've noticed heavy menstrual flow, spotting or bleeding during pregnancy, problems during pregnancy, pelvic pain and lower abdominal pain. It comes and goes.",spontaneous abortion,Musculoskeletal/Other
"For the past few days I've had itching of skin, symptoms of the face, skin dryness, peeling, scaliness, or roughness, skin lesion, skin growth and abnormal appearing skin. It got worse overnight.",actinic keratosis,Dermatological
"Chief complaint: nausea, sharp abdominal pain, dizziness and sharp chest pain. It got worse overnight.",hiatal hernia,Gastrointestinal
"Chief complaint: sore throat, swollen lymph nodes and fever. It began this morning.",herpangina,Musculoskeletal/Other
"Chief complaint: ear pain, sneezing, coryza and itchiness of eye. It got worse overnight.",seasonal allergies (hay fever),Febrile/Systemic
"I came in because of skin lesion, irregular appearing scalp, skin swelling, skin growth, itching of skin, skin rash and acne or pimples.",skin pigmentation disorder,Dermatological
"Complaining of coryza, shortness of breath, sharp chest pain, fever, nasal congestion and vomiting. This has lasted about a week.",acute bronchospasm,Respiratory
"Lately I keep having skin irritation, skin swelling, skin moles, skin rash, abnormal appearing skin, symptoms of the face and irregular appearing scalp. It got worse overnight.",actinic keratosis,Dermatological
"I've been experiencing headache, lower abdominal pain, constipation, diarrhea, sharp abdominal pain and nausea and I'm worried.",ileus,Gastrointestinal
"Patient reports fluid retention, decreased appetite, burning abdominal pain, blood in stool, nausea and vomiting. This has lasted about a week.",noninfectious gastroenteritis,Febrile/Systemic
"Complaining of itching of skin, warts, allergic reaction, irregular appearing scalp, skin irritation and acne or pimples.",eczema,Dermatological
"I've been experiencing weakness, sharp chest pain, vomiting, coryza and shortness of breath and I'm worried.",pneumonia,Respiratory
"The symptoms are facial pain, symptoms of the scrotum and testes, headache, painful sinuses, apnea and abnormal breathing sounds.",deviated nasal septum,Respiratory
"Chief complaint: increased heart rate, headache, depression, palpitations and insomnia. It began this morning.",anxiety,Musculoskeletal/Other
"Chief complaint: back pain, lower abdominal pain, retention of urine, symptoms of bladder, involuntary urination, suprapubic pain, side pain and sharp abdominal pain. It comes and goes.",cystitis,Musculoskeletal/Other
"I've been experiencing hoarse voice, vomiting, fever, pulling at ears, cough, coryza and nasal congestion and I'm worried.",croup,Respiratory
"I feel unwell, with weakness, difficulty breathing, chills, decreased appetite and sharp abdominal pain. It began this morning.",sepsis,Febrile/Systemic
"I came in because of regurgitation, sharp abdominal pain, regurgitation.1, nausea and diarrhea. This has lasted about a week.",intestinal disease,Gastrointestinal
"Patient reports skin rash, peripheral edema, hand or finger swelling, skin lesion, hand or finger pain, skin swelling and leg pain. It got worse overnight.",pyogenic skin infection,Dermatological
"Patient reports rectal bleeding, burning abdominal pain, swollen lymph nodes, blood in stool, sharp abdominal pain and diarrhea.",ulcerative colitis,Gastrointestinal
"My main problems are cramps and spasms, sharp abdominal pain, spotting or bleeding during pregnancy, uterine contractions, blood clots during menstrual periods, intermenstrual bleeding, problems during pregnancy and pelvic pain. It started two days ago.",spontaneous abortion,Musculoskeletal/Other
The symptoms are vomiting and chills. It comes and goes.,noninfectious gastroenteritis,Febrile/Systemic
"For the past few days I've had headache, cough, feeling ill and nasal congestion.",mononucleosis,Febrile/Systemic
"Complaining of skin lesion, irregular appearing scalp, itchy scalp and skin moles.",psoriasis,Dermatological
"The symptoms are nausea, chills, fluid retention, fever, headache, rectal bleeding, burning abdominal pain and vomiting.",noninfectious gastroenteritis,Febrile/Systemic
"I feel unwell, with sharp abdominal pain, vomiting, suprapubic pain, feeling ill, weakness and sleepiness. It got worse overnight.",sepsis,Febrile/Systemic
"Lately I keep having painful sinuses, sinus congestion, ear pain, sore throat and congestion in chest.",chronic sinusitis,Respiratory
"My main problems are chills, vomiting, headache, ache all over, lower abdominal pain and ear pain.",strep throat,Musculoskeletal/Other
"I have skin swelling, sore in nose, fever, mouth ulcer, nasal congestion, itching of skin and abnormal appearing skin. It started two days ago.",impetigo,Dermatological
"I came in because of suprapubic pain, shortness of breath, cough, weakness, vomiting and sharp abdominal pain.",sepsis,Febrile/Systemic
"Patient reports abnormal appearing skin, swollen lymph nodes, skin lesion, skin growth and irregular appearing scalp.",melanoma,Dermatological
"Since yesterday I've noticed itchiness of eye, sore throat, lacrimation and allergic reaction. It got worse overnight.",seasonal allergies (hay fever),Febrile/Systemic
"I feel unwell, with symptoms of eye, abnormal movement of eyelid and eye redness.",dry eye of unknown cause,Musculoskeletal/Other
"I came in because of sore throat, cough, fever and weakness. It comes and goes.",pneumonia,Respiratory
"I've been experiencing weakness, sharp abdominal pain, depressive or psychotic symptoms and nausea and I'm worried. It comes and goes.",diabetic ketoacidosis,Musculoskeletal/Other
"Complaining of blood in stool, fluid retention, chills, flu-like syndrome, nausea, diarrhea and vomiting.",infectious gastroenteritis,Febrile/Systemic
"The symptoms are blood in stool, fever, nausea, burning abdominal pain, chills, rectal bleeding and fluid retention.",noninfectious gastroenteritis,Febrile/Systemic
"For the past few days I've had shortness of breath, weakness, fever, difficulty breathing and wheezing.",pneumonia,Respiratory
"My main problems are sharp abdominal pain, regurgitation.1, vomiting, side pain, nausea, upper abdominal pain, lower body pain and stomach bloating. It began this morning.",cholecystitis,Gastrointestinal
"I came in because of diarrhea, decreased appetite, side pain, nausea and heavy menstrual flow. It got worse overnight.",appendicitis,Gastrointestinal
"My main problems are skin dryness, peeling, scaliness, or roughness, lip swelling, skin moles, irregular appearing scalp, skin swelling, skin irritation, skin growth and warts. It got worse overnight.",skin cancer,Dermatological
"Patient reports burning abdominal pain, rectal bleeding, pain of the anus, diarrhea, melena, constipation and blood in stool.",rectal disorder,Gastrointestinal
"For the past few days I've had skin rash, mouth ulcer, fever and abnormal appearing skin.",impetigo,Dermatological
"I feel unwell, with nausea, vomiting, fainting, back pain, sharp chest pain, seizures and sharp abdominal pain. It comes and goes.",hyponatremia,Musculoskeletal/Other
"I feel unwell, with vomiting, burning abdominal pain and decreased appetite. It started two days ago.",infectious gastroenteritis,Febrile/Systemic
"Patient reports itching of skin, abnormal appearing skin, skin rash, irregular appearing scalp, symptoms of the face, skin irritation, skin lesion and skin moles.",actinic keratosis,Dermatological
"I've been experiencing vomiting, cough, coryza and sore throat and I'm worried. It comes and goes.",otitis media,Musculoskeletal/Other
"Lately I keep having regurgitation.1, vomiting blood, sharp abdominal pain, back pain, difficulty in swallowing, dizziness and regurgitation.",hiatal hernia,Gastrointestinal
"I've been experiencing swollen eye, symptoms of eye, cough, pain in eye, nasal congestion, sneezing, eye redness and diminished vision and I'm worried. It got worse overnight.",conjunctivitis due to allergy,Musculoskeletal/Other
"Lately I keep having hoarse voice, wheezing, nasal congestion, abnormal breathing sounds, vomiting and fever. It started two days ago.",croup,Respiratory
"Lately I keep having sharp abdominal pain, hurts to breath, difficulty breathing and weakness.",pleural effusion,Respiratory
"Complaining of skin rash, mouth ulcer, itching of skin, abnormal appearing skin, cough, nasal congestion and sore in nose.",impetigo,Dermatological
"For the past few days I've had sleepiness, difficulty in swallowing, abnormal involuntary movements, abnormal breathing sounds, insomnia, sweating and difficulty breathing.",obstructive sleep apnea (osa),Respiratory
"I have nasal congestion, cough, leg swelling, fever and decreased heart rate. It began this morning.",pulmonary congestion,Respiratory
"I have abnormal appearing skin, itching of skin, skin swelling, irregular appearing scalp, warts, skin irritation and palpitations. This has lasted about a week.",skin polyp,Dermatological
"I came in because of skin rash, sore throat, fever, feeling ill, cough, swollen lymph nodes and skin on leg or foot looks infected.",mononucleosis,Febrile/Systemic
"My main problems are skin lesion, warts, skin irritation, cough, skin swelling, allergic reaction and skin dryness, peeling, scaliness, or roughness. This has lasted about a week.",eczema,Dermatological
"I have vomiting, burning abdominal pain, abusing alcohol, side pain, upper abdominal pain, lower body pain and hemoptysis.",acute pancreatitis,Gastrointestinal
"I came in because of hostile behavior, temper problems, abusing alcohol, depressive or psychotic symptoms, delusions or hallucinations, drug abuse, excessive anger and disturbance of memory.",depression,Musculoskeletal/Other
"The symptoms are pain in eye, skin moles, skin lesion, skin growth, skin swelling, lip swelling, warts and acne or pimples. It comes and goes.",viral warts,Dermatological
"I came in because of headache, itching of skin, back pain, sharp chest pain, pain in eye and abnormal appearing skin. It got worse overnight.",shingles (herpes zoster),Dermatological
"I've been experiencing itching of skin, skin growth, joint pain, skin rash, skin lesion, skin moles and skin dryness, peeling, scaliness, or roughness and I'm worried.",psoriasis,Dermatological
"I have skin lesion, skin growth, irregular appearing scalp, acne or pimples, skin swelling and skin irritation. It began this morning.",skin disorder,Dermatological
"Patient reports lacrimation, itchiness of eye, sore throat, nasal congestion and frontal headache.",seasonal allergies (hay fever),Febrile/Systemic
"The symptoms are neck pain, dizziness, chest tightness, nausea, sleepiness, headache, back pain, difficulty speaking and vomiting. It started two days ago.",concussion,Musculoskeletal/Other
"Chief complaint: back pain, hip pain, arm weakness, paresthesia, leg weakness, leg pain, cough and low back pain. It comes and goes.",herniated disk,Gastrointestinal
"My main problems are fainting, chest tightness, increased heart rate, dizziness, sharp chest pain and fatigue. It started two days ago.",paroxysmal ventricular tachycardia,Musculoskeletal/Other
"Complaining of blood in stool, burning abdominal pain, flu-like syndrome, decreased appetite, fever, sneezing, fluid retention and nausea. It started two days ago.",infectious gastroenteritis,Febrile/Systemic
"Chief complaint: suprapubic pain, blood in urine, shortness of breath, symptoms of bladder, sharp abdominal pain and involuntary urination. It comes and goes.",bladder disorder,Musculoskeletal/Other
"Lately I keep having back pain, difficulty speaking, sleepiness and nausea.",concussion,Musculoskeletal/Other
"I have skin moles, skin lesion, skin irritation, warts, skin growth and skin rash.",seborrheic keratosis,Dermatological
"I feel unwell, with nasal congestion, cough, frontal headache, sneezing, headache and sore throat.",seasonal allergies (hay fever),Febrile/Systemic
"I came in because of abnormal involuntary movements, mouth dryness, sweating, fatigue, abnormal breathing sounds and difficulty breathing. It began this morning.",obstructive sleep apnea (osa),Respiratory
"My main problems are lip swelling, skin swelling, facial pain, neck swelling and toothache. It got worse overnight.",tooth abscess,Dermatological
"Complaining of skin irritation, skin swelling, skin rash, abnormal appearing skin, acne or pimples and itching of skin. It started two days ago.",contact dermatitis,Dermatological
"Lately I keep having back pain, vomiting, frequent urination, blood in urine and sharp abdominal pain. It comes and goes.",pyelonephritis,Musculoskeletal/Other
"I have sharp chest pain, wheezing, difficulty breathing and weakness. It comes and goes.",pneumonia,Respiratory
"For the past few days I've had feeling ill, cough, shortness of breath, decreased appetite, vomiting, sharp abdominal pain, difficulty breathing, fever and problems with movement. It began this morning.",sepsis,Febrile/Systemic
"I have coryza, sinus congestion, nasal congestion, ear pain, fever, facial pain and coughing up sputum.",acute sinusitis,Respiratory
"Patient reports headache, nasal congestion, allergic reaction, frontal headache, cough, sneezing and sore throat. It comes and goes.",seasonal allergies (hay fever),Febrile/Systemic
"I feel unwell, with wrist pain, elbow pain, shoulder pain and arm stiffness or tightness. It started two days ago.",fracture of the arm,Musculoskeletal/Other
"I feel unwell, with abnormal appearing skin, leg pain, foot or toe pain, peripheral edema, skin swelling, skin rash and skin lesion.",pyogenic skin infection,Dermatological
"Patient reports loss of sensation, leg weakness, paresthesia, arm weakness, disturbance of memory and dizziness.",peripheral nerve disorder,Musculoskeletal/Other
"Patient reports depression, insomnia, unpredictable menstruation and drug abuse. It comes and goes.",poisoning due to sedatives,Musculoskeletal/Other
"Patient reports lower abdominal pain, nausea, retention of urine, rectal bleeding and blood in stool. It got worse overnight.",chronic constipation,Gastrointestinal
"Complaining of ache all over, upper abdominal pain, symptoms of the scrotum and testes, groin mass, itchy eyelid and swollen abdomen. It got worse overnight.",abdominal hernia,Gastrointestinal
"Chief complaint: sharp abdominal pain, blood in stool, constipation, heartburn, lower body pain, changes in stool appearance, melena and pain of the anus.",hemorrhoids,Gastrointestinal
"The symptoms are pain of the anus, lower abdominal pain and diarrhea.",ileus,Gastrointestinal
"Lately I keep having mouth ulcer, lip swelling, gum pain, bleeding gums, jaw swelling and fever. It began this morning.",gum disease,Musculoskeletal/Other
"I feel unwell, with difficulty breathing, cough, wheezing, fever, sore throat, sharp chest pain and shortness of breath. It started two days ago.",acute bronchitis,Respiratory
"The symptoms are pelvic pain, infertility, sharp abdominal pain, lower abdominal pain, intermenstrual bleeding, unpredictable menstruation, heavy menstrual flow and cramps and spasms.",idiopathic irregular menstrual cycle,Musculoskeletal/Other
"My main problems are upper abdominal pain, chest tightness, sore throat, heartburn, difficulty in swallowing, shortness of breath, nausea and burning abdominal pain.",esophagitis,Gastrointestinal
"Complaining of back pain, loss of sensation, ache all over, arm pain, neck pain, headache and leg pain. This has lasted about a week.",neuralgia,Musculoskeletal/Other
"Patient reports sweating, side pain, leg swelling, chest tightness, shortness of breath and hemoptysis.",pulmonary embolism,Respiratory
"Since yesterday I've noticed irritable infant, hurts to breath, pulling at ears, nasal congestion, wheezing and fever. This has lasted about a week.",acute bronchiolitis,Respiratory
"Since yesterday I've noticed vomiting, sharp abdominal pain, dizziness, kidney mass, peripheral edema, nausea, shortness of breath and retention of urine. It comes and goes.",acute kidney injury,Musculoskeletal/Other
"Chief complaint: sharp abdominal pain, rectal bleeding, blood in stool, heartburn and constipation. It began this morning.",rectal disorder,Gastrointestinal
"I came in because of side pain, weakness, peripheral edema, jaundice, shortness of breath, diarrhea, blood in stool and heartburn. It started two days ago.",liver disease,Gastrointestinal
"My main problems are toothache, gum pain, pain in gums, jaw swelling, lip swelling and peripheral edema.",tooth abscess,Dermatological
"My main problems are cough, headache, allergic reaction, lacrimation, coryza and frontal headache.",seasonal allergies (hay fever),Febrile/Systemic
"My main problems are abnormal breathing sounds, nasal congestion, sleepiness, sore throat and irregular heartbeat.",interstitial lung disease,Respiratory
"For the past few days I've had allergic reaction, hoarse voice, headache and painful sinuses. It began this morning.",nasal polyp,Respiratory
"For the past few days I've had skin lesion, irregular appearing scalp, lip swelling, skin growth, warts, abnormal appearing skin and skin dryness, peeling, scaliness, or roughness. It got worse overnight.",skin cancer,Dermatological
"Complaining of chest tightness, burning abdominal pain, sharp chest pain, heartburn, shortness of breath, vomiting and upper abdominal pain. It comes and goes.",esophagitis,Gastrointestinal
"I feel unwell, with chills, sore throat and fever.",pneumonia,Respiratory
"The symptoms are hemoptysis, shortness of breath, difficulty breathing, palpitations and apnea.",pulmonary hypertension,Respiratory
"My main problems are shoulder pain, loss of sensation, back pain and elbow pain. This has lasted about a week.",brachial neuritis,Musculoskeletal/Other
"Patient reports loss of sensation, arm pain, foot or toe pain, neck pain, paresthesia, low back pain and back pain. It got worse overnight.",complex regional pain syndrome,Musculoskeletal/Other
"The symptoms are heavy menstrual flow, symptoms of eye, abnormal appearing skin, acne or pimples, skin lesion and skin moles. It began this morning.",rosacea,Dermatological
"I have chest tightness, sharp chest pain, shortness of breath, nausea, sore throat, difficulty in swallowing and vomiting. It comes and goes.",esophagitis,Gastrointestinal
"Complaining of frontal headache, cough, fever and nasal congestion.",acute sinusitis,Respiratory
"Since yesterday I've noticed vomiting, fever, nausea, sharp abdominal pain and diarrhea.",infectious gastroenteritis,Febrile/Systemic
"Chief complaint: blood in stool, heartburn, mass or swelling around the anus, sharp abdominal pain, constipation, itching of the anus and melena. It comes and goes.",hemorrhoids,Gastrointestinal
"I have loss of sensation, hip pain, leg pain, paresthesia, low back pain, neck pain and shoulder pain.",spinal stenosis,Musculoskeletal/Other
"Patient reports sharp abdominal pain, headache, blood in stool, vomiting, diarrhea and fluid retention. It comes and goes.",noninfectious gastroenteritis,Febrile/Systemic
"I came in because of difficulty breathing, sharp abdominal pain, back pain, shortness of breath, sharp chest pain, hurts to breath, headache and side pain.",pleural effusion,Respiratory
"Lately I keep having lip swelling, skin growth, abnormal appearing skin, skin moles, bumps on penis, skin lesion and warts.",viral warts,Dermatological
"I came in because of diarrhea, sharp abdominal pain, side pain, jaundice, unusual color or odor to urine, heartburn and upper abdominal pain. It comes and goes.",liver disease,Gastrointestinal
"Since yesterday I've noticed fever, flu-like syndrome, decreased appetite and chills. It started two days ago.",infectious gastroenteritis,Febrile/Systemic
"The symptoms are skin growth, bones are painful, ache all over and irregular appearing scalp.",pilonidal cyst,Musculoskeletal/Other
Lately I keep having dizziness and paresthesia.,pulmonary eosinophilia,Respiratory
"Chief complaint: sore throat, coryza, nausea, headache, chills and ache all over.",flu,Respiratory
"Lately I keep having pelvic pain, low back pain, leg pain, groin pain and joint pain. It got worse overnight.",arthritis of the hip,Musculoskeletal/Other
"I came in because of back pain, side pain, sharp abdominal pain, cough, nausea, burning abdominal pain and upper abdominal pain. It comes and goes.",gallstone,Gastrointestinal
"Since yesterday I've noticed knee pain, lower body pain, low back pain, loss of sensation, shoulder pain and neck pain. It started two days ago.",spondylosis,Musculoskeletal/Other
"Complaining of insomnia, sharp chest pain and recent pregnancy. It got worse overnight.",hypertensive heart disease,Musculoskeletal/Other
"The symptoms are symptoms of the face, abnormal appearing skin, hip pain, headache, fatigue and fever. This has lasted about a week.",lyme disease,Febrile/Systemic
"Chief complaint: skin swelling, symptoms of the face, irregular appearing scalp, abnormal appearing skin, skin dryness, peeling, scaliness, or roughness, skin moles, skin rash and skin irritation.",actinic keratosis,Dermatological
"Since yesterday I've noticed vomiting, melena, rectal bleeding, blood in stool and upper abdominal pain. It began this morning.",diverticulosis,Gastrointestinal
"For the past few days I've had skin lesion, pain in eye, headache, abnormal appearing skin, back pain, skin rash, sharp chest pain and itching of skin.",shingles (herpes zoster),Dermatological
"I have sharp abdominal pain, changes in stool appearance, blood in stool, vomiting blood and diarrhea.",gastrointestinal hemorrhage,Gastrointestinal
"I've been experiencing palpitations, sharp chest pain, involuntary urination and chest tightness and I'm worried. It began this morning.",paroxysmal supraventricular tachycardia,Musculoskeletal/Other
"I feel unwell, with skin lesion, skin swelling, acne or pimples, skin moles, skin growth, warts, abnormal appearing skin and irregular appearing scalp. It got worse overnight.",skin polyp,Dermatological
"Lately I keep having flatulence, diarrhea, anxiety and nervousness, sharp abdominal pain, lower abdominal pain and burning abdominal pain.",irritable bowel syndrome,Gastrointestinal
"The symptoms are abnormal appearing skin, skin growth, skin dryness, peeling, scaliness, or roughness and skin on leg or foot looks infected.",onychomycosis,Musculoskeletal/Other
"For the past few days I've had weakness, fever and difficulty breathing.",pneumonia,Respiratory
"Lately I keep having side pain, low back pain, back stiffness or tightness, neck pain, leg pain, groin pain and back cramps or spasms. This has lasted about a week.",chronic back pain,Musculoskeletal/Other
"For the past few days I've had too little hair, skin growth, irregular appearing scalp, itching of skin and feeling ill. It began this morning.",alopecia,Dermatological
"Chief complaint: decreased appetite, feeling ill, fever, shortness of breath, sharp abdominal pain and vomiting. It got worse overnight.",sepsis,Febrile/Systemic
"The symptoms are melena, itching of the anus, pain of the anus, lower body pain, rectal bleeding and constipation. It started two days ago.",hemorrhoids,Gastrointestinal
"Patient reports leg pain, sweating, shortness of breath, sharp chest pain and seizures.",pulmonary embolism,Respiratory
"I have symptoms of bladder, frequent urination, lower abdominal pain, suprapubic pain, involuntary urination, back pain, side pain and sharp abdominal pain.",cystitis,Musculoskeletal/Other
"Chief complaint: blood in stool, fever, diarrhea, diaper rash, cough and nasal congestion.",diaper rash,Dermatological
"Since yesterday I've noticed irregular appearing scalp, skin rash, acne or pimples, skin dryness, peeling, scaliness, or roughness and itching of skin. It started two days ago.",fungal infection of the skin,Dermatological
"I have skin lesion, skin rash, too little hair, symptoms of the face and abnormal appearing skin. It comes and goes.",seborrheic dermatitis,Dermatological
"Patient reports sweating, difficulty breathing, shortness of breath, chest tightness, cough and leg pain.",pulmonary embolism,Respiratory
"I have mass or swelling around the anus, lower body pain, sharp abdominal pain, changes in stool appearance, heartburn, constipation, blood in stool and melena. It started two days ago.",hemorrhoids,Gastrointestinal
"Patient reports itchiness of eye, cough, headache, sneezing, nasal congestion, ear pain, allergic reaction and frontal headache.",seasonal allergies (hay fever),Febrile/Systemic
"For the past few days I've had regurgitation.1, symptoms of the scrotum and testes, irregular belly button, depression, sharp abdominal pain, swollen abdomen, regurgitation and groin mass. It started two days ago.",abdominal hernia,Gastrointestinal
"The symptoms are low back pain, leg pain, nausea, lower abdominal pain, neck pain, vomiting and sharp abdominal pain.",pain after an operation,Musculoskeletal/Other
"Since yesterday I've noticed back pain, low back pain, leg pain, headache and abnormal involuntary movements.",muscle spasm,Musculoskeletal/Other
"Lately I keep having sharp chest pain, sharp abdominal pain, abusing alcohol, nausea, side pain and burning abdominal pain. It began this morning.",acute pancreatitis,Gastrointestinal
"Patient reports headache, facial pain, painful sinuses, nasal congestion, fever and difficulty breathing. This has lasted about a week.",nose disorder,Musculoskeletal/Other
"Complaining of lower abdominal pain, vaginal itching, vaginal redness, vaginal discharge, sharp abdominal pain and suprapubic pain.",vaginitis,Musculoskeletal/Other
"Patient reports leg swelling, chest tightness, cough, weakness, sweating and shortness of breath. This has lasted about a week.",pulmonary embolism,Respiratory
"I feel unwell, with blood in stool, flu-like syndrome, fever, sharp abdominal pain, decreased appetite and headache. This has lasted about a week.",infectious gastroenteritis,Febrile/Systemic
"I feel unwell, with sore throat, headache, skin rash and cough. It got worse overnight.",mononucleosis,Febrile/Systemic
"Patient reports blood in stool, flu-like syndrome, sharp abdominal pain and burning abdominal pain. It began this morning.",infectious gastroenteritis,Febrile/Systemic
Complaining of vomiting and difficulty breathing. It started two days ago.,acute bronchospasm,Respiratory
"Patient reports sore in nose, fever, mouth ulcer, diarrhea, itching of skin, skin swelling, abnormal appearing skin and skin lesion.",impetigo,Dermatological
"My main problems are symptoms of eye, lacrimation, pain in eye, itching of skin, eyelid swelling and eye redness.",chalazion,Musculoskeletal/Other
"Chief complaint: fainting, melena, nausea, rectal bleeding, blood in stool, changes in stool appearance and dizziness.",gastrointestinal hemorrhage,Gastrointestinal
"I have rib pain, vaginal redness, shortness of breath, hip pain, bones are painful, hurts to breath, shoulder pain, sharp chest pain and back pain. This has lasted about a week.",fracture of the rib,Musculoskeletal/Other
"I've been experiencing painful sinuses, sore throat, nasal congestion, abnormal breathing sounds, facial pain and allergic reaction and I'm worried.",deviated nasal septum,Respiratory
"Chief complaint: hemoptysis, excessive anger, sharp chest pain, smoking problems, cough and headache.",smoking or tobacco addiction,Musculoskeletal/Other
"Lately I keep having unusual color or odor to urine, diarrhea, upper abdominal pain, heartburn, nausea, jaundice and weakness. It got worse overnight.",liver disease,Gastrointestinal
"Chief complaint: skin dryness, peeling, scaliness, or roughness, warts, acne or pimples, skin irritation, skin growth, skin lesion and irregular appearing scalp. This has lasted about a week.",skin polyp,Dermatological
"For the past few days I've had sleepiness, mouth dryness, difficulty in swallowing, abnormal involuntary movements and apnea.",obstructive sleep apnea (osa),Respiratory
"Chief complaint: skin irritation, neck swelling, toothache, jaw swelling, restlessness and facial pain.",dental caries,Musculoskeletal/Other
"For the past few days I've had symptoms of the face, symptoms of eye, abnormal involuntary movements, loss of sensation, facial pain, diminished vision and peripheral edema. It got worse overnight.",bell palsy,Musculoskeletal/Other
"Since yesterday I've noticed diarrhea, diaper rash, temper problems, blood in stool, pulling at ears and nasal congestion. It began this morning.",diaper rash,Dermatological
"I have palpitations, side pain, shortness of breath, throat feels tight and dizziness. It got worse overnight.",chronic rheumatic fever,Febrile/Systemic
"For the past few days I've had emotional symptoms, cough, sharp chest pain and shortness of breath. It comes and goes.",emphysema,Respiratory
"Lately I keep having skin growth, skin moles, stomach bloating, lip swelling, skin lesion, warts and bumps on penis.",viral warts,Dermatological
"I came in because of headache, flu-like syndrome, nausea, burning abdominal pain and decreased appetite. It comes and goes.",infectious gastroenteritis,Febrile/Systemic
"I came in because of sharp chest pain, sharp abdominal pain, burning abdominal pain and upper abdominal pain. It began this morning.",gastroparesis,Gastrointestinal
"Since yesterday I've noticed warts, acne or pimples, skin irritation, abnormal appearing skin, skin swelling and skin moles. It began this morning.",skin polyp,Dermatological
"The symptoms are vomiting blood, weakness, fainting, vomiting, dizziness, changes in stool appearance, rectal bleeding and melena. It got worse overnight.",gastrointestinal hemorrhage,Gastrointestinal
"For the past few days I've had lower body pain, rectal bleeding, changes in stool appearance, itching of the anus, heartburn and sharp abdominal pain. This has lasted about a week.",hemorrhoids,Gastrointestinal
"For the past few days I've had wheezing, shortness of breath, pulling at ears, irritable infant, vomiting, decreased appetite, coryza and hurts to breath. It got worse overnight.",acute bronchiolitis,Respiratory
"For the past few days I've had knee pain, ankle pain, leg pain, decreased appetite, hip pain, wrist pain, hand or finger swelling, hand or finger pain and foot or toe pain. It got worse overnight.",tendinitis,Musculoskeletal/Other
"I've been experiencing blood in stool, regurgitation, peripheral edema, coughing up sputum and regurgitation.1 and I'm worried. This has lasted about a week.",cirrhosis,Gastrointestinal
"For the past few days I've had feeling ill, symptoms of prostate, decreased appetite, vomiting and suprapubic pain. It comes and goes.",sepsis,Febrile/Systemic
"I came in because of flu-like syndrome, headache, cough, coryza, wheezing, ear pain and sore throat. It got worse overnight.",common cold,Respiratory
"Complaining of difficulty in swallowing, sore throat, sharp chest pain, shortness of breath, nausea, cough and heartburn. It comes and goes.",esophagitis,Gastrointestinal
"For the past few days I've had burning abdominal pain, lower abdominal pain, nausea and decreased appetite.",appendicitis,Gastrointestinal
"I've been experiencing facial pain, mouth pain, skin swelling, pain in gums, jaw swelling and neck swelling and I'm worried. It started two days ago.",tooth abscess,Dermatological
"For the past few days I've had plugged feeling in ear, abnormal breathing sounds, ringing in ear, nasal congestion, diminished hearing and sore throat.",eustachian tube dysfunction (ear disorder),Musculoskeletal/Other
"I came in because of groin pain, itchy ear(s), back cramps or spasms, hip pain, back pain, back stiffness or tightness and neck pain. It began this morning.",chronic back pain,Musculoskeletal/Other
"My main problems are skin irritation, skin moles, skin lesion, lip swelling, irregular appearing scalp and skin swelling. It got worse overnight.",skin cancer,Dermatological
Lately I keep having sharp abdominal pain and fluid retention. This has lasted about a week.,noninfectious gastroenteritis,Febrile/Systemic
"The symptoms are fears and phobias, drug abuse, excessive anger, low self-esteem, anxiety and nervousness, temper problems, insomnia and depressive or psychotic symptoms. This has lasted about a week.",personality disorder,Musculoskeletal/Other
"I feel unwell, with fever, tongue lesions, constipation, sore throat and irritable infant. It got worse overnight.",oral thrush (yeast infection),Musculoskeletal/Other
"Chief complaint: skin lesion, skin growth, skin rash, skin moles and acne or pimples. It got worse overnight.",skin pigmentation disorder,Dermatological
"Since yesterday I've noticed blood in stool, decreased appetite, vomiting, burning abdominal pain and rectal bleeding.",noninfectious gastroenteritis,Febrile/Systemic
"For the past few days I've had nasal congestion, cough, chest tightness and congestion in chest.",chronic obstructive pulmonary disease (copd),Respiratory
"Complaining of flu-like syndrome, nausea, vomiting, headache, burning abdominal pain and sore throat. It got worse overnight.",infectious gastroenteritis,Febrile/Systemic
"Patient reports symptoms of bladder, painful urination and symptoms of the scrotum and testes.",urethral stricture,Musculoskeletal/Other
"Complaining of difficulty speaking, rib pain, dizziness, vomiting and double vision.",concussion,Musculoskeletal/Other
"Since yesterday I've noticed vomiting, sharp abdominal pain, blood in stool, heartburn, upper abdominal pain and changes in stool appearance. This has lasted about a week.",gastroduodenal ulcer,Gastrointestinal
"The symptoms are nausea, rectal bleeding, burning abdominal pain, headache and fluid retention.",noninfectious gastroenteritis,Febrile/Systemic
"My main problems are coughing up sputum, excessive anger, smoking problems, cough, shortness of breath, abusing alcohol, hurts to breath and drug abuse. It began this morning.",smoking or tobacco addiction,Musculoskeletal/Other
"Chief complaint: vaginal pain, pain during pregnancy, intermenstrual bleeding, cramps and spasms, pelvic pain, blood clots during menstrual periods, spotting or bleeding during pregnancy and lower abdominal pain.",vaginal cyst,Musculoskeletal/Other
"I feel unwell, with sharp abdominal pain, vomiting, swollen lymph nodes and lower abdominal pain. It comes and goes.",ulcerative colitis,Gastrointestinal
"I've been experiencing hand or finger pain, skin growth, leg pain, wrist swelling and knee lump or mass and I'm worried.",ganglion cyst,Musculoskeletal/Other
Since yesterday I've noticed sharp abdominal pain and pain of the anus. It got worse overnight.,colonic polyp,Gastrointestinal
"Chief complaint: blood in urine, vaginal itching, painful urination, vaginal discharge, suprapubic pain and involuntary urination. It started two days ago.",atrophic vaginitis,Musculoskeletal/Other
"For the past few days I've had pain in eye, difficulty breathing, vomiting, coryza, shortness of breath, sharp chest pain and nasal congestion.",acute bronchospasm,Respiratory
"Patient reports weakness, difficulty breathing, shortness of breath, cough, chills, vomiting and fever.",sepsis,Febrile/Systemic
"I feel unwell, with difficulty breathing, coughing up sputum, sore throat, sharp chest pain, congestion in chest and headache. This has lasted about a week.",acute bronchitis,Respiratory
"I came in because of irregular appearing scalp, neck mass, skin moles, skin lesion, acne or pimples and back mass or lump.",sebaceous cyst,Musculoskeletal/Other
"I came in because of heartburn, itching of the anus, constipation, mass or swelling around the anus, rectal bleeding and sharp abdominal pain. It got worse overnight.",hemorrhoids,Gastrointestinal
"I have sharp abdominal pain, changes in stool appearance, vomiting blood, vomiting and sharp chest pain. It got worse overnight.",gastroduodenal ulcer,Gastrointestinal
"Patient reports sharp abdominal pain, vomiting, burning abdominal pain, nausea, side pain, lower body pain and abusing alcohol. It started two days ago.",acute pancreatitis,Gastrointestinal
"Chief complaint: irregular appearing scalp, disturbance of memory, eye burns or stings, hostile behavior and depression. It comes and goes.",alzheimer disease,Musculoskeletal/Other
"My main problems are abnormal appearing skin, skin rash, skin lesion, foot or toe pain, fever, leg swelling and leg pain. It started two days ago.",pyogenic skin infection,Dermatological
"Complaining of vomiting, diarrhea, headache and fever. It comes and goes.",gastritis,Gastrointestinal
"I have decreased appetite, fever, cough, shortness of breath, sharp abdominal pain, difficulty breathing and vomiting.",sepsis,Febrile/Systemic
"Complaining of side pain, lower abdominal pain, shortness of breath, chest tightness, cough and leg pain. It comes and goes.",pulmonary embolism,Respiratory
"I have blood in stool, diarrhea, burning abdominal pain, vomiting, flu-like syndrome, chills and decreased appetite. It began this morning.",infectious gastroenteritis,Febrile/Systemic
"Patient reports shortness of breath, sharp chest pain and dizziness. This has lasted about a week.",atelectasis,Musculoskeletal/Other
"Complaining of itching of skin, skin dryness, peeling, scaliness, or roughness, abnormal appearing skin, toothache and skin swelling.",psoriasis,Dermatological
"Lately I keep having coughing up sputum, nasal congestion, wheezing, headache, sharp chest pain, difficulty breathing, cough and coryza. It got worse overnight.",acute bronchitis,Respiratory
"Lately I keep having difficulty breathing, muscle pain, cough, sharp abdominal pain, shortness of breath and vomiting. It began this morning.",sepsis,Febrile/Systemic
"For the past few days I've had lacrimation, itchiness of eye, nasal congestion, coryza, ear pain, sore throat, headache and allergic reaction. This has lasted about a week.",seasonal allergies (hay fever),Febrile/Systemic
"My main problems are lower abdominal pain, sharp abdominal pain, intermenstrual bleeding, pain during pregnancy, problems during pregnancy and spotting or bleeding during pregnancy. It comes and goes.",uterine atony,Musculoskeletal/Other
"Complaining of decreased appetite, loss of sensation, flu-like syndrome, fluid retention, nausea and sharp abdominal pain.",infectious gastroenteritis,Febrile/Systemic
"I have rectal bleeding, sharp abdominal pain, diarrhea, dizziness, blood in stool and weakness. This has lasted about a week.",gastrointestinal hemorrhage,Gastrointestinal
"Complaining of joint pain, elbow pain and loss of sensation. This has lasted about a week.",lateral epicondylitis (tennis elbow),Musculoskeletal/Other
"I feel unwell, with decreased appetite and fever.",infectious gastroenteritis,Febrile/Systemic
"Lately I keep having pain in gums, toothache, facial pain, ear pain and peripheral edema.",gum disease,Musculoskeletal/Other
"My main problems are side pain, burning abdominal pain and fever.",diverticulitis,Gastrointestinal
"Lately I keep having fainting, dizziness, changes in stool appearance and sharp abdominal pain. It started two days ago.",gastrointestinal hemorrhage,Gastrointestinal
"Chief complaint: fever, sore throat, irritable infant, vomiting, nasal congestion, cough and sinus congestion. It comes and goes.",abscess of nose,Dermatological
"Chief complaint: skin moles, warts, lip swelling, skin dryness, peeling, scaliness, or roughness, irregular appearing scalp and abnormal appearing skin. It began this morning.",skin cancer,Dermatological
"The symptoms are vomiting, burning abdominal pain, decreased appetite, chills, diarrhea, fever, blood in stool and flu-like syndrome. It began this morning.",infectious gastroenteritis,Febrile/Systemic
"For the past few days I've had difficulty in swallowing, abnormal involuntary movements, weight gain, fatigue, insomnia, apnea and difficulty breathing.",obstructive sleep apnea (osa),Respiratory
"The symptoms are depression, itching of skin, rectal bleeding, feeling ill and vomiting. It started two days ago.",hepatitis due to a toxin,Gastrointestinal
"Since yesterday I've noticed ear pain, coryza, frontal headache, sore throat, fever and sinus congestion.",acute sinusitis,Respiratory
"I feel unwell, with coughing up sputum, fever, sinus congestion, nasal congestion and frontal headache. It comes and goes.",acute sinusitis,Respiratory
"Since yesterday I've noticed problems with movement, paresthesia, loss of sensation, focal weakness, headache and weakness. It got worse overnight.",multiple sclerosis,Musculoskeletal/Other
"Since yesterday I've noticed shoulder pain, lower body pain, low back pain and leg pain.",degenerative disc disease,Musculoskeletal/Other
"Chief complaint: upper abdominal pain, chest tightness and burning abdominal pain. It comes and goes.",esophagitis,Gastrointestinal
"I have nasal congestion, fever, shortness of breath, wheezing and hoarse voice.",croup,Respiratory
"Patient reports upper abdominal pain, side pain, sharp chest pain, heartburn and sharp abdominal pain. It started two days ago.",gallstone,Gastrointestinal
"Patient reports lower abdominal pain, pain of the anus and nausea. It got worse overnight.",chronic constipation,Gastrointestinal
"I have diarrhea, side pain, lower abdominal pain, decreased appetite, upper abdominal pain and stomach bloating.",appendicitis,Gastrointestinal
"Since yesterday I've noticed diarrhea, nausea, peripheral edema, shortness of breath, jaundice, unusual color or odor to urine, side pain and weakness.",liver disease,Gastrointestinal
"I have difficulty in swallowing, cough, nasal congestion, decreased appetite and vomiting. It comes and goes.",strep throat,Musculoskeletal/Other
"I've been experiencing heartburn, upper abdominal pain and vomiting and I'm worried. It got worse overnight.",esophagitis,Gastrointestinal
"Since yesterday I've noticed nasal congestion, sharp chest pain, difficulty breathing, fever and headache. This has lasted about a week.",acute bronchitis,Respiratory
"The symptoms are lower abdominal pain, depression, heartburn, sharp abdominal pain, nausea and vomiting.",diverticulosis,Gastrointestinal
"I have itchiness of eye, frontal headache, sore throat, nasal congestion, sneezing, ear pain and allergic reaction. It started two days ago.",seasonal allergies (hay fever),Febrile/Systemic
"Since yesterday I've noticed back pain, burning abdominal pain, nausea, sharp chest pain, vomiting, diarrhea, hemoptysis and upper abdominal pain. It began this morning.",acute pancreatitis,Gastrointestinal
"Lately I keep having arm pain, elbow pain, low back pain, paresthesia, neck pain, loss of sensation and headache. This has lasted about a week.",brachial neuritis,Musculoskeletal/Other
"Since yesterday I've noticed heartburn, cough, sharp chest pain, nausea, upper abdominal pain, vomiting, difficulty in swallowing and chest tightness.",esophagitis,Gastrointestinal
"Lately I keep having peripheral edema, groin mass, difficulty breathing, fainting and lymphedema.",aortic valve disease,Musculoskeletal/Other
"Lately I keep having sore throat, headache, frontal headache and itchiness of eye. It began this morning.",seasonal allergies (hay fever),Febrile/Systemic
"My main problems are neck swelling, mouth pain, peripheral edema, lip swelling, facial pain, gum pain and skin swelling.",tooth abscess,Dermatological
"The symptoms are abnormal appearing skin, skin lesion, skin growth, itching of skin and skin rash. It comes and goes.",seborrheic keratosis,Dermatological
"Lately I keep having lip swelling, skin irritation, irregular appearing scalp, skin dryness, peeling, scaliness, or roughness, skin moles and skin growth.",skin cancer,Dermatological
"I have burning abdominal pain, diarrhea, regurgitation, rectal bleeding and regurgitation.1.",crohn disease,Gastrointestinal
"I feel unwell, with problems with movement, joint pain, ache all over, groin pain, low back pain, lower body pain and hip stiffness or tightness.",arthritis of the hip,Musculoskeletal/Other
"I came in because of skin lesion, acne or pimples, lip swelling, warts and skin moles. This has lasted about a week.",viral warts,Dermatological
"Chief complaint: skin moles, skin dryness, peeling, scaliness, or roughness, skin swelling, irregular appearing scalp, skin growth, skin lesion and itchy scalp. It comes and goes.",psoriasis,Dermatological
"Lately I keep having difficulty breathing, pulling at ears, coryza, irritable infant and wheezing.",acute bronchiolitis,Respiratory
"The symptoms are hurts to breath, coryza, cough, shortness of breath, nasal congestion, decreased appetite and pulling at ears. This has lasted about a week.",acute bronchiolitis,Respiratory
"I've been experiencing abnormal appearing skin, irregular appearing scalp, allergic reaction, skin swelling, skin irritation, skin lesion, warts and itching of skin and I'm worried.",eczema,Dermatological
"Patient reports lower abdominal pain, sharp abdominal pain, nausea, burning abdominal pain, swollen lymph nodes and rectal bleeding. It started two days ago.",ulcerative colitis,Gastrointestinal
"I came in because of skin rash, foot or toe pain, leg pain, hand or finger pain, leg swelling, foot or toe swelling and peripheral edema.",pyogenic skin infection,Dermatological
"I came in because of abnormal appearing skin, skin growth, warts, irregular appearing scalp, skin dryness, peeling, scaliness, or roughness and itching of skin.",skin pigmentation disorder,Dermatological
"I've been experiencing sharp abdominal pain, decreased appetite, frequent urination, fluid retention, weakness and nausea and I'm worried. It comes and goes.",diabetic ketoacidosis,Musculoskeletal/Other
"I came in because of cough, itching of skin, penis pain, diaper rash, itching of the anus and suprapubic pain.",balanitis,Musculoskeletal/Other
"For the past few days I've had flatulence, penis pain, blood in stool, rectal bleeding, diarrhea and sharp abdominal pain. It started two days ago.",colonic polyp,Gastrointestinal
"I feel unwell, with knee pain, frontal headache, nasal congestion, painful sinuses, coryza, coughing up sputum and sinus congestion. It started two days ago.",acute sinusitis,Respiratory
"Lately I keep having skin dryness, peeling, scaliness, or roughness, itching of skin and knee lump or mass. This has lasted about a week.",molluscum contagiosum,Musculoskeletal/Other
"Complaining of ear pain, fever, cough, nasal congestion, skin irritation, throat feels tight, hoarse voice and difficulty in swallowing.",laryngitis,Respiratory
"Chief complaint: burning abdominal pain, chills, headache, diarrhea and sharp abdominal pain.",infectious gastroenteritis,Febrile/Systemic
"I came in because of fever, headache, fatigue, hip pain and abnormal appearing skin. It comes and goes.",lyme disease,Febrile/Systemic
"For the past few days I've had peripheral edema, weakness, vomiting, sharp chest pain and shortness of breath.",acute kidney injury,Musculoskeletal/Other
"My main problems are sharp abdominal pain, shortness of breath, weakness, peripheral edema, upper abdominal pain, side pain, heartburn and diarrhea. It started two days ago.",liver disease,Gastrointestinal
"For the past few days I've had ear pain, fever, coryza, headache, wheezing, sore throat, cough and flu-like syndrome.",common cold,Respiratory
"I have headache, itchiness of eye, coryza, frontal headache, lacrimation and sore throat.",seasonal allergies (hay fever),Febrile/Systemic
The symptoms are abnormal appearing skin and itchy scalp. It began this morning.,fungal infection of the skin,Dermatological
"Lately I keep having itching of skin, skin swelling, skin moles, itchy scalp, skin growth, joint pain, skin lesion and irregular appearing scalp. It started two days ago.",psoriasis,Dermatological
"For the past few days I've had regurgitation.1, abnormal breathing sounds, cough and apnea. It began this morning.",tonsillar hypertrophy,Respiratory
"Patient reports chills, sore throat, ache all over, diarrhea and headache.",flu,Respiratory
"The symptoms are nasal congestion, vomiting, fever, flu-like syndrome and chills. This has lasted about a week.",common cold,Respiratory
"I've been experiencing bones are painful, shoulder stiffness or tightness, shoulder pain, arm pain and neck pain and I'm worried. It started two days ago.",injury to the shoulder,Musculoskeletal/Other
"Chief complaint: sharp abdominal pain, vomiting, burning abdominal pain and rectal bleeding. This has lasted about a week.",chronic constipation,Gastrointestinal
"The symptoms are nausea, weakness, feeling ill, sleepiness, abnormal involuntary movements, decreased appetite and dizziness. It started two days ago.",hypoglycemia,Musculoskeletal/Other
"I feel unwell, with burning abdominal pain, sharp chest pain, regurgitation.1, regurgitation and cough. It began this morning.",gastroesophageal reflux disease (gerd),Gastrointestinal
"I have sharp chest pain, depression, problems with movement, abnormal involuntary movements, anxiety and nervousness and abusing alcohol. It comes and goes.",alcohol intoxication,Musculoskeletal/Other
"Chief complaint: blood in stool, melena, changes in stool appearance, vomiting blood, diarrhea, nausea, fainting and sharp abdominal pain.",gastrointestinal hemorrhage,Gastrointestinal
"I have allergic reaction, chest tightness, difficulty breathing, fever and shortness of breath.",asthma,Respiratory
"Complaining of sore throat, apnea and painful sinuses.",deviated nasal septum,Respiratory
"For the past few days I've had shoulder pain, back pain, knee pain, fluid retention, pelvic pain and sharp abdominal pain.",chronic pain disorder,Musculoskeletal/Other
"I have fever, difficulty breathing, sore throat, cough, vomiting and chest tightness.",acute bronchospasm,Respiratory
"Complaining of decreased appetite, pulling at ears, coryza, nasal congestion and shortness of breath.",acute bronchiolitis,Respiratory
"Complaining of symptoms of the scrotum and testes, upper abdominal pain, regurgitation, sharp abdominal pain, ache all over, swollen abdomen, lower abdominal pain and regurgitation.1.",abdominal hernia,Gastrointestinal
"I've been experiencing rectal bleeding, nausea, blood in stool and upper abdominal pain and I'm worried.",diverticulosis,Gastrointestinal
"I have abnormal breathing sounds, shortness of breath, nasal congestion, vomiting, hoarse voice and wheezing. It began this morning.",croup,Respiratory
"Chief complaint: coryza, lacrimation, sneezing and nasal congestion.",seasonal allergies (hay fever),Febrile/Systemic
"Patient reports sore throat, cough, nasal congestion and shortness of breath.",chronic obstructive pulmonary disease (copd),Respiratory
"The symptoms are nasal congestion, coryza, shortness of breath, congestion in chest, sharp chest pain, chest tightness and cough. It comes and goes.",chronic obstructive pulmonary disease (copd),Respiratory
The symptoms are problems during pregnancy and cramps and spasms.,problem during pregnancy,Musculoskeletal/Other
"I have shortness of breath, headache, congestion in chest, cough, sharp chest pain, sore throat and coryza. This has lasted about a week.",acute bronchitis,Respiratory
"The symptoms are excessive anger, insomnia, temper problems, depression, hostile behavior, hysterical behavior, fears and phobias, anxiety and nervousness and depressive or psychotic symptoms. It got worse overnight.",schizophrenia,Musculoskeletal/Other
"Complaining of ear pain, redness in ear, itchy ear(s), fluid in ear, sore throat, facial pain and plugged feeling in ear. It began this morning.",otitis externa (swimmer's ear),Musculoskeletal/Other
"Complaining of fever, headache and nausea.",flu,Respiratory
"I've been experiencing weakness, upper abdominal pain, peripheral edema, jaundice, sharp abdominal pain, nausea and unusual color or odor to urine and I'm worried. This has lasted about a week.",liver disease,Gastrointestinal
"Patient reports decreased appetite, headache, fluid retention, nausea, blood in stool, fever, chills and burning abdominal pain. It began this morning.",infectious gastroenteritis,Febrile/Systemic
"Lately I keep having pelvic pain, abnormal appearing skin, skin rash, skin swelling and skin irritation. It comes and goes.",fungal infection of the hair,Dermatological
"I've been experiencing hand or finger pain, skin swelling, leg swelling and peripheral edema and I'm worried.",pyogenic skin infection,Dermatological
"The symptoms are back pain, vomiting, regurgitation.1, sharp chest pain, side pain, lower body pain, upper abdominal pain and burning abdominal pain. It got worse overnight.",cholecystitis,Gastrointestinal
"Since yesterday I've noticed nasal congestion, wheezing, chest tightness, vomiting and fever.",acute bronchospasm,Respiratory
"Complaining of cough, sneezing, frontal headache, lacrimation, headache and sore throat.",seasonal allergies (hay fever),Febrile/Systemic
"Lately I keep having coryza, chills, fever, sharp chest pain, shortness of breath and nasal congestion. This has lasted about a week.",pneumonia,Respiratory
"Chief complaint: heartburn, sharp abdominal pain, peripheral edema, nausea, side pain, weakness, diarrhea and unusual color or odor to urine. It comes and goes.",liver disease,Gastrointestinal
"Patient reports skin rash, abnormal appearing skin, fluid retention, cough, chills, lip swelling and peripheral edema. This has lasted about a week.",allergy,Musculoskeletal/Other
"Patient reports headache, fever, nausea, vomiting, burning abdominal pain and blood in stool.",infectious gastroenteritis,Febrile/Systemic
"I have headache, ache all over, pain in testicles, symptoms of the scrotum and testes, mass in scrotum, swollen abdomen, groin mass and swelling of scrotum.",inguinal hernia,Gastrointestinal
"Chief complaint: pain of the anus, lower abdominal pain, burning abdominal pain, changes in stool appearance and sharp abdominal pain. It started two days ago.",chronic constipation,Gastrointestinal
"Complaining of vomiting, knee pain, chills and headache. This has lasted about a week.",flu,Respiratory
"Complaining of cough, flu-like syndrome, chills, coryza, ear pain, wheezing and sore throat. It began this morning.",common cold,Respiratory
"I've been experiencing diminished hearing, bleeding from ear, redness in ear, fluid in ear and pus draining from ear and I'm worried. It started two days ago.",ear drum damage,Musculoskeletal/Other
"I have headache, rectal bleeding, sharp abdominal pain and fever.",noninfectious gastroenteritis,Febrile/Systemic
"Patient reports skin growth, warts, abnormal appearing skin, skin swelling, acne or pimples, irregular appearing scalp and skin dryness, peeling, scaliness, or roughness. It began this morning.",skin polyp,Dermatological
"For the past few days I've had congestion in chest, shortness of breath, coryza, coughing up sputum and wheezing. It started two days ago.",acute bronchitis,Respiratory
"For the past few days I've had vomiting, fever, burning abdominal pain, upper abdominal pain and lower abdominal pain. It started two days ago.",appendicitis,Gastrointestinal
"Complaining of constipation, retention of urine, vomiting, nausea, rectal bleeding, lower abdominal pain, sharp abdominal pain and pain of the anus.",chronic constipation,Gastrointestinal
"For the past few days I've had burning abdominal pain, lower abdominal pain, anxiety and nervousness, nausea, insomnia and flatulence.",irritable bowel syndrome,Gastrointestinal
"Patient reports rectal bleeding, itching of the anus, sharp abdominal pain, changes in stool appearance, heartburn, blood in stool and melena.",hemorrhoids,Gastrointestinal
"I have blood in stool, headache, decreased appetite, diarrhea, sharp abdominal pain and nausea.",infectious gastroenteritis,Febrile/Systemic
"I have flu-like syndrome, chills, decreased appetite, nausea and fluid retention.",infectious gastroenteritis,Febrile/Systemic
"For the past few days I've had frontal headache, coughing up sputum, sore throat and nasal congestion. It comes and goes.",acute sinusitis,Respiratory
"The symptoms are wheezing, sore throat, fever, shortness of breath, difficulty breathing and sharp chest pain. It got worse overnight.",acute bronchospasm,Respiratory
"My main problems are too little hair, skin lesion, skin swelling, itching of skin, acne or pimples, abnormal appearing skin and skin rash. It began this morning.",fungal infection of the skin,Dermatological
I've been experiencing throat feels tight and dizziness and I'm worried.,chronic rheumatic fever,Febrile/Systemic
"I came in because of cough, leg weakness and smoking problems. It got worse overnight.",lung cancer,Respiratory
"Lately I keep having itching of skin, skin rash, symptoms of the face, skin irritation, skin moles, irregular appearing scalp and abnormal appearing skin.",actinic keratosis,Dermatological
"For the past few days I've had skin dryness, peeling, scaliness, or roughness, skin irritation, itching of skin, skin rash, skin swelling, symptoms of the face and abnormal appearing skin.",actinic keratosis,Dermatological
"I came in because of diarrhea, back pain, vomiting, burning abdominal pain and hemoptysis.",acute pancreatitis,Gastrointestinal
"Chief complaint: lymphedema, skin moles, skin lesion, skin swelling, abnormal appearing skin and itching of skin.",rosacea,Dermatological
"Since yesterday I've noticed hand or finger swelling, leg pain, skin swelling and skin rash. It began this morning.",pyogenic skin infection,Dermatological
"Since yesterday I've noticed fluid in ear, irregular appearing nails, ringing in ear, plugged feeling in ear and sore throat.",otitis externa (swimmer's ear),Musculoskeletal/Other
"My main problems are involuntary urination, impotence, loss of sex drive, pain during intercourse, fatigue and premature ejaculation.",psychosexual disorder,Musculoskeletal/Other
"Since yesterday I've noticed lacrimation, eye redness, swollen eye, sore throat, cough and white discharge from eye. It got worse overnight.",conjunctivitis,Musculoskeletal/Other
"I've been experiencing sore throat, cough, coryza, sharp chest pain and nasal congestion and I'm worried. It comes and goes.",acute bronchitis,Respiratory
"Complaining of rectal bleeding, sharp abdominal pain, fever, chills and burning abdominal pain.",noninfectious gastroenteritis,Febrile/Systemic
"Complaining of diarrhea, rectal bleeding, decreased appetite, sharp abdominal pain, vomiting, fluid retention and headache.",noninfectious gastroenteritis,Febrile/Systemic
"Complaining of dizziness, fatigue, heavy menstrual flow, heartburn, intermenstrual bleeding and rectal bleeding. It comes and goes.",iron deficiency anemia,Musculoskeletal/Other
"Chief complaint: abnormal appearing skin, irregular appearing scalp, vaginal itching, skin rash, itchy scalp, skin moles, skin lesion, skin growth and itching of skin. It comes and goes.",psoriasis,Dermatological
"Lately I keep having fever, upper abdominal pain, nausea, constipation, burning abdominal pain and lower abdominal pain. It comes and goes.",diverticulitis,Gastrointestinal
Lately I keep having abusing alcohol and hostile behavior.,drug abuse (methamphetamine),Musculoskeletal/Other
"Since yesterday I've noticed plugged feeling in ear, fever, fluid in ear, facial pain, cough and sore throat. It got worse overnight.",otitis externa (swimmer's ear),Musculoskeletal/Other
"My main problems are shortness of breath, difficulty breathing, fatigue, insomnia, heartburn, chest tightness and leg swelling. It got worse overnight.",hypertensive heart disease,Musculoskeletal/Other
"Chief complaint: blood in stool, diarrhea, changes in stool appearance, fainting and vomiting.",gastrointestinal hemorrhage,Gastrointestinal
"Complaining of difficulty breathing, ear pain, pain in testicles, fever, nosebleed, nasal congestion and sore throat.",nose disorder,Musculoskeletal/Other
"Chief complaint: ear pain, vomiting, fluid retention and fever.",infectious gastroenteritis,Febrile/Systemic
"The symptoms are neck swelling, pain in gums, lip swelling, jaw swelling, mouth pain and toothache.",tooth abscess,Dermatological
"I've been experiencing difficulty in swallowing, sharp abdominal pain, sharp chest pain, burning abdominal pain, heartburn, cough and shortness of breath and I'm worried.",esophagitis,Gastrointestinal
"I came in because of sharp chest pain, chest tightness, sore throat and wheezing.",acute bronchospasm,Respiratory
"My main problems are jaw swelling, peripheral edema, mouth ulcer, pain in gums and toothache.",tooth disorder,Musculoskeletal/Other
"Complaining of burning abdominal pain, blood in stool, heartburn and constipation. It started two days ago.",rectal disorder,Gastrointestinal
"I have nausea, constipation, burning abdominal pain, rectal bleeding and sharp abdominal pain.",chronic constipation,Gastrointestinal
"Since yesterday I've noticed itchiness of eye, headache, frontal headache, lacrimation and nasal congestion.",seasonal allergies (hay fever),Febrile/Systemic
"I have sore throat, nasal congestion, chills, vomiting, coryza, flu-like syndrome, fever and hand or finger pain. It began this morning.",common cold,Respiratory
"My main problems are nausea, decreased appetite, burning abdominal pain, vomiting, diarrhea, fever, blood in stool and chills.",infectious gastroenteritis,Febrile/Systemic
"The symptoms are skin swelling, skin lesion, skin dryness, peeling, scaliness, or roughness and abnormal appearing skin. It got worse overnight.",fungal infection of the skin,Dermatological
"I came in because of eye burns or stings, eye redness, pain in eye, abnormal appearing skin, skin swelling and mass on eyelid.",stye,Musculoskeletal/Other
"Patient reports cough, fever and chest tightness.",asthma,Respiratory
"I have vomiting, nausea, sharp chest pain, low back pain and leg pain. It comes and goes.",pain after an operation,Musculoskeletal/Other
"I've been experiencing decreased appetite, nausea, cough, fever, fluid retention and sharp abdominal pain and I'm worried. It started two days ago.",noninfectious gastroenteritis,Febrile/Systemic
"I have nausea, flu-like syndrome, chills, fluid retention and diarrhea.",infectious gastroenteritis,Febrile/Systemic
"Complaining of itching of skin, warts, acne or pimples, skin lesion, skin rash, skin growth, pelvic pain and abnormal appearing skin.",seborrheic keratosis,Dermatological
"Patient reports long menstrual periods, hostile behavior, seizures, depressive or psychotic symptoms, difficulty speaking, temper problems and itchiness of eye. This has lasted about a week.",autism,Musculoskeletal/Other
"I came in because of foot or toe pain, skin rash, hand or finger pain, peripheral edema, leg swelling and pulling at ears. It began this morning.",pyogenic skin infection,Dermatological
"I feel unwell, with knee pain, flu-like syndrome and nasal congestion.",common cold,Respiratory
"I came in because of sharp abdominal pain, burning abdominal pain, side pain, nausea, vomiting, stomach bloating, regurgitation.1 and symptoms of the kidneys. It got worse overnight.",cholecystitis,Gastrointestinal
"I feel unwell, with lacrimation, cough, coryza and itchiness of eye. It comes and goes.",seasonal allergies (hay fever),Febrile/Systemic
"Since yesterday I've noticed blood in stool, diarrhea, flu-like syndrome, burning abdominal pain and sharp abdominal pain. It started two days ago.",infectious gastroenteritis,Febrile/Systemic
"Patient reports rectal bleeding, nausea, vomiting, upper abdominal pain, lower abdominal pain and heartburn. It comes and goes.",diverticulosis,Gastrointestinal
"The symptoms are leg swelling, leg pain, foot or toe swelling, skin rash, hand or finger swelling, skin lesion and abnormal appearing skin. It started two days ago.",pyogenic skin infection,Dermatological
"I've been experiencing fluid retention, vomiting, decreased appetite, sharp abdominal pain, abnormal appearing skin and chills and I'm worried.",infectious gastroenteritis,Febrile/Systemic
"I have constipation, nausea, diarrhea, sharp abdominal pain, vomiting, blood in stool, lower abdominal pain and side pain.",diverticulitis,Gastrointestinal
"Lately I keep having ache all over, vomiting, decreased appetite, difficulty in swallowing, ear pain, fever, cough and chest tightness.",strep throat,Musculoskeletal/Other
Lately I keep having fatigue and palpitations.,ischemic heart disease,Musculoskeletal/Other
"My main problems are sharp abdominal pain, jaundice, vomiting, feeling ill, itching of skin and depression. It got worse overnight.",hepatitis due to a toxin,Gastrointestinal
"Complaining of skin growth, skin swelling, lymphedema, symptoms of eye, loss of sensation and skin moles. It got worse overnight.",rosacea,Dermatological
"The symptoms are vomiting, flatulence, nasal congestion, sharp abdominal pain and sharp chest pain.",intestinal malabsorption,Gastrointestinal
"For the past few days I've had ear pain, sinus congestion, painful sinuses and frontal headache. It began this morning.",acute sinusitis,Respiratory
"Patient reports diarrhea, vomiting, cough, nasal congestion, pulling at ears, fever, irritable infant and blood in stool. It got worse overnight.",diaper rash,Dermatological
"My main problems are diarrhea, headache, burning abdominal pain, chills and rectal bleeding. It started two days ago.",noninfectious gastroenteritis,Febrile/Systemic
"I've been experiencing involuntary urination, long menstrual periods, blood clots during menstrual periods, vaginal discharge and intermenstrual bleeding and I'm worried. It comes and goes.",idiopathic excessive menstruation,Musculoskeletal/Other
"I have pain during pregnancy, weakness, problems during pregnancy, dizziness, vomiting blood, nausea and headache.",hyperemesis gravidarum,Musculoskeletal/Other
"I feel unwell, with fever, throat swelling, sore throat, nasal congestion and headache. It started two days ago.",abscess of the pharynx,Dermatological
"I've been experiencing skin swelling, nasal congestion, foot or toe pain, skin rash, acne or pimples, skin growth and irregular appearing nails and I'm worried.",callus,Dermatological
"Patient reports abnormal appearing skin, itching of skin, skin lesion, acne or pimples, skin irritation, skin growth and warts. It got worse overnight.",seborrheic keratosis,Dermatological
"Patient reports nausea, pain of the anus, headache and lower abdominal pain. It started two days ago.",ileus,Gastrointestinal
"Chief complaint: blood in stool, cough, diarrhea, temper problems, pulling at ears, vomiting, fever and skin rash. This has lasted about a week.",diaper rash,Dermatological
"Patient reports lacrimation, sore throat, nasal congestion, ear pain and sneezing.",seasonal allergies (hay fever),Febrile/Systemic
"Chief complaint: itchiness of eye, cough, eye burns or stings, eye redness, lacrimation, pain in eye, swollen eye and allergic reaction. It started two days ago.",conjunctivitis due to allergy,Musculoskeletal/Other
"I've been experiencing abnormal appearing skin, itchy scalp, skin swelling, skin lesion, skin growth and skin dryness, peeling, scaliness, or roughness and I'm worried.",fungal infection of the hair,Dermatological
"My main problems are loss of sensation, arm pain, shoulder pain, hip pain and leg pain. It started two days ago.",degenerative disc disease,Musculoskeletal/Other
"Lately I keep having congestion in chest, sharp chest pain, wheezing, coryza, fever and nasal congestion.",chronic obstructive pulmonary disease (copd),Respiratory
"I came in because of chest tightness, cough, sharp chest pain, nasal congestion, fever, difficulty breathing, coughing up sputum and coryza.",asthma,Respiratory
"The symptoms are symptoms of the face, diminished vision, peripheral edema, weakness and focal weakness.",bell palsy,Musculoskeletal/Other
"I feel unwell, with weakness, difficulty breathing, cough, fever, coryza, nasal congestion, chills and shortness of breath. It comes and goes.",pneumonia,Respiratory
"I have skin irritation, skin rash, skin swelling, pelvic pain and skin dryness, peeling, scaliness, or roughness. It got worse overnight.",fungal infection of the hair,Dermatological
"I've been experiencing decreased appetite, headache, chills, flu-like syndrome and fever and I'm worried. It started two days ago.",infectious gastroenteritis,Febrile/Systemic
"My main problems are cough, shortness of breath, nasal congestion, fever, hoarse voice, coryza, abnormal breathing sounds and vomiting. It began this morning.",croup,Respiratory
"Complaining of burning abdominal pain, decreased appetite, diarrhea, fluid retention and fever. It got worse overnight.",infectious gastroenteritis,Febrile/Systemic
"For the past few days I've had cough, chills, difficulty breathing, sharp abdominal pain and fever. It started two days ago.",sepsis,Febrile/Systemic
"I've been experiencing too little hair, acne or pimples, skin rash, abnormal appearing skin, skin swelling and itching of skin and I'm worried. It began this morning.",fungal infection of the skin,Dermatological
"Since yesterday I've noticed facial pain, lip swelling, mouth pain, skin swelling, toothache and pain in gums.",tooth abscess,Dermatological
"Since yesterday I've noticed cough, nasal congestion, swollen lymph nodes, feeling ill and sore throat.",mononucleosis,Febrile/Systemic
"My main problems are fluid retention, fever, decreased appetite, nausea, headache and chills. It comes and goes.",noninfectious gastroenteritis,Febrile/Systemic
"Complaining of heartburn, shortness of breath, peripheral edema, diarrhea, weakness and unusual color or odor to urine. This has lasted about a week.",liver disease,Gastrointestinal
"Chief complaint: wheezing, vomiting, chest tightness, sharp chest pain, sore throat and shortness of breath. This has lasted about a week.",acute bronchospasm,Respiratory
"Patient reports difficulty breathing, sweating, leg pain, chest tightness, hemoptysis, leg swelling and side pain. It started two days ago.",pulmonary embolism,Respiratory
"Since yesterday I've noticed swollen lymph nodes, irregular appearing scalp, abnormal appearing skin and skin moles. It began this morning.",melanoma,Dermatological
"Chief complaint: lower body pain, burning abdominal pain, sharp abdominal pain, sharp chest pain, symptoms of the kidneys and back pain. It started two days ago.",cholecystitis,Gastrointestinal
"Complaining of sore throat, white discharge from eye, nasal congestion, lacrimation and swollen eye. It comes and goes.",conjunctivitis,Musculoskeletal/Other
"I feel unwell, with blood in stool, upper abdominal pain, vomiting, sharp chest pain, nausea, sharp abdominal pain and heartburn.",gastroduodenal ulcer,Gastrointestinal
"The symptoms are nasal congestion, fever, swollen lymph nodes and cough. It got worse overnight.",mononucleosis,Febrile/Systemic
"Patient reports difficulty in swallowing, hemoptysis, toothache, abnormal appearing skin and throat swelling. It got worse overnight.",cellulitis or abscess of mouth,Dermatological
"My main problems are long menstrual periods, lower abdominal pain, cramps and spasms, unpredictable menstruation, heavy menstrual flow, intermenstrual bleeding and infertility.",idiopathic irregular menstrual cycle,Musculoskeletal/Other
I have skin lesion and irregular appearing scalp. It began this morning.,fungal infection of the skin,Dermatological
"For the past few days I've had itching of skin, acne or pimples, skin irritation, skin dryness, peeling, scaliness, or roughness, skin lesion, skin growth and skin moles. This has lasted about a week.",skin disorder,Dermatological
"I have lip swelling, skin irritation and acne or pimples.",atrophic skin condition,Dermatological
"For the past few days I've had mouth dryness, abnormal involuntary movements, sleepiness, difficulty in swallowing and shortness of breath.",obstructive sleep apnea (osa),Respiratory
"My main problems are diarrhea, burning abdominal pain, lower abdominal pain, skin irritation, upper abdominal pain, constipation, fever and side pain.",diverticulitis,Gastrointestinal
"I came in because of peripheral edema, lacrimation, cough, headache, pain in eye and sharp chest pain. It got worse overnight.",sarcoidosis,Musculoskeletal/Other
"Chief complaint: lip swelling, warts, abnormal appearing skin, skin moles and skin irritation.",skin cancer,Dermatological
"Complaining of skin lesion, itching of skin, facial pain, abnormal appearing skin and pain in eye. It got worse overnight.",shingles (herpes zoster),Dermatological
"My main problems are burning abdominal pain, vomiting, shortness of breath, cough, difficulty in swallowing and nausea. This has lasted about a week.",esophagitis,Gastrointestinal
"Complaining of sharp abdominal pain, blood in stool, nausea and changes in stool appearance.",chronic constipation,Gastrointestinal
"Chief complaint: upper abdominal pain, blood in stool, lower abdominal pain, nausea and diarrhea. It comes and goes.",diverticulosis,Gastrointestinal
"I've been experiencing sharp abdominal pain, vomiting, burning abdominal pain, heartburn, nausea and upper abdominal pain and I'm worried.",esophagitis,Gastrointestinal
"For the past few days I've had sharp abdominal pain, side pain, regurgitation.1, vomiting and heartburn. It got worse overnight.",gallstone,Gastrointestinal
"For the past few days I've had swollen lymph nodes, throat feels tight, difficulty in swallowing, throat swelling, coughing up sputum and ear pain. This has lasted about a week.",peritonsillar abscess,Dermatological
"Patient reports lack of growth, skin swelling and acne or pimples. It got worse overnight.",dermatitis due to sun exposure,Dermatological
The symptoms are wrist pain and sharp abdominal pain.,gas gangrene,Musculoskeletal/Other
"I came in because of sharp abdominal pain, peripheral edema, weakness, blood in stool, jaundice, unusual color or odor to urine and diarrhea. This has lasted about a week.",liver disease,Gastrointestinal
"Complaining of sharp chest pain, sore throat, chills, nasal congestion and fever. It started two days ago.",pneumonia,Respiratory
"I came in because of sharp abdominal pain, nausea, changes in stool appearance, blood in stool, diarrhea and rectal bleeding. It started two days ago.",gastrointestinal hemorrhage,Gastrointestinal
"I've been experiencing abnormal breathing sounds, nosebleed, sore throat, difficulty breathing, headache and allergic reaction and I'm worried. It started two days ago.",deviated nasal septum,Respiratory
"I feel unwell, with fever, chills, vomiting, feeling ill, cough and sharp abdominal pain. It started two days ago.",sepsis,Febrile/Systemic
"Complaining of rectal bleeding, diarrhea, sharp abdominal pain, fainting and vomiting blood. This has lasted about a week.",gastrointestinal hemorrhage,Gastrointestinal
"Since yesterday I've noticed vomiting, feeling ill, cough, difficulty breathing, suprapubic pain, weakness and fever.",sepsis,Febrile/Systemic
"Since yesterday I've noticed nausea, chills, blood in stool, rectal bleeding, fluid retention, vomiting and headache.",noninfectious gastroenteritis,Febrile/Systemic
"The symptoms are weakness, chills, cough, fever, feeling ill and difficulty breathing. It began this morning.",sepsis,Febrile/Systemic
"Patient reports nasal congestion, wheezing, sharp chest pain, allergic reaction and difficulty breathing. It started two days ago.",asthma,Respiratory
"I feel unwell, with ear pain, chills, wheezing, headache, cough, fever, coryza, pelvic pain and vomiting. This has lasted about a week.",common cold,Respiratory
"I have fluid in ear, plugged feeling in ear, diminished hearing and fever.",acute otitis media,Musculoskeletal/Other
"For the past few days I've had skin lesion, abnormal appearing skin, lip swelling and skin dryness, peeling, scaliness, or roughness.",skin cancer,Dermatological
"I have irregular appearing scalp, skin growth, itching of skin, joint pain, skin rash, abnormal appearing skin and skin moles. It began this morning.",psoriasis,Dermatological
"Complaining of weakness, shortness of breath, cough, chills, decreased appetite, difficulty breathing, fever, sore throat and suprapubic pain. It began this morning.",sepsis,Febrile/Systemic
"The symptoms are vomiting, shortness of breath, sore throat, coryza, chills, difficulty breathing and nasal congestion.",pneumonia,Respiratory
"I feel unwell, with hurts to breath, decreased appetite, fever, vomiting, wheezing and irritable infant.",acute bronchiolitis,Respiratory
"Lately I keep having sore throat, fever, difficulty breathing, nasal congestion, coughing up sputum and cough.",acute bronchitis,Respiratory
"The symptoms are sharp chest pain, sharp abdominal pain, rib pain, back pain and shortness of breath.",pleural effusion,Respiratory
"I feel unwell, with too little hair, abnormal appearing skin, symptoms of the face, skin dryness, peeling, scaliness, or roughness, irregular appearing scalp and dry or flaky scalp.",seborrheic dermatitis,Dermatological
"I have fluid retention, blood in stool, burning abdominal pain, nausea and fever. It began this morning.",infectious gastroenteritis,Febrile/Systemic
"I've been experiencing nasal congestion, facial pain, difficulty breathing, painful sinuses, apnea, headache and allergic reaction and I'm worried. This has lasted about a week.",deviated nasal septum,Respiratory
"Patient reports sharp abdominal pain, blood in stool, fever, headache, diarrhea, nausea, burning abdominal pain and fluid retention. This has lasted about a week.",noninfectious gastroenteritis,Febrile/Systemic
"My main problems are sharp chest pain, fever, nasal congestion, cough, sore throat, headache and throat swelling. It comes and goes.",abscess of the pharynx,Dermatological
"Chief complaint: sore throat, nasal congestion, swollen lymph nodes, fever and cough. This has lasted about a week.",mononucleosis,Febrile/Systemic
"My main problems are fluid retention, blood in stool, sharp abdominal pain, chills, diarrhea, fever, rectal bleeding and burning abdominal pain.",noninfectious gastroenteritis,Febrile/Systemic
"I feel unwell, with vomiting blood, burning abdominal pain, regurgitation.1, sharp chest pain, sharp abdominal pain and vomiting. It started two days ago.",gastritis,Gastrointestinal
"Since yesterday I've noticed skin swelling, pain in eye, eye burns or stings, eye redness, symptoms of eye and mass on eyelid.",stye,Musculoskeletal/Other
"I have chest tightness, sore throat, wheezing, coughing up sputum, sharp chest pain, fever, cough and shortness of breath.",chronic obstructive pulmonary disease (copd),Respiratory
"I've been experiencing low back pain, neck pain, back pain, hip pain, shoulder pain, leg weakness and leg pain and I'm worried.",herniated disk,Gastrointestinal
"Since yesterday I've noticed hemoptysis, leg pain, sweating, cough, sharp chest pain, difficulty breathing and side pain. This has lasted about a week.",pulmonary embolism,Respiratory
"I came in because of diarrhea, cough, nasal congestion, flatulence and allergic reaction.",intestinal malabsorption,Gastrointestinal
"For the past few days I've had lower abdominal pain, sharp abdominal pain, swollen lymph nodes, blood in stool and rectal bleeding. This has lasted about a week.",ulcerative colitis,Gastrointestinal
"My main problems are itchiness of eye, cough, headache, sneezing and sore throat. This has lasted about a week.",seasonal allergies (hay fever),Febrile/Systemic
"Since yesterday I've noticed symptoms of eye, sneezing, pain in eye, nasal congestion, diminished vision, lacrimation and swollen eye.",conjunctivitis due to allergy,Musculoskeletal/Other
"My main problems are cough, difficulty breathing, back pain, sharp abdominal pain and headache. It got worse overnight.",pleural effusion,Respiratory
"I've been experiencing skin lesion, acne or pimples, dry or flaky scalp, irregular appearing scalp, symptoms of the face, abnormal appearing skin, too little hair and skin rash and I'm worried.",seborrheic dermatitis,Dermatological
"Since yesterday I've noticed coryza, shortness of breath and sharp chest pain.",chronic obstructive pulmonary disease (copd),Respiratory
"I feel unwell, with vomiting, diaper rash, blood in stool, skin rash, diarrhea and fever. It started two days ago.",diaper rash,Dermatological
"The symptoms are sharp abdominal pain, nausea, diarrhea, lower abdominal pain, rectal bleeding and swollen lymph nodes. It started two days ago.",ulcerative colitis,Gastrointestinal
"The symptoms are constipation, retention of urine, stomach bloating and vomiting.",intestinal obstruction,Gastrointestinal
"For the past few days I've had headache, chills, cough, fever, ear pain, wheezing and coryza. This has lasted about a week.",common cold,Respiratory
"I came in because of nausea, sharp abdominal pain, vomiting, side pain, sharp chest pain, burning abdominal pain and regurgitation.1.",gallstone,Gastrointestinal
"My main problems are sore throat, fever and frontal headache.",chronic sinusitis,Respiratory
"Chief complaint: low back pain, burning abdominal pain, side pain, decreased appetite, vomiting, stomach bloating, sharp abdominal pain, diarrhea and upper abdominal pain. It got worse overnight.",appendicitis,Gastrointestinal
"I feel unwell, with nasal congestion, vomiting and chills. It comes and goes.",common cold,Respiratory
"I have restlessness, vomiting, coryza, sharp chest pain and sore throat. It started two days ago.",acute bronchospasm,Respiratory
"I've been experiencing abnormal appearing skin, hand or finger swelling, leg swelling and itching of skin and I'm worried. It began this morning.",insect bite,Musculoskeletal/Other
"I have fluid retention, diarrhea, burning abdominal pain, blood in stool and nausea. This has lasted about a week.",infectious gastroenteritis,Febrile/Systemic
"Chief complaint: cough, sharp abdominal pain and hoarse voice. It began this morning.",gastroesophageal reflux disease (gerd),Gastrointestinal
"Chief complaint: skin swelling, abnormal appearing skin, itching of skin, skin moles, skin growth, irregular appearing scalp and itchy scalp. It got worse overnight.",psoriasis,Dermatological
"I came in because of ear pain, cough, fever, wheezing, vomiting, chills and headache. This has lasted about a week.",common cold,Respiratory
"I have sharp abdominal pain, decreased appetite, headache, rectal bleeding, burning abdominal pain and diarrhea.",noninfectious gastroenteritis,Febrile/Systemic
"Chief complaint: diarrhea, burning abdominal pain, sharp abdominal pain and fever.",appendicitis,Gastrointestinal
I've been experiencing depressive or psychotic symptoms and chills and I'm worried. It started two days ago.,acute respiratory distress syndrome (ards),Respiratory
"I came in because of cough, weakness, sweating and difficulty breathing.",pulmonary embolism,Respiratory
"Complaining of temper problems, diarrhea and cough. This has lasted about a week.",teething syndrome,Musculoskeletal/Other
"Lately I keep having wheezing, coryza, cough, shortness of breath, nasal congestion, pulling at ears, difficulty breathing and irritable infant. It comes and goes.",acute bronchiolitis,Respiratory
"I feel unwell, with back pain, lower body pain, vomiting, side pain, nausea and diarrhea.",acute pancreatitis,Gastrointestinal
"I came in because of loss of sensation, low back pain, shoulder pain, neck pain, paresthesia, arm weakness, arm pain and leg pain.",herniated disk,Gastrointestinal
"I have decreased appetite, vomiting and weakness.",diabetic ketoacidosis,Musculoskeletal/Other
"I've been experiencing vomiting, sharp abdominal pain, chills, weakness, decreased appetite and suprapubic pain and I'm worried. This has lasted about a week.",sepsis,Febrile/Systemic
"Since yesterday I've noticed itching of skin, acne or pimples, dry or flaky scalp and skin growth. This has lasted about a week.",seborrheic dermatitis,Dermatological
"I came in because of heartburn, diarrhea, blood in stool, shortness of breath and nausea. This has lasted about a week.",liver disease,Gastrointestinal
"The symptoms are cough, shortness of breath, sore throat, nasal congestion, chills and wheezing. This has lasted about a week.",pneumonia,Respiratory
"I've been experiencing itching of skin, skin dryness, peeling, scaliness, or roughness, groin mass, skin moles and abnormal appearing skin and I'm worried. This has lasted about a week.",soft tissue sarcoma,Musculoskeletal/Other
"I've been experiencing skin rash, abnormal appearing skin, too little hair, skin lesion, acne or pimples and itching of skin and I'm worried. This has lasted about a week.",fungal infection of the skin,Dermatological
"Lately I keep having wheezing, congestion in chest, cough, coryza, chest tightness, coughing up sputum, nasal congestion and sharp chest pain. It started two days ago.",chronic obstructive pulmonary disease (copd),Respiratory
"I feel unwell, with hip pain, knee pain, ache all over, low back pain, loss of sensation and shoulder pain. It started two days ago.",spondylosis,Musculoskeletal/Other
"My main problems are gum pain, facial pain, lip swelling, jaw swelling, pain in gums and neck swelling.",tooth abscess,Dermatological
"I feel unwell, with flu-like syndrome, fever and chills. It got worse overnight.",infectious gastroenteritis,Febrile/Systemic
"I feel unwell, with difficulty in swallowing, shortness of breath, sore throat and nausea.",esophagitis,Gastrointestinal
"Patient reports cramps and spasms, burning abdominal pain, pain of the anus, heartburn, rectal bleeding and sharp abdominal pain. It got worse overnight.",rectal disorder,Gastrointestinal
"Lately I keep having palpitations, cough, feeling ill, difficulty breathing and shortness of breath. It began this morning.",pulmonary hypertension,Respiratory
"The symptoms are skin rash, skin growth, skin dryness, peeling, scaliness, or roughness, skin moles, abnormal appearing skin, itchy scalp, joint pain and itching of skin.",psoriasis,Dermatological
"I've been experiencing decreased appetite, vomiting, side pain, burning abdominal pain and diarrhea and I'm worried. It comes and goes.",appendicitis,Gastrointestinal
"Chief complaint: nausea, painful urination, burning abdominal pain, suprapubic pain, pelvic pain, lower abdominal pain, intermenstrual bleeding and sharp abdominal pain. It comes and goes.",pelvic inflammatory disease,Musculoskeletal/Other
"Since yesterday I've noticed ankle pain, problems with movement, muscle pain, ankle swelling, bones are painful and foot or toe pain. This has lasted about a week.",plantar fasciitis,Musculoskeletal/Other
"I have flu-like syndrome, vomiting, fever, ear pain, nasal congestion and coryza.",common cold,Respiratory
"I've been experiencing painful sinuses, nasal congestion, coryza, ear pain, sore throat and fever and I'm worried.",acute sinusitis,Respiratory
"I feel unwell, with leg pain, knee lump or mass, knee swelling, hand or finger lump or mass, wrist swelling and hand or finger pain. It got worse overnight.",ganglion cyst,Musculoskeletal/Other
"The symptoms are fever, shortness of breath, shoulder swelling and hand or finger pain. This has lasted about a week.",valley fever,Febrile/Systemic
"Lately I keep having skin moles, wrinkles on skin, acne or pimples, skin lesion and skin swelling. It got worse overnight.",atrophic skin condition,Dermatological
"Lately I keep having skin growth, skin lesion, itchy eyelid, skin swelling and swollen lymph nodes. It got worse overnight.",melanoma,Dermatological
"Chief complaint: chills, fever, vomiting, burning abdominal pain, diarrhea, flu-like syndrome, headache and nausea.",infectious gastroenteritis,Febrile/Systemic
"I came in because of rib pain, side pain, sharp chest pain and sharp abdominal pain. It started two days ago.",pleural effusion,Respiratory
"The symptoms are fatigue, apnea, weight gain, sleepiness, shortness of breath, mouth dryness and difficulty breathing.",obstructive sleep apnea (osa),Respiratory
"The symptoms are fever, throat swelling, sore throat and skin rash.",scarlet fever,Febrile/Systemic
"The symptoms are burning abdominal pain, acne or pimples, skin dryness, peeling, scaliness, or roughness, skin rash, skin lesion, skin irritation, abnormal appearing skin, itching of skin and itchy scalp. It got worse overnight.",fungal infection of the hair,Dermatological
"My main problems are blood in stool, diarrhea, fever, decreased appetite, vomiting, sharp abdominal pain, rectal bleeding and fluid retention. This has lasted about a week.",noninfectious gastroenteritis,Febrile/Systemic
"Lately I keep having facial pain, abnormal breathing sounds, allergic reaction and painful sinuses. It started two days ago.",deviated nasal septum,Respiratory
"I came in because of depression, jaundice, rectal bleeding, vomiting and sharp abdominal pain. It began this morning.",hepatitis due to a toxin,Gastrointestinal
"I've been experiencing skin lesion, decreased appetite, skin moles and acne or pimples and I'm worried. It started two days ago.",dermatitis due to sun exposure,Dermatological
"Complaining of mouth pain, skin swelling, peripheral edema, jaw swelling, neck swelling, lip swelling, toothache and pain in gums. This has lasted about a week.",tooth abscess,Dermatological
"Chief complaint: diminished hearing, allergic reaction, abnormal breathing sounds, ear pain, sore throat and nasal congestion. This has lasted about a week.",eustachian tube dysfunction (ear disorder),Musculoskeletal/Other
"Patient reports itching of skin, irregular appearing scalp, acne or pimples, skin irritation, skin swelling, itchy scalp and skin growth. This has lasted about a week.",fungal infection of the hair,Dermatological
"The symptoms are difficulty breathing, feeling ill, hemoptysis, sharp chest pain, shortness of breath and fatigue. It started two days ago.",pulmonary hypertension,Respiratory
"Complaining of increased heart rate, shortness of breath, dizziness, chest tightness, palpitations and throat feels tight. This has lasted about a week.",chronic rheumatic fever,Febrile/Systemic
"Since yesterday I've noticed skin growth, skin irritation, acne or pimples, irregular appearing scalp and itching of skin. It got worse overnight.",skin disorder,Dermatological
"I came in because of regurgitation.1, side pain, nausea, sharp abdominal pain and back pain. This has lasted about a week.",gallstone,Gastrointestinal
"Chief complaint: side pain, sharp chest pain, diarrhea, lower body pain, burning abdominal pain and hemoptysis.",acute pancreatitis,Gastrointestinal
"I came in because of nausea, side pain, sharp abdominal pain, diarrhea, heartburn, unusual color or odor to urine, weakness and upper abdominal pain. This has lasted about a week.",liver disease,Gastrointestinal
"I came in because of depressive or psychotic symptoms, seizures, vomiting and dizziness. This has lasted about a week.",intracranial hemorrhage,Musculoskeletal/Other
"I came in because of skin swelling, chills, blood in stool, rectal bleeding, fluid retention, sharp abdominal pain, diarrhea and fever. It began this morning.",noninfectious gastroenteritis,Febrile/Systemic
"Patient reports fluid retention, chills, sharp chest pain, nausea, headache and blood in stool.",infectious gastroenteritis,Febrile/Systemic
"Complaining of lower abdominal pain, sharp abdominal pain, vomiting, retention of urine and suprapubic pain. It began this morning.",kidney stone,Musculoskeletal/Other
"Chief complaint: wheezing, abnormal breathing sounds, sore throat, sleepiness, nasal congestion and sharp chest pain. It comes and goes.",interstitial lung disease,Respiratory
"Chief complaint: side pain, fever, nausea, burning abdominal pain and upper abdominal pain. This has lasted about a week.",diverticulitis,Gastrointestinal
"Complaining of sweating, shortness of breath, abnormal breathing sounds, weight gain, fatigue, insomnia and difficulty in swallowing.",obstructive sleep apnea (osa),Respiratory
"I've been experiencing swollen eye, spots or clouds in vision, pain in eye, bones are painful, itchiness of eye, eyelid swelling, white discharge from eye and symptoms of eye and I'm worried. This has lasted about a week.",blepharitis,Musculoskeletal/Other
"Since yesterday I've noticed diminished vision, rectal bleeding, nausea, fluid retention, decreased appetite and headache.",noninfectious gastroenteritis,Febrile/Systemic
"I have difficulty in swallowing, vomiting, upper abdominal pain, chest tightness, shortness of breath, cough and sharp abdominal pain. It comes and goes.",esophagitis,Gastrointestinal
"My main problems are irregular appearing scalp, skin growth, acne or pimples, skin rash, skin dryness, peeling, scaliness, or roughness, too little hair, dry or flaky scalp and symptoms of the face. It got worse overnight.",seborrheic dermatitis,Dermatological
"Complaining of foot or toe pain, peripheral edema, leg swelling, skin lesion, skin swelling, hand or finger pain and foot or toe swelling.",pyogenic skin infection,Dermatological
"I have skin rash, nasal congestion, blood in stool, vomiting, temper problems and diarrhea. This has lasted about a week.",diaper rash,Dermatological
"For the past few days I've had skin on leg or foot looks infected, arm swelling, foot or toe pain, ache all over and skin swelling. It comes and goes.",thrombophlebitis,Musculoskeletal/Other
"Complaining of chills, ear pain, headache, fever, vomiting and sore throat. It comes and goes.",common cold,Respiratory
"I have leg pain, joint pain, knee swelling, hand or finger pain, ankle pain, pain during pregnancy and back pain.",osteoarthritis,Musculoskeletal/Other
"The symptoms are warts, skin dryness, peeling, scaliness, or roughness, skin rash, skin irritation, abnormal appearing skin, itching of skin and skin lesion.",eczema,Dermatological
"Since yesterday I've noticed heartburn, palpitations, weakness and leg pain. It began this morning.",hypertensive heart disease,Musculoskeletal/Other
"Patient reports bumps on penis, lip swelling, abnormal appearing skin, acne or pimples and skin lesion. It began this morning.",viral warts,Dermatological
"Patient reports loss of sensation, dizziness and insomnia. It began this morning.",encephalitis,Febrile/Systemic
"My main problems are impotence, shortness of breath and burning abdominal pain.",lactose intolerance,Musculoskeletal/Other
"Chief complaint: jaundice, unusual color or odor to urine, sharp abdominal pain, diarrhea and upper abdominal pain.",liver disease,Gastrointestinal
"I feel unwell, with upper abdominal pain, burning abdominal pain, hemoptysis, nausea, vomiting and side pain. This has lasted about a week.",acute pancreatitis,Gastrointestinal
"Chief complaint: headache, cough, facial pain, sinus congestion and painful sinuses. This has lasted about a week.",chronic sinusitis,Respiratory
"I have regurgitation, dizziness, upper abdominal pain, regurgitation.1, sharp abdominal pain and heartburn. It began this morning.",hiatal hernia,Gastrointestinal
"I've been experiencing changes in stool appearance, sharp abdominal pain and pain of the anus and I'm worried.",chronic constipation,Gastrointestinal
"Complaining of sharp abdominal pain, fluid retention, dizziness, chills, blood in stool, headache and diarrhea. It started two days ago.",noninfectious gastroenteritis,Febrile/Systemic
"Since yesterday I've noticed skin moles, abnormal appearing skin and skin lesion. This has lasted about a week.",viral warts,Dermatological
"Since yesterday I've noticed irregular heartbeat, fatigue, chest tightness and sharp chest pain. It comes and goes.",coronary atherosclerosis,Musculoskeletal/Other
"I've been experiencing leg pain, difficulty breathing, side pain and weakness and I'm worried. It got worse overnight.",pulmonary embolism,Respiratory
"I feel unwell, with cough, sore throat, difficulty breathing and congestion in chest.",acute bronchitis,Respiratory
"I feel unwell, with symptoms of the scrotum and testes, sharp abdominal pain, groin pain and groin mass.",inguinal hernia,Gastrointestinal
"For the past few days I've had rectal bleeding, fainting, diarrhea and dizziness. It started two days ago.",gastrointestinal hemorrhage,Gastrointestinal
"I came in because of skin growth, skin moles, lip swelling, skin lesion, warts and irregular appearing scalp. This has lasted about a week.",skin cancer,Dermatological
"Complaining of painful sinuses, sinus congestion and fever. It got worse overnight.",acute sinusitis,Respiratory
"I feel unwell, with retention of urine, groin pain and pain in testicles. It started two days ago.",epididymitis,Musculoskeletal/Other
"My main problems are skin growth, lip swelling, abnormal appearing skin, skin swelling, irregular appearing scalp and skin irritation. It began this morning.",skin cancer,Dermatological
"Chief complaint: blood in stool, headache, flu-like syndrome, diarrhea, vomiting and fluid retention. This has lasted about a week.",infectious gastroenteritis,Febrile/Systemic
"Complaining of skin lesion, skin swelling, abnormal appearing skin, cough, fever, coryza and mouth ulcer. It began this morning.",impetigo,Dermatological
"For the past few days I've had diarrhea, vomiting, sharp abdominal pain, ache all over and back pain. This has lasted about a week.",chronic pancreatitis,Gastrointestinal
"Patient reports elbow pain, arm pain, hand or finger pain, upper abdominal pain, low back pain and shoulder pain.",brachial neuritis,Musculoskeletal/Other
"I've been experiencing weakness, fever, difficulty breathing and vomiting and I'm worried.",pneumonia,Respiratory
I have difficulty breathing and fever.,asthma,Respiratory
"Complaining of sharp abdominal pain, sharp chest pain, upper abdominal pain, side pain and hemoptysis. This has lasted about a week.",acute pancreatitis,Gastrointestinal
"Patient reports back pain, blood in urine, vomiting, side pain, suprapubic pain, lower abdominal pain and low back pain.",pyelonephritis,Musculoskeletal/Other
"I came in because of symptoms of the face, skin dryness, peeling, scaliness, or roughness, too little hair, acne or pimples and irregular appearing scalp. This has lasted about a week.",seborrheic dermatitis,Dermatological
"Patient reports skin swelling, acne or pimples, itching of skin, irregular appearing scalp, feeling ill, skin rash and skin growth. This has lasted about a week.",alopecia,Dermatological
"My main problems are vomiting, flu-like syndrome, nausea, fever, diarrhea and decreased appetite. This has lasted about a week.",infectious gastroenteritis,Febrile/Systemic
"For the past few days I've had throat feels tight, coryza, ear pain, difficulty in swallowing, cough and fever.",laryngitis,Respiratory
"My main problems are sharp chest pain, symptoms of bladder, retention of urine, blood in urine and vaginal discharge. It comes and goes.",pelvic organ prolapse,Musculoskeletal/Other
"I have sharp chest pain, headache, skin rash and abnormal appearing skin.",shingles (herpes zoster),Dermatological
"I came in because of skin lesion, hand or finger pain, peripheral edema and skin swelling. It began this morning.",pyogenic skin infection,Dermatological
"I came in because of restlessness, drug abuse, depressive or psychotic symptoms, temper problems and depression.",drug abuse (opioids),Musculoskeletal/Other
"For the past few days I've had itching of skin, mouth ulcer and abnormal appearing skin. It got worse overnight.",impetigo,Dermatological
"I have cough, nausea, ache all over, chills, diarrhea and diminished vision.",flu,Respiratory
"Patient reports white discharge from eye, symptoms of eye, mass on eyelid, diminished vision, itchiness of eye, foreign body sensation in eye and pain in eye. It got worse overnight.",chronic glaucoma,Musculoskeletal/Other
"Chief complaint: side pain, upper abdominal pain, stomach bloating, sharp abdominal pain, nausea, decreased appetite and diarrhea. It got worse overnight.",appendicitis,Gastrointestinal
"I've been experiencing wheezing, coryza, headache, fever and flu-like syndrome and I'm worried. It comes and goes.",common cold,Respiratory
"I feel unwell, with pain in gums, skin swelling, gum pain, neck swelling and mouth pain.",tooth abscess,Dermatological
"For the past few days I've had peripheral edema, blood in stool, sharp abdominal pain, vomiting blood, shortness of breath and abdominal distention. It comes and goes.",cirrhosis,Gastrointestinal
"Chief complaint: sore throat, headache, frontal headache and allergic reaction.",seasonal allergies (hay fever),Febrile/Systemic
"I feel unwell, with fever, sore throat, chest tightness, cough, nasal congestion and wheezing. It got worse overnight.",chronic obstructive pulmonary disease (copd),Respiratory
"I've been experiencing allergic reaction, skin dryness, peeling, scaliness, or roughness, abnormal appearing skin and irregular appearing scalp and I'm worried. It comes and goes.",eczema,Dermatological
"For the past few days I've had skin lesion, nasal congestion, skin rash and cough.",impetigo,Dermatological
"Chief complaint: shortness of breath, coughing up sputum, allergic reaction, difficulty breathing, chest tightness and coryza. It got worse overnight.",asthma,Respiratory
"My main problems are cough, chills, sore throat, nasal congestion and wheezing. It comes and goes.",common cold,Respiratory
I've been experiencing irregular appearing scalp and acne or pimples and I'm worried.,alopecia,Dermatological
"I have joint pain, bones are painful, wrist swelling, hand or finger pain, hand or finger swelling, wrist pain, arm swelling and arm stiffness or tightness.",injury to the arm,Musculoskeletal/Other
"For the past few days I've had skin growth, lip swelling, skin dryness, peeling, scaliness, or roughness, irregular appearing scalp, warts and abnormal appearing skin. It started two days ago.",skin cancer,Dermatological
"I have decreased appetite, nausea, vomiting, sharp abdominal pain and fever. It got worse overnight.",infectious gastroenteritis,Febrile/Systemic
"For the past few days I've had nausea, decreased appetite, diarrhea and rectal bleeding.",noninfectious gastroenteritis,Febrile/Systemic
"I came in because of shortness of breath, weakness, difficulty breathing, sweating, hemoptysis, side pain, leg pain and chest tightness. It got worse overnight.",pulmonary embolism,Respiratory
"Patient reports headache, vomiting, chills, wheezing, nasal congestion, coryza and ear pain. It got worse overnight.",common cold,Respiratory
"Since yesterday I've noticed shoulder pain, hip pain, arm pain, paresthesia, low back pain, arm weakness and loss of sensation. It comes and goes.",herniated disk,Gastrointestinal
"I feel unwell, with fatigue, abnormal involuntary movements, difficulty breathing, insomnia and shortness of breath. It comes and goes.",obstructive sleep apnea (osa),Respiratory
"I've been experiencing fever, blood in stool, skin rash, diarrhea and irritable infant and I'm worried. It comes and goes.",diaper rash,Dermatological
"Complaining of skin lesion, skin moles and joint pain.",psoriasis,Dermatological
"Patient reports fever, sharp abdominal pain, decreased appetite, difficulty breathing, cough and weakness. It got worse overnight.",sepsis,Febrile/Systemic
"I have burning abdominal pain, fluid retention, fever, headache, blood in stool, flu-like syndrome, vomiting and nausea. It comes and goes.",infectious gastroenteritis,Febrile/Systemic
"For the past few days I've had wheezing, arm pain, vomiting, fever, nasal congestion, chest tightness, difficulty breathing and sharp chest pain. It comes and goes.",acute bronchospasm,Respiratory
"My main problems are difficulty breathing, sharp chest pain, coryza and allergic reaction.",asthma,Respiratory
"Chief complaint: diarrhea, fainting, weakness, dizziness, vomiting and changes in stool appearance.",gastrointestinal hemorrhage,Gastrointestinal
"My main problems are skin growth, pelvic pain, itching of skin, skin rash, abnormal appearing skin, skin lesion and skin dryness, peeling, scaliness, or roughness.",fungal infection of the hair,Dermatological
"Lately I keep having lower body pain, joint pain, knee pain, leg pain, back pain, low back pain and ache all over.",arthritis of the hip,Musculoskeletal/Other
"My main problems are pelvic pain, vaginal pain, sharp abdominal pain, back pain and cramps and spasms.",vulvodynia,Musculoskeletal/Other
"Chief complaint: weight gain, fever, fluid in ear, itchy ear(s), ear pain, cough, plugged feeling in ear, diminished hearing and facial pain. It got worse overnight.",otitis externa (swimmer's ear),Musculoskeletal/Other
"Patient reports skin irritation, skin lesion, lip swelling, wrinkles on skin, acne or pimples and abnormal appearing skin. It got worse overnight.",atrophic skin condition,Dermatological
"I feel unwell, with sharp abdominal pain, nausea, back pain, lower abdominal pain and side pain. This has lasted about a week.",vulvodynia,Musculoskeletal/Other
"Complaining of coryza, sharp chest pain, cough, wheezing, nasal congestion and weakness.",pneumonia,Respiratory
"Lately I keep having vomiting, fever, nausea, fluid retention, flu-like syndrome, diarrhea and decreased appetite. This has lasted about a week.",infectious gastroenteritis,Febrile/Systemic
"My main problems are peripheral edema, lip swelling, skin swelling, leg swelling, skin lesion, fluid retention, hand or finger swelling and itching of skin. It started two days ago.",insect bite,Musculoskeletal/Other
"Complaining of lip swelling, abnormal appearing skin, skin lesion, itching of skin and hand or finger swelling. It started two days ago.",insect bite,Musculoskeletal/Other
"Complaining of burning abdominal pain, fluid retention, nausea, flu-like syndrome, decreased appetite, vomiting, diarrhea, headache and unusual color or odor to urine.",infectious gastroenteritis,Febrile/Systemic
"Patient reports weakness, sweating, leg swelling, sharp chest pain and hemoptysis.",pulmonary embolism,Respiratory
"For the past few days I've had lower abdominal pain, chills, fever, diarrhea, vomiting and side pain. It began this morning.",diverticulitis,Gastrointestinal
"I've been experiencing sharp chest pain, delusions or hallucinations, leg swelling, leg pain, sweating, weakness, hemoptysis and shortness of breath and I'm worried. This has lasted about a week.",pulmonary embolism,Respiratory
"The symptoms are itchy scalp, skin lesion, joint pain, irregular appearing scalp, skin growth and abnormal appearing skin. It got worse overnight.",psoriasis,Dermatological
"Lately I keep having skin swelling, acne or pimples, skin rash, allergic reaction, swollen eye, skin moles and skin irritation. It comes and goes.",contact dermatitis,Dermatological
"Complaining of fluid retention, insomnia, rectal bleeding, decreased appetite, nausea and sharp abdominal pain. It comes and goes.",noninfectious gastroenteritis,Febrile/Systemic
"I came in because of itchiness of eye, intermenstrual bleeding, sneezing, allergic reaction and cough. It got worse overnight.",seasonal allergies (hay fever),Febrile/Systemic
"My main problems are acne or pimples, skin swelling, skin moles, skin growth, irregular appearing scalp and long menstrual periods.",acne,Dermatological
"Complaining of constipation, pain of the anus, headache and nausea.",ileus,Gastrointestinal
"My main problems are nausea, jaundice, sharp abdominal pain, rectal bleeding and depression. This has lasted about a week.",hepatitis due to a toxin,Gastrointestinal
"My main problems are warts, skin rash, acne or pimples, skin moles, skin irritation and itching of skin.",seborrheic keratosis,Dermatological
"The symptoms are chills, coryza, headache, sore throat, wheezing and fever.",common cold,Respiratory
"My main problems are headache, sharp abdominal pain, fever, chills, blood in stool, burning abdominal pain, vomiting and fluid retention.",noninfectious gastroenteritis,Febrile/Systemic
"I've been experiencing plugged feeling in ear, redness in ear, allergic reaction, nasal congestion, diminished hearing, ringing in ear and ear pain and I'm worried.",eustachian tube dysfunction (ear disorder),Musculoskeletal/Other
"Patient reports cough, problems with movement, fever, skin swelling and skin rash.",scarlet fever,Febrile/Systemic
"My main problems are symptoms of the face, dry or flaky scalp, skin growth, skin dryness, peeling, scaliness, or roughness, abnormal appearing skin, too little hair, acne or pimples and skin rash.",seborrheic dermatitis,Dermatological
"Chief complaint: regurgitation.1, painful urination, blood in urine, problems during pregnancy, lower abdominal pain, regurgitation and sharp abdominal pain. It got worse overnight.",temporary or benign blood in urine,Musculoskeletal/Other
"The symptoms are skin rash, skin irritation, abnormal appearing skin, skin moles, irregular appearing scalp and skin lesion. It began this morning.",seborrheic keratosis,Dermatological
"I came in because of skin rash, skin swelling, itching of skin, abnormal appearing skin, skin dryness, peeling, scaliness, or roughness, irregular appearing scalp and cough. It got worse overnight.",eczema,Dermatological
"I have mass or swelling around the anus, heartburn, lower body pain, rectal bleeding, sharp abdominal pain and melena. It got worse overnight.",hemorrhoids,Gastrointestinal
"I came in because of problems with movement, ankle swelling, foot or toe swelling, infant feeding problem, knee stiffness or tightness, foot or toe pain, knee swelling and leg swelling.",injury to the leg,Musculoskeletal/Other
"I feel unwell, with retention of urine, painful urination, involuntary urination, pelvic pain, side pain, back pain, lower abdominal pain and sharp abdominal pain. It comes and goes.",cystitis,Musculoskeletal/Other
"Lately I keep having too little hair, irregular appearing scalp, skin rash, abnormal appearing skin, skin dryness, peeling, scaliness, or roughness, itchy scalp and skin lesion. It got worse overnight.",fungal infection of the skin,Dermatological
"I have burning abdominal pain, nausea, decreased appetite, flu-like syndrome, chills, sharp abdominal pain, diarrhea and headache.",infectious gastroenteritis,Febrile/Systemic
"Lately I keep having cramps and spasms, blood in stool, heartburn and rectal bleeding. This has lasted about a week.",rectal disorder,Gastrointestinal
I've been experiencing elbow pain and foot or toe pain and I'm worried. It comes and goes.,bone spur of the calcaneous,Musculoskeletal/Other
"Patient reports shortness of breath, abnormal breathing sounds and sweating. It began this morning.",obstructive sleep apnea (osa),Respiratory
"I came in because of ear pain, fever, congestion in chest, cough, headache, facial pain, painful sinuses and sore throat.",chronic sinusitis,Respiratory
"Complaining of sore throat, nausea, headache, coryza and ache all over.",flu,Respiratory
"The symptoms are bleeding from eye, facial pain, headache, eye redness and diminished vision. It got worse overnight.",subconjunctival hemorrhage,Musculoskeletal/Other
"I've been experiencing blood in stool, headache, burning abdominal pain, nausea, decreased appetite and fever and I'm worried. This has lasted about a week.",infectious gastroenteritis,Febrile/Systemic
"For the past few days I've had chills, sore throat, coryza, cough and wheezing. It began this morning.",pneumonia,Respiratory
"The symptoms are fever, hip pain, depressive or psychotic symptoms and symptoms of the face.",lyme disease,Febrile/Systemic
"For the past few days I've had sharp abdominal pain, diarrhea, lower abdominal pain, headache and pain of the anus. It comes and goes.",ileus,Gastrointestinal
"I've been experiencing sore throat, hip pain, sharp chest pain, cough, coryza, fever and wheezing and I'm worried.",pneumonia,Respiratory
"I've been experiencing difficulty breathing, decreased appetite, fever, vomiting, nasal congestion and coryza and I'm worried. It got worse overnight.",acute bronchiolitis,Respiratory
"Chief complaint: leg swelling, hand or finger swelling, foot or toe pain, foot or toe swelling and skin rash.",pyogenic skin infection,Dermatological
"Since yesterday I've noticed burning abdominal pain, decreased appetite, sharp chest pain, nausea and headache. This has lasted about a week.",infectious gastroenteritis,Febrile/Systemic
"I have hip pain, pelvic pain, bones are painful, back pain and hand or finger stiffness or tightness. This has lasted about a week.",fracture of the vertebra,Musculoskeletal/Other
"The symptoms are temper problems, fever, irritable infant, skin rash, cough and vomiting. It started two days ago.",diaper rash,Dermatological
"Chief complaint: sharp abdominal pain, fluid retention, burning abdominal pain, chills, headache, diarrhea, nausea, fever and rectal bleeding.",noninfectious gastroenteritis,Febrile/Systemic
"Chief complaint: skin growth, skin swelling, itching of skin and warts.",skin polyp,Dermatological
"My main problems are ankle pain, ankle swelling, hand or finger pain, leg swelling and foot or toe swelling. It started two days ago.",gout,Musculoskeletal/Other
"The symptoms are ear pain, sinus congestion, decreased heart rate, cough, fever, sore throat and coryza. It comes and goes.",acute sinusitis,Respiratory
"My main problems are nasal congestion, itching of skin, skin swelling, skin rash and abnormal appearing skin. It began this morning.",viral exanthem,Musculoskeletal/Other
"Lately I keep having upper abdominal pain, side pain, heartburn, shortness of breath, unusual color or odor to urine and diarrhea. It got worse overnight.",liver disease,Gastrointestinal
"I've been experiencing sharp abdominal pain, vomiting, frequent urination and retention of urine and I'm worried.",kidney stone,Musculoskeletal/Other
"The symptoms are vomiting, ache all over, chills, sore throat, headache, coryza and nausea. It began this morning.",flu,Respiratory
"Lately I keep having diarrhea, vaginal pain, dizziness, vomiting blood and rectal bleeding.",gastrointestinal hemorrhage,Gastrointestinal
"For the past few days I've had sharp chest pain, fever, chest tightness, sore throat and coryza. It began this morning.",chronic obstructive pulmonary disease (copd),Respiratory
"Complaining of vomiting, cough, chills, diarrhea, sore throat, fever, ache all over and headache. It got worse overnight.",flu,Respiratory
"I feel unwell, with nausea, vomiting and feeling ill. This has lasted about a week.",hepatitis due to a toxin,Gastrointestinal
"Complaining of mouth dryness, sweating, sleepiness, fatigue and shortness of breath.",obstructive sleep apnea (osa),Respiratory
"The symptoms are difficulty in swallowing, cough, regurgitation.1 and regurgitation. It started two days ago.",gastroesophageal reflux disease (gerd),Gastrointestinal
"My main problems are acne or pimples, skin growth and skin irritation. It began this morning.",skin disorder,Dermatological
"Patient reports swollen lymph nodes, headache, nasal congestion, cough and fever. This has lasted about a week.",mononucleosis,Febrile/Systemic
"For the past few days I've had headache, nasal congestion, coryza, sore throat, allergic reaction, frontal headache and lacrimation.",seasonal allergies (hay fever),Febrile/Systemic
"Lately I keep having hand or finger pain, skin swelling, peripheral edema, skin lesion and foot or toe pain.",pyogenic skin infection,Dermatological
"Lately I keep having wrist pain, hand or finger pain, ankle pain, foot or toe pain and shoulder pain. This has lasted about a week.",tendinitis,Musculoskeletal/Other
"I have ache all over, burning abdominal pain, joint pain and knee pain. It began this morning.",arthritis of the hip,Musculoskeletal/Other
"I feel unwell, with arm weakness, arm pain, back pain, leg weakness and paresthesia. It started two days ago.",peripheral nerve disorder,Musculoskeletal/Other
"My main problems are fever, sore throat, vomiting, nasal congestion and coryza. It comes and goes.",acute bronchospasm,Respiratory
"I feel unwell, with pulling at ears, wheezing and shortness of breath.",croup,Respiratory
"Complaining of facial pain, bleeding from ear, diminished hearing, headache and ear pain. It started two days ago.",injury to the face,Musculoskeletal/Other
"Lately I keep having burning abdominal pain, headache, blood in stool, fever, fluid retention and sharp abdominal pain. It got worse overnight.",infectious gastroenteritis,Febrile/Systemic
"I feel unwell, with fever, hoarse voice, cough, coryza, throat feels tight, sore throat and difficulty speaking. It comes and goes.",laryngitis,Respiratory
"I came in because of skin moles, skin irritation, skin growth, itching of skin, symptoms of the face, skin rash, skin lesion and irregular appearing scalp. It got worse overnight.",actinic keratosis,Dermatological
"Patient reports nausea, fluid retention, vomiting, shortness of breath and sharp abdominal pain.",fluid overload,Musculoskeletal/Other
"I feel unwell, with skin growth, ache all over, sharp abdominal pain, nausea, leg pain and vomiting. This has lasted about a week.",chronic pancreatitis,Gastrointestinal
"My main problems are foot or toe swelling, joint pain, foot or toe weakness, lower abdominal pain, leg pain and ankle pain.",injury of the ankle,Musculoskeletal/Other
"Chief complaint: rectal bleeding, pain of the anus, heartburn, mass or swelling around the anus, itching of the anus, nosebleed and constipation. It comes and goes.",hemorrhoids,Gastrointestinal
"The symptoms are sinus congestion, facial pain, sore throat and headache. It comes and goes.",chronic sinusitis,Respiratory
"Chief complaint: sharp abdominal pain, vomiting, changes in stool appearance and fainting. This has lasted about a week.",gastrointestinal hemorrhage,Gastrointestinal
"The symptoms are nausea, diarrhea, chills, coryza, sore throat, ache all over and vomiting.",flu,Respiratory
"I came in because of insomnia, lower abdominal pain and nausea. It started two days ago.",irritable bowel syndrome,Gastrointestinal
"Lately I keep having difficulty in swallowing, nasal congestion, cough and headache. It started two days ago.",abscess of the pharynx,Dermatological
"I have symptoms of the face, headache, depressive or psychotic symptoms, fatigue, abnormal appearing skin and sharp chest pain.",lyme disease,Febrile/Systemic
"I have back pain, blood in urine, retention of urine, lower abdominal pain, suprapubic pain and vomiting. This has lasted about a week.",kidney stone,Musculoskeletal/Other
"My main problems are throat swelling, throat feels tight, headache and swollen lymph nodes. It began this morning.",peritonsillar abscess,Dermatological
"Complaining of headache, diarrhea, nausea, fever, fluid retention, burning abdominal pain and vomiting. This has lasted about a week.",infectious gastroenteritis,Febrile/Systemic
"Since yesterday I've noticed fever, nasal congestion, swollen lymph nodes, feeling ill and sore throat. It started two days ago.",mononucleosis,Febrile/Systemic
"I have cough, skin rash and pain in testicles. It got worse overnight.",chickenpox,Febrile/Systemic
"I've been experiencing pain during intercourse, blood in urine, involuntary urination, frequent urination, loss of sex drive, excessive urination at night, retention of urine and impotence and I'm worried.",erectile dysfunction,Musculoskeletal/Other
"Patient reports swollen abdomen, groin pain, ache all over, symptoms of the scrotum and testes and groin mass. It comes and goes.",inguinal hernia,Gastrointestinal
"Patient reports irritable infant, blood in stool, pulling at ears, temper problems, nasal congestion, skin rash, vomiting and fever.",diaper rash,Dermatological
"Lately I keep having shortness of breath, stomach bloating, hoarse voice, decreased appetite and sharp abdominal pain.",esophageal cancer,Gastrointestinal
"I came in because of redness in ear, ear pain, diminished hearing, abnormal breathing sounds, sore throat, dizziness, swollen or red tonsils and ringing in ear. This has lasted about a week.",eustachian tube dysfunction (ear disorder),Musculoskeletal/Other
"My main problems are abnormal appearing skin, acne or pimples, skin swelling, skin growth, skin moles, irregular appearing scalp and skin lesion.",skin polyp,Dermatological
"I have irregular appearing scalp, pelvic pain, skin lesion, skin rash, itchy scalp, itching of skin and acne or pimples.",fungal infection of the hair,Dermatological
"I have mouth pain, pain in gums, peripheral edema, lip swelling and jaw swelling.",tooth abscess,Dermatological
"The symptoms are melena, changes in stool appearance, fainting, vomiting, rectal bleeding and dizziness. It started two days ago.",gastrointestinal hemorrhage,Gastrointestinal
"Complaining of jaw swelling, neck swelling, skin swelling and toothache. It comes and goes.",tooth abscess,Dermatological
"I feel unwell, with skin dryness, peeling, scaliness, or roughness, skin irritation, irregular appearing scalp, abnormal appearing skin, skin lesion, skin swelling and acne or pimples.",fungal infection of the hair,Dermatological
"I've been experiencing side pain, diarrhea, peripheral edema, hurts to breath, blood in stool, heartburn, sharp abdominal pain, unusual color or odor to urine and nausea and I'm worried.",liver disease,Gastrointestinal
"I came in because of chills, sore throat, vomiting, cough, nasal congestion, wheezing and fever. This has lasted about a week.",pneumonia,Respiratory
"I have weight gain, fatigue, mouth dryness, abnormal breathing sounds, abnormal involuntary movements and insomnia.",obstructive sleep apnea (osa),Respiratory
"Since yesterday I've noticed itchiness of eye, lacrimation, cough, ear pain and allergic reaction. This has lasted about a week.",seasonal allergies (hay fever),Febrile/Systemic
"The symptoms are back pain, sharp abdominal pain, upper abdominal pain, difficulty in swallowing, heartburn and sharp chest pain.",hiatal hernia,Gastrointestinal
"My main problems are diminished hearing, fluid in ear, vomiting, ear pain and cough.",otitis media,Musculoskeletal/Other
"Complaining of sharp chest pain, difficulty breathing, chest tightness, cough, weakness and leg swelling.",pulmonary embolism,Respiratory
"I feel unwell, with peripheral edema, elbow swelling and ache all over.",rheumatoid arthritis,Musculoskeletal/Other
"I feel unwell, with retention of urine, pain of the anus, burning abdominal pain, rectal bleeding, constipation, lower abdominal pain, vomiting and blood in stool.",chronic constipation,Gastrointestinal
"Lately I keep having itching of skin, skin lesion, abnormal appearing skin, skin irritation, skin dryness, peeling, scaliness, or roughness, skin moles and irregular appearing scalp. It got worse overnight.",skin disorder,Dermatological
"Patient reports hurts to breath, nasal congestion, cough and fever. It began this morning.",acute bronchiolitis,Respiratory
"Since yesterday I've noticed hurts to breath, difficulty breathing, wheezing, decreased appetite, nasal congestion, fever, coryza and cough. This has lasted about a week.",acute bronchiolitis,Respiratory
"For the past few days I've had lower abdominal pain, diarrhea, vomiting, sharp abdominal pain, burning abdominal pain and headache. It started two days ago.",ileus,Gastrointestinal
"I feel unwell, with skin swelling, abnormal appearing skin, skin lesion, skin moles, lip swelling and warts.",viral warts,Dermatological
"I came in because of upper abdominal pain, nausea, shortness of breath, peripheral edema and sharp abdominal pain.",liver disease,Gastrointestinal
"Lately I keep having abnormal appearing skin, skin lesion, skin rash, hand or finger pain and peripheral edema. This has lasted about a week.",pyogenic skin infection,Dermatological
"I have chills, sharp chest pain, wheezing, coryza, nasal congestion, weakness and shortness of breath. It started two days ago.",pneumonia,Respiratory
"I came in because of lip swelling, skin dryness, peeling, scaliness, or roughness, abnormal appearing skin and skin irritation.",skin cancer,Dermatological
"Chief complaint: hoarse voice, vomiting, nasal congestion, sore throat, cough and fever. It began this morning.",croup,Respiratory
"Chief complaint: warts, skin moles, skin swelling, lip swelling and skin dryness, peeling, scaliness, or roughness. It comes and goes.",skin cancer,Dermatological
"Patient reports rectal bleeding, sharp abdominal pain, vomiting, weakness, blood in stool and nausea. It began this morning.",gastrointestinal hemorrhage,Gastrointestinal
"I feel unwell, with abnormal appearing skin, itchy scalp, joint pain, skin lesion and skin rash. It comes and goes.",psoriasis,Dermatological
"I feel unwell, with diarrhea, chills, burning abdominal pain and constipation. It comes and goes.",diverticulitis,Gastrointestinal
"Chief complaint: vomiting, fluid retention, nausea, decreased appetite, rectal bleeding and fever.",noninfectious gastroenteritis,Febrile/Systemic
"Chief complaint: headache, facial pain, nasal congestion, apnea, abnormal breathing sounds, sore throat and painful sinuses. It began this morning.",deviated nasal septum,Respiratory
"For the past few days I've had vomiting, heartburn, sharp chest pain, burning abdominal pain, lower body pain, upper abdominal pain, regurgitation.1, shoulder pain and sharp abdominal pain. It got worse overnight.",gallstone,Gastrointestinal
"I have nausea, upper abdominal pain, sharp chest pain, sharp abdominal pain, lower body pain, vomiting and burning abdominal pain. It started two days ago.",cholecystitis,Gastrointestinal
"I've been experiencing hostile behavior, obsessions and compulsions, low self-esteem and depressive or psychotic symptoms and I'm worried. It comes and goes.",oppositional disorder,Musculoskeletal/Other
"The symptoms are skin moles, abnormal appearing skin, skin swelling, skin growth, irregular appearing scalp, acne or pimples, skin irritation and skin dryness, peeling, scaliness, or roughness.",skin polyp,Dermatological
"Chief complaint: vaginal discharge, burning abdominal pain, vaginal pain, painful urination, sharp abdominal pain, pain during pregnancy and nausea. This has lasted about a week.",vulvodynia,Musculoskeletal/Other
"Complaining of ear pain, coughing up sputum, cough, fever, frontal headache and sore throat.",acute sinusitis,Respiratory
"My main problems are irregular appearing nails, nausea, heartburn and sharp chest pain. It began this morning.",indigestion,Musculoskeletal/Other
"The symptoms are vomiting, constipation, impotence, nausea, diarrhea, sharp abdominal pain, side pain, chills and blood in stool. This has lasted about a week.",diverticulitis,Gastrointestinal
"Lately I keep having diarrhea, rectal bleeding, blood in stool, sharp abdominal pain and heartburn.",colonic polyp,Gastrointestinal
"Lately I keep having fluid retention, blood in stool, rectal bleeding and fever.",noninfectious gastroenteritis,Febrile/Systemic
"Patient reports skin dryness, peeling, scaliness, or roughness, abnormal appearing skin, itchy scalp, skin rash, pelvic pain and skin swelling. It got worse overnight.",fungal infection of the hair,Dermatological
"My main problems are shoulder pain, neck swelling and bones are painful. This has lasted about a week.",fracture of the shoulder,Musculoskeletal/Other
Chief complaint: pain during pregnancy and problems during pregnancy.,problem during pregnancy,Musculoskeletal/Other
"The symptoms are abnormal appearing skin, itchy scalp, skin swelling, skin lesion, skin growth, skin dryness, peeling, scaliness, or roughness and pelvic pain.",fungal infection of the hair,Dermatological
"I've been experiencing skin moles, acne or pimples, swollen eye, skin rash and itching of skin and I'm worried.",contact dermatitis,Dermatological
"My main problems are skin dryness, peeling, scaliness, or roughness, skin rash, acne or pimples, allergic reaction, skin swelling, skin moles and skin irritation.",contact dermatitis,Dermatological
"The symptoms are blood in stool, rectal bleeding, decreased appetite, nausea and diarrhea. It comes and goes.",noninfectious gastroenteritis,Febrile/Systemic
"I have hoarse voice, pulling at ears, nasal congestion, sore throat and fever.",croup,Respiratory
"My main problems are lower body pain, hip pain and stiffness all over.",spondylitis,Musculoskeletal/Other
"I feel unwell, with pelvic pain, vaginal pain, suprapubic pain, vaginal discharge, frequent urination and sharp abdominal pain.",yeast infection,Musculoskeletal/Other
"Since yesterday I've noticed hemoptysis, shortness of breath, leg swelling and side pain. This has lasted about a week.",pulmonary embolism,Respiratory
"Chief complaint: shortness of breath, rib pain, cough and weakness.",pleural effusion,Respiratory
"Chief complaint: nasal congestion, shortness of breath, decreased appetite and vomiting. It began this morning.",sepsis,Febrile/Systemic
"For the past few days I've had skin moles, abnormal appearing skin, symptoms of eye, acne or pimples, skin swelling, skin dryness, peeling, scaliness, or roughness, skin growth and lymphedema. It comes and goes.",rosacea,Dermatological
"I've been experiencing cough, throat feels tight and fever and I'm worried. It began this morning.",laryngitis,Respiratory
"Lately I keep having paresthesia, leg weakness, shoulder pain, neck pain, hip pain and loss of sensation.",herniated disk,Gastrointestinal
"Patient reports skin lesion, irregular appearing scalp, skin swelling, abnormal appearing skin, skin rash, warts and skin moles. It started two days ago.",skin pigmentation disorder,Dermatological
"Patient reports burning abdominal pain, fluid retention, chills, headache, nausea, fever, diarrhea and blood in stool. It began this morning.",noninfectious gastroenteritis,Febrile/Systemic
"I've been experiencing sneezing, lacrimation, coryza, frontal headache, nasal congestion, allergic reaction, itchiness of eye and headache and I'm worried. It started two days ago.",seasonal allergies (hay fever),Febrile/Systemic
"Complaining of skin growth, abnormal appearing skin, skin dryness, peeling, scaliness, or roughness and groin mass.",soft tissue sarcoma,Musculoskeletal/Other
"Patient reports nausea, vomiting, neck stiffness or tightness, headache and cough.",meningitis,Febrile/Systemic
"I feel unwell, with weakness, feeling ill and difficulty breathing. It started two days ago.",sepsis,Febrile/Systemic
"I came in because of smoking problems, insomnia, obsessions and compulsions, hostile behavior and excessive anger. It started two days ago.",neurosis,Musculoskeletal/Other
"Complaining of ankle pain, muscle pain, joint pain, leg pain, knee pain and knee weakness.",osteoarthritis,Musculoskeletal/Other
"Complaining of nausea, vomiting, burning abdominal pain, retention of urine and stomach bloating. It started two days ago.",intestinal obstruction,Gastrointestinal
"Lately I keep having chest tightness, fever, wheezing, coryza, congestion in chest and coughing up sputum.",chronic obstructive pulmonary disease (copd),Respiratory
"Complaining of vomiting, sore throat, chest tightness, shortness of breath and sharp chest pain.",acute bronchospasm,Respiratory
"I have skin moles, abnormal appearing skin, skin lesion, irregular appearing scalp, acne or pimples, skin dryness, peeling, scaliness, or roughness and skin swelling.",skin disorder,Dermatological
"I've been experiencing lack of growth, excessive anger, hysterical behavior, fainting, depressive or psychotic symptoms and seizures and I'm worried.",conduct disorder,Musculoskeletal/Other
"Chief complaint: itching of the anus, lower body pain, pain of the anus, mass or swelling around the anus, melena and sharp abdominal pain. It comes and goes.",hemorrhoids,Gastrointestinal
"Since yesterday I've noticed cough, coryza, fever and ear pain. It began this morning.",acute sinusitis,Respiratory
"Complaining of peripheral edema, abnormal involuntary movements, diarrhea, stomach bloating, weight gain and sharp abdominal pain.",alcoholic liver disease,Gastrointestinal
"Lately I keep having foreign body sensation in eye, abnormal movement of eyelid, symptoms of eye and eye redness. It began this morning.",dry eye of unknown cause,Musculoskeletal/Other
"I feel unwell, with heartburn, sharp abdominal pain, burning abdominal pain, nausea, shortness of breath, sore throat, upper abdominal pain, headache and cough.",esophagitis,Gastrointestinal
"I came in because of diarrhea, lower abdominal pain, sharp abdominal pain, nausea and vomiting. It began this morning.",diverticulitis,Gastrointestinal
"The symptoms are skin dryness, peeling, scaliness, or roughness, skin lesion, abnormal appearing skin, skin rash and skin irritation. It began this morning.",actinic keratosis,Dermatological
"Since yesterday I've noticed flu-like syndrome, blood in stool, chills, nausea, headache, decreased appetite, burning abdominal pain and diarrhea.",infectious gastroenteritis,Febrile/Systemic
"Since yesterday I've noticed decreased appetite, headache, fluid retention, vomiting, sharp abdominal pain, rectal bleeding and fever.",noninfectious gastroenteritis,Febrile/Systemic
"Complaining of leg swelling, cough and fever.",pulmonary congestion,Respiratory
"My main problems are painful sinuses, allergic reaction, abnormal breathing sounds and sore throat. It began this morning.",deviated nasal septum,Respiratory
"Since yesterday I've noticed ear pain, cough, sore throat, coryza and difficulty in swallowing. It began this morning.",laryngitis,Respiratory
"I feel unwell, with fever, chills, difficulty breathing and sharp chest pain. It began this morning.",acute respiratory distress syndrome (ards),Respiratory
"I came in because of chills, diarrhea, decreased appetite, sharp abdominal pain, burning abdominal pain, vomiting and nausea. It began this morning.",noninfectious gastroenteritis,Febrile/Systemic
"I've been experiencing fever, coryza, coughing up sputum and shortness of breath and I'm worried. This has lasted about a week.",asthma,Respiratory
"Since yesterday I've noticed fever, sharp abdominal pain, decreased appetite, diarrhea, flu-like syndrome, fluid retention and vomiting. This has lasted about a week.",infectious gastroenteritis,Febrile/Systemic
"Since yesterday I've noticed vomiting, lower abdominal pain, stomach bloating, fever, burning abdominal pain and upper abdominal pain. It started two days ago.",appendicitis,Gastrointestinal
"The symptoms are acne or pimples, skin irritation, irregular appearing scalp, skin rash, skin growth, itching of skin, skin lesion and skin swelling.",seborrheic keratosis,Dermatological
"Patient reports shortness of breath, cough, coughing up sputum, nasal congestion, sharp chest pain and sore throat.",acute bronchitis,Respiratory
"Complaining of vomiting, shortness of breath, upper abdominal pain and nausea.",esophagitis,Gastrointestinal
"Since yesterday I've noticed insomnia, delusions or hallucinations, nightmares, depression and excessive anger. It started two days ago.",adjustment reaction,Musculoskeletal/Other
"I have skin irritation, acne or pimples, skin rash, itching of skin, skin swelling, allergic reaction and skin dryness, peeling, scaliness, or roughness.",contact dermatitis,Dermatological
"Since yesterday I've noticed ache all over, symptoms of the scrotum and testes, mass in scrotum, groin mass, swelling of scrotum, lower abdominal pain, sharp abdominal pain and groin pain.",inguinal hernia,Gastrointestinal
"For the past few days I've had lacrimation, frontal headache, headache, ear pain, sore throat and itchiness of eye. It got worse overnight.",seasonal allergies (hay fever),Febrile/Systemic
"Patient reports nasal congestion, coryza, sore throat, allergic reaction, sneezing, headache and lacrimation.",seasonal allergies (hay fever),Febrile/Systemic
"Lately I keep having fever, temper problems, pulling at ears, diaper rash and nasal congestion. It got worse overnight.",diaper rash,Dermatological
"I feel unwell, with nausea, vomiting, fever and burning abdominal pain.",noninfectious gastroenteritis,Febrile/Systemic
"Complaining of rectal bleeding, burning abdominal pain, headache, blood in stool, fluid retention and diarrhea. This has lasted about a week.",noninfectious gastroenteritis,Febrile/Systemic
"Chief complaint: shoulder pain, loss of sensation, arm weakness, arm pain, hip pain, low back pain, neck pain and leg pain.",herniated disk,Gastrointestinal
"Patient reports headache, vomiting, fluid retention, sharp abdominal pain and burning abdominal pain.",infectious gastroenteritis,Febrile/Systemic
"Patient reports itchy ear(s), redness in ear, plugged feeling in ear and ear pain.",otitis externa (swimmer's ear),Musculoskeletal/Other
"Lately I keep having mouth ulcer, lip swelling, pain in gums, ear pain, toothache, fever and bleeding gums.",gum disease,Musculoskeletal/Other
"Patient reports weakness, jaundice, side pain, upper abdominal pain, unusual color or odor to urine, sharp abdominal pain, heartburn and diarrhea. It comes and goes.",liver disease,Gastrointestinal
"For the past few days I've had itchy scalp, acne or pimples, skin irritation, headache and skin rash. This has lasted about a week.",fungal infection of the hair,Dermatological
"Patient reports swollen lymph nodes, abnormal appearing skin, skin growth and itchy eyelid. It comes and goes.",melanoma,Dermatological
"Complaining of itchiness of eye, double vision, white discharge from eye, eye redness and foreign body sensation in eye.",corneal disorder,Musculoskeletal/Other
"Lately I keep having burning abdominal pain, sharp chest pain, sharp abdominal pain, nausea, sore throat and upper abdominal pain.",esophagitis,Gastrointestinal
"I feel unwell, with mass in scrotum, symptoms of the scrotum and testes, groin mass, swelling of scrotum, pain in testicles and ache all over. It started two days ago.",inguinal hernia,Gastrointestinal
"My main problems are sharp abdominal pain, feeling ill, decreased appetite, difficulty breathing, shortness of breath and suprapubic pain.",sepsis,Febrile/Systemic
"I've been experiencing rectal bleeding, decreased appetite, chills, vomiting, sharp abdominal pain and fluid retention and I'm worried.",noninfectious gastroenteritis,Febrile/Systemic
"Complaining of diarrhea, peripheral edema, blood in stool, shortness of breath, sharp abdominal pain, jaundice, nausea and unusual color or odor to urine. It began this morning.",liver disease,Gastrointestinal
"My main problems are fluid in ear, hoarse voice, difficulty speaking and ear pain. It comes and goes.",conductive hearing loss,Musculoskeletal/Other
"I came in because of frontal headache, cough, allergic reaction, headache, ankle pain and lacrimation.",seasonal allergies (hay fever),Febrile/Systemic
"My main problems are paresthesia, elbow pain, neck pain, wrist pain and hand or finger swelling. This has lasted about a week.",carpal tunnel syndrome,Musculoskeletal/Other
"For the past few days I've had flu-like syndrome, vomiting, fluid retention, burning abdominal pain and difficulty speaking. It began this morning.",infectious gastroenteritis,Febrile/Systemic
"Since yesterday I've noticed shortness of breath, hemoptysis, leg pain, sharp chest pain and chest tightness.",pulmonary embolism,Respiratory
"I've been experiencing shortness of breath, cough, coryza, nasal congestion, pain during pregnancy, chills, sharp chest pain and vomiting and I'm worried. This has lasted about a week.",pneumonia,Respiratory
"The symptoms are headache, fever, diarrhea, sharp abdominal pain and burning abdominal pain. It started two days ago.",infectious gastroenteritis,Febrile/Systemic
"I came in because of upper abdominal pain, sharp abdominal pain, chest tightness, nausea, vomiting, sharp chest pain and sore throat. It got worse overnight.",esophagitis,Gastrointestinal
"Patient reports headache, decreased appetite, chills, diarrhea, vomiting and nausea.",noninfectious gastroenteritis,Febrile/Systemic
"Patient reports chest tightness, shortness of breath, sore throat, nasal congestion and sharp chest pain.",acute bronchospasm,Respiratory
"Patient reports nausea, upper abdominal pain, burning abdominal pain and lower abdominal pain.",irritable bowel syndrome,Gastrointestinal
"Lately I keep having chills, vomiting, burning abdominal pain, blood in stool and rectal bleeding. This has lasted about a week.",noninfectious gastroenteritis,Febrile/Systemic
"My main problems are diarrhea, blood in stool, headache, vomiting, decreased appetite and fever.",infectious gastroenteritis,Febrile/Systemic
"My main problems are abnormal breathing sounds, difficulty in swallowing, sweating, fatigue and sleepiness. It started two days ago.",obstructive sleep apnea (osa),Respiratory
"I feel unwell, with paresthesia, knee pain, neck pain and leg pain.",spondylosis,Musculoskeletal/Other
"Lately I keep having blood in urine, suprapubic pain, ear pain, painful urination, regurgitation.1, regurgitation, retention of urine and involuntary urination.",temporary or benign blood in urine,Musculoskeletal/Other
"Since yesterday I've noticed sore throat, coryza, facial pain, nasal congestion, painful sinuses, fever, sinus congestion and ear pain. This has lasted about a week.",acute sinusitis,Respiratory
"For the past few days I've had sharp abdominal pain, headache, fever, nausea, burning abdominal pain, blood in stool and chills.",infectious gastroenteritis,Febrile/Systemic
"My main problems are diarrhea, headache, sharp abdominal pain, rectal bleeding, decreased appetite, chills and blood in stool.",noninfectious gastroenteritis,Febrile/Systemic
"For the past few days I've had changes in stool appearance, sharp chest pain, blood in stool and vomiting blood.",gastroduodenal ulcer,Gastrointestinal
"I've been experiencing warts, skin growth, itching of skin, skin dryness, peeling, scaliness, or roughness, acne or pimples and skin swelling and I'm worried. It comes and goes.",skin polyp,Dermatological
"Since yesterday I've noticed nasal congestion, diaper rash, temper problems and diarrhea. It got worse overnight.",diaper rash,Dermatological
"Chief complaint: difficulty breathing, headache, sore throat, sharp chest pain, coryza and congestion in chest.",acute bronchitis,Respiratory
"I have sharp chest pain, coryza and wheezing. It got worse overnight.",chronic obstructive pulmonary disease (copd),Respiratory
"I've been experiencing retention of urine, pain of the anus, blood in stool, sharp abdominal pain, lower abdominal pain and vomiting and I'm worried.",chronic constipation,Gastrointestinal
"The symptoms are skin irritation, skin dryness, peeling, scaliness, or roughness, itching of skin and allergic reaction.",eczema,Dermatological
"I feel unwell, with apnea, redness in ear, nasal congestion, cough, difficulty in swallowing and fever.",tonsillar hypertrophy,Respiratory
"I've been experiencing chest tightness, irregular heartbeat, difficulty speaking, weight gain, dizziness, fatigue and increased heart rate and I'm worried. It started two days ago.",paroxysmal ventricular tachycardia,Musculoskeletal/Other
"Complaining of ear pain, difficulty in swallowing, nasal congestion, cough, fever and vomiting. It comes and goes.",strep throat,Musculoskeletal/Other
"My main problems are heartburn, vomiting, upper abdominal pain, side pain, sharp abdominal pain, regurgitation.1, nausea and burning abdominal pain. It comes and goes.",gallstone,Gastrointestinal
"For the past few days I've had rectal bleeding, melena, dizziness, changes in stool appearance, vomiting, nosebleed, nausea and blood in stool.",gastrointestinal hemorrhage,Gastrointestinal
"I feel unwell, with excessive urination at night, retention of urine, low urine output, symptoms of bladder and hesitancy.",benign prostatic hyperplasia (bph),Musculoskeletal/Other
"My main problems are skin growth, acne or pimples, skin irritation, skin rash and warts.",seborrheic keratosis,Dermatological
"Chief complaint: vaginal discharge, burning abdominal pain, frequent urination, painful urination, pain during pregnancy and vaginal redness. It began this morning.",benign vaginal discharge (leukorrhea),Musculoskeletal/Other
"For the past few days I've had lower body pain, arm pain, neck pain, hip pain, joint pain and loss of sensation.",degenerative disc disease,Musculoskeletal/Other
"I came in because of fever, nasal congestion, decreased heart rate, leg swelling and chest tightness.",pulmonary congestion,Respiratory
"Lately I keep having muscle cramps, contractures, or spasms, leg pain, neck pain, arm pain and low back pain. It got worse overnight.",muscle spasm,Musculoskeletal/Other
"The symptoms are skin growth, abnormal appearing skin, warts and itching of skin.",skin pigmentation disorder,Dermatological
"Chief complaint: suprapubic pain, frequent urination, side pain, retention of urine, back pain, involuntary urination and pelvic pain. It began this morning.",cystitis,Musculoskeletal/Other
"I came in because of sharp abdominal pain, chills, weakness, feeling ill and fever.",sepsis,Febrile/Systemic
"Lately I keep having skin growth, skin swelling, warts, acne or pimples and skin irritation.",skin polyp,Dermatological
"My main problems are itching of skin, jaundice, depression, nausea and vomiting.",hepatitis due to a toxin,Gastrointestinal
"My main problems are chills, vomiting, suprapubic pain and decreased appetite.",sepsis,Febrile/Systemic
"Patient reports fever, sharp abdominal pain, flu-like syndrome, diarrhea, decreased appetite and burning abdominal pain. It got worse overnight.",infectious gastroenteritis,Febrile/Systemic
"For the past few days I've had skin lesion, foot or toe pain, peripheral edema and skin growth.",pyogenic skin infection,Dermatological
"I have arm weakness, foot or toe pain, arm pain, paresthesia, leg weakness, disturbance of memory and loss of sensation. It comes and goes.",peripheral nerve disorder,Musculoskeletal/Other
"My main problems are decreased appetite, diarrhea, headache, fever and chills. It started two days ago.",noninfectious gastroenteritis,Febrile/Systemic
"I have burning abdominal pain, painful urination, pelvic pain, nausea, suprapubic pain, back pain, sharp abdominal pain and vomiting.",pelvic inflammatory disease,Musculoskeletal/Other
"My main problems are diarrhea, rectal bleeding, decreased appetite, fluid retention and nausea. It started two days ago.",noninfectious gastroenteritis,Febrile/Systemic
"For the past few days I've had lower abdominal pain, swollen abdomen, ache all over, sharp abdominal pain, irregular belly button and symptoms of the scrotum and testes. It comes and goes.",abdominal hernia,Gastrointestinal
"Lately I keep having difficulty in swallowing, sleepiness, abnormal breathing sounds, fatigue, apnea, insomnia, abnormal involuntary movements and mouth dryness.",obstructive sleep apnea (osa),Respiratory
"My main problems are sharp chest pain, hip pain, muscle pain and ache all over.",fibromyalgia,Musculoskeletal/Other
"I came in because of gum pain, jaw swelling, mouth pain, skin swelling and neck swelling.",tooth abscess,Dermatological
"Patient reports diarrhea, vomiting, chills, decreased appetite and sharp abdominal pain. This has lasted about a week.",noninfectious gastroenteritis,Febrile/Systemic
"Lately I keep having itchy scalp, itching of skin, skin lesion, skin moles, skin swelling, skin growth, abnormal appearing skin and skin dryness, peeling, scaliness, or roughness. It got worse overnight.",psoriasis,Dermatological
"I feel unwell, with cough, fever, feeling ill and headache. This has lasted about a week.",mononucleosis,Febrile/Systemic
"Lately I keep having vomiting, cough, nausea, fever and neck pain.",meningitis,Febrile/Systemic
"I have headache, feeling ill and cough. It started two days ago.",mononucleosis,Febrile/Systemic
"I've been experiencing sore throat, sneezing, lacrimation, frontal headache, coryza and nasal congestion and I'm worried. This has lasted about a week.",seasonal allergies (hay fever),Febrile/Systemic
"I've been experiencing hand or finger pain, joint pain, hand or finger swelling, arm swelling, bones are painful, arm pain, loss of sensation and wrist pain and I'm worried. This has lasted about a week.",injury to the arm,Musculoskeletal/Other
"I feel unwell, with ache all over, cough, nausea and headache. This has lasted about a week.",meningitis,Febrile/Systemic
"Since yesterday I've noticed vomiting, cough, chest tightness, sore throat, sharp chest pain, wheezing, coryza and difficulty breathing. It comes and goes.",acute bronchospasm,Respiratory
"Lately I keep having wheezing, fever, coryza, cough, shortness of breath and difficulty breathing.",asthma,Respiratory
"I have chills, rectal bleeding, fluid retention, nausea, sharp abdominal pain and decreased appetite. It got worse overnight.",noninfectious gastroenteritis,Febrile/Systemic
"I have pain of the anus, heartburn, sharp abdominal pain, itching of the anus and constipation.",rectal disorder,Gastrointestinal
"Since yesterday I've noticed ache all over, fever, chills, sore throat and vomiting.",flu,Respiratory
"Patient reports nasal congestion, headache, wheezing, coryza and shortness of breath. It comes and goes.",acute bronchitis,Respiratory
"Lately I keep having coughing up sputum, congestion in chest, sore throat and cough.",acute bronchitis,Respiratory
"Patient reports cough, weakness, leg swelling, vomiting, shortness of breath and suprapubic pain.",sepsis,Febrile/Systemic
"My main problems are sharp abdominal pain, sharp chest pain, nausea, dizziness, burning abdominal pain and vomiting blood.",hiatal hernia,Gastrointestinal
"For the past few days I've had difficulty breathing, shortness of breath, coughing up sputum and pain of the anus.",asthma,Respiratory
"Chief complaint: skin irritation, allergic reaction, skin rash and skin swelling. It comes and goes.",contact dermatitis,Dermatological
"I feel unwell, with side pain, nausea, sharp chest pain, heartburn, burning abdominal pain and lower body pain.",gallstone,Gastrointestinal
"My main problems are hand or finger pain, elbow pain, loss of sensation and wrist swelling. This has lasted about a week.",injury to the arm,Musculoskeletal/Other
"I feel unwell, with fluid retention, chills, diarrhea, headache and sharp abdominal pain. This has lasted about a week.",infectious gastroenteritis,Febrile/Systemic
"I feel unwell, with sharp abdominal pain, burning abdominal pain, fever, nausea and decreased appetite. It started two days ago.",noninfectious gastroenteritis,Febrile/Systemic
"I have hostile behavior, anxiety and nervousness, delusions or hallucinations, excessive anger and low self-esteem.",marijuana abuse,Musculoskeletal/Other
"The symptoms are sharp abdominal pain, shortness of breath, difficulty breathing, chills, decreased appetite and cough.",sepsis,Febrile/Systemic
"Patient reports fever, headache, vomiting, fluid retention, chills, rectal bleeding and sharp abdominal pain. It got worse overnight.",noninfectious gastroenteritis,Febrile/Systemic
"Patient reports depressive or psychotic symptoms, sweating and problems with movement. It got worse overnight.",hypoglycemia,Musculoskeletal/Other
"I've been experiencing irregular appearing scalp, skin moles, skin lesion, lip swelling and abnormal appearing skin and I'm worried. It started two days ago.",skin cancer,Dermatological
"Since yesterday I've noticed weakness, sweating, depressive or psychotic symptoms and dizziness.",hypoglycemia,Musculoskeletal/Other
"Chief complaint: burning abdominal pain, decreased appetite, flu-like syndrome, sharp abdominal pain, headache, diarrhea and blood in stool. It comes and goes.",infectious gastroenteritis,Febrile/Systemic
"Chief complaint: nasal congestion, hoarse voice, feeling ill, coryza, fever and sore throat. This has lasted about a week.",croup,Respiratory
"I feel unwell, with heartburn, weakness, nausea, blood in stool, diarrhea and shortness of breath. It started two days ago.",liver disease,Gastrointestinal
"Chief complaint: sharp abdominal pain, lower abdominal pain, upper abdominal pain, vomiting, side pain, nausea, stomach bloating and diarrhea.",appendicitis,Gastrointestinal
"I feel unwell, with facial pain, mouth pain, gum pain and lip swelling. It comes and goes.",tooth abscess,Dermatological
"I feel unwell, with hip pain, hip stiffness or tightness, leg pain, joint pain, groin pain, back pain, ache all over, pelvic pain and hand or finger pain. This has lasted about a week.",arthritis of the hip,Musculoskeletal/Other
"Chief complaint: jaundice, upper abdominal pain, unusual color or odor to urine, side pain, sharp abdominal pain and blood in stool.",liver disease,Gastrointestinal
"Since yesterday I've noticed vomiting, nausea, constipation and vaginal itching. It got worse overnight.",intestinal obstruction,Gastrointestinal
"Chief complaint: vomiting, abusing alcohol, diarrhea, side pain, shortness of breath, hemoptysis and sharp chest pain. It began this morning.",acute pancreatitis,Gastrointestinal
"Complaining of fever, cough, abnormal breathing sounds, coryza, shortness of breath, sore throat, vomiting and hoarse voice.",croup,Respiratory
"Patient reports hoarse voice, coryza, ear pain, fever, difficulty speaking and cough.",laryngitis,Respiratory
"I have foot or toe swelling, knee pain, leg swelling, irregular appearing nails and infant feeding problem.",injury to the leg,Musculoskeletal/Other
"Lately I keep having headache, lacrimation, sore throat and nasal congestion. It got worse overnight.",seasonal allergies (hay fever),Febrile/Systemic
"Chief complaint: abusing alcohol, anxiety and nervousness, hostile behavior, antisocial behavior, smoking problems and depression. It got worse overnight.",drug abuse,Musculoskeletal/Other
"I feel unwell, with warts, skin dryness, peeling, scaliness, or roughness, itching of skin, allergic reaction, skin irritation, skin lesion and cough.",eczema,Dermatological
"I've been experiencing abnormal appearing skin, skin lesion, nasal congestion and sore in nose and I'm worried. It began this morning.",impetigo,Dermatological
"Lately I keep having skin irritation, skin rash, itching of skin, skin swelling, acne or pimples, skin lesion and warts.",seborrheic keratosis,Dermatological
"Complaining of nausea, chills, burning abdominal pain, vomiting, sore throat and ache all over.",flu,Respiratory
"For the past few days I've had sharp abdominal pain, heartburn, difficulty in swallowing, vomiting, chest tightness and upper abdominal pain. It began this morning.",esophagitis,Gastrointestinal
"Patient reports lower abdominal pain, changes in stool appearance and retention of urine.",chronic constipation,Gastrointestinal
"The symptoms are vomiting blood, joint pain, skin growth, skin rash, itching of skin and skin lesion. It got worse overnight.",psoriasis,Dermatological
"For the past few days I've had nausea, difficulty speaking, headache, chills, fever and diarrhea. It began this morning.",infectious gastroenteritis,Febrile/Systemic
"I feel unwell, with flu-like syndrome, vomiting, coryza and sore throat.",common cold,Respiratory
"The symptoms are pain of the anus, vomiting, vaginal itching, sharp abdominal pain and constipation. It started two days ago.",intestinal obstruction,Gastrointestinal
"I've been experiencing neck pain, headache, sharp chest pain, leg pain, sharp abdominal pain and low back pain and I'm worried. This has lasted about a week.",pain after an operation,Musculoskeletal/Other
"Patient reports frontal headache, sneezing, lacrimation and sore throat.",seasonal allergies (hay fever),Febrile/Systemic
"Chief complaint: pain of the anus, mass or swelling around the anus, blood in stool, heartburn, lower body pain, shortness of breath and itching of the anus. It started two days ago.",hemorrhoids,Gastrointestinal
"The symptoms are lower abdominal pain, frequent urination, symptoms of bladder and painful urination. It began this morning.",bladder disorder,Musculoskeletal/Other
"Lately I keep having sharp abdominal pain, flu-like syndrome, fluid retention, headache, vomiting and nausea. It got worse overnight.",infectious gastroenteritis,Febrile/Systemic
"I've been experiencing abnormal breathing sounds, arm swelling, headache, fever and sore throat and I'm worried. It began this morning.",interstitial lung disease,Respiratory
"Patient reports suprapubic pain, shortness of breath, difficulty breathing and sharp abdominal pain. It started two days ago.",sepsis,Febrile/Systemic
"Chief complaint: constipation, abnormal involuntary movements, diarrhea, rectal bleeding, burning abdominal pain and melena.",rectal disorder,Gastrointestinal
"The symptoms are burning abdominal pain, sharp chest pain, vomiting and headache.",gastritis,Gastrointestinal
"Chief complaint: warts, skin moles, skin lesion, skin rash, skin swelling and acne or pimples.",seborrheic keratosis,Dermatological
"Patient reports difficulty breathing, chest tightness, diaper rash, leg swelling and sharp chest pain. It got worse overnight.",pulmonary embolism,Respiratory
"Complaining of decreased appetite, sharp abdominal pain, burning abdominal pain, fluid retention, flu-like syndrome, fever, headache and nausea. It began this morning.",infectious gastroenteritis,Febrile/Systemic
"Since yesterday I've noticed skin dryness, peeling, scaliness, or roughness, skin rash, skin growth, skin lesion, itching of skin and skin swelling. It got worse overnight.",skin pigmentation disorder,Dermatological
"Lately I keep having hurts to breath, fever, difficulty breathing, decreased appetite, pulling at ears, cough, vomiting and wheezing.",acute bronchiolitis,Respiratory
"For the past few days I've had temper problems, low self-esteem, depressive or psychotic symptoms, obsessions and compulsions and low urine output.",oppositional disorder,Musculoskeletal/Other
"For the past few days I've had sharp abdominal pain, vomiting, cough, fever, shortness of breath and difficulty breathing.",sepsis,Febrile/Systemic
"I've been experiencing allergic reaction, headache, itchiness of eye and frontal headache and I'm worried. It got worse overnight.",seasonal allergies (hay fever),Febrile/Systemic
"Complaining of difficulty speaking, irregular appearing scalp, hostile behavior, eye burns or stings, depressive or psychotic symptoms and depression. It comes and goes.",alzheimer disease,Musculoskeletal/Other
"My main problems are nausea, sharp abdominal pain, diarrhea and burning abdominal pain.",acute pancreatitis,Gastrointestinal
"I have skin rash, skin lesion, itching of skin, skin moles, abnormal appearing skin, skin irritation, symptoms of the face and irregular appearing scalp. This has lasted about a week.",actinic keratosis,Dermatological
"I feel unwell, with skin growth, skin lesion, skin irritation and acne or pimples. This has lasted about a week.",fungal infection of the hair,Dermatological
"I came in because of wheezing, difficulty breathing, nasal congestion, sharp chest pain, allergic reaction, coughing up sputum, chest tightness and fever. It got worse overnight.",asthma,Respiratory
"Chief complaint: fever, painful sinuses, sinus congestion, sore throat, facial pain and headache.",chronic sinusitis,Respiratory
"I have difficulty breathing, sharp chest pain, wheezing, chest tightness, delusions or hallucinations, coryza and nasal congestion. It got worse overnight.",asthma,Respiratory
"I feel unwell, with mouth ulcer, skin rash, skin swelling and sore in nose. This has lasted about a week.",impetigo,Dermatological
"I've been experiencing apnea, difficulty breathing, sleepiness, sweating, abnormal involuntary movements, mouth dryness and shortness of breath and I'm worried. It began this morning.",obstructive sleep apnea (osa),Respiratory
"The symptoms are itching of skin, irregular appearing scalp, acne or pimples, cough, warts and skin dryness, peeling, scaliness, or roughness. It began this morning.",eczema,Dermatological
"I have irregular appearing scalp, skin swelling, depressive or psychotic symptoms, itchy scalp, skin rash, skin irritation, skin lesion and acne or pimples. This has lasted about a week.",fungal infection of the hair,Dermatological
"Since yesterday I've noticed skin swelling, skin growth, skin rash, irregular appearing scalp, joint pain, skin moles, itching of skin and skin lesion. It comes and goes.",psoriasis,Dermatological
"I have wheezing, difficulty breathing, cough, shortness of breath and fever.",asthma,Respiratory
"I've been experiencing cough, shortness of breath, wheezing, sharp chest pain, fever and coryza and I'm worried. This has lasted about a week.",acute bronchospasm,Respiratory
"The symptoms are cough, irritable infant, nasal congestion, temper problems, vomiting, fever and diarrhea. It got worse overnight.",diaper rash,Dermatological
"For the past few days I've had headache, diarrhea, sharp chest pain, burning abdominal pain and vomiting. This has lasted about a week.",gastritis,Gastrointestinal
"I have cough, nasal congestion and fatigue. It got worse overnight.",muscular dystrophy,Musculoskeletal/Other
"The symptoms are lower abdominal pain, side pain and burning abdominal pain. It began this morning.",diverticulitis,Gastrointestinal
"For the past few days I've had skin swelling, sore in nose, skin lesion, mouth ulcer, nasal congestion and skin rash. It started two days ago.",impetigo,Dermatological
"My main problems are stomach bloating, upper abdominal pain, vomiting, burning abdominal pain, lower body pain, regurgitation.1 and back pain.",cholecystitis,Gastrointestinal
"The symptoms are sharp abdominal pain, neck pain, sore throat, neck mass, neck swelling, ear pain, cough and skin swelling.",lymphadenitis,Musculoskeletal/Other
"The symptoms are heartburn, difficulty in swallowing, nausea, burning abdominal pain, back pain and sharp chest pain.",hiatal hernia,Gastrointestinal
"I feel unwell, with shortness of breath, suprapubic pain, decreased appetite, fluid in ear, fever, weakness, sharp abdominal pain, feeling ill and cough.",sepsis,Febrile/Systemic
"My main problems are sharp abdominal pain, blood in stool, constipation, fever and burning abdominal pain. It began this morning.",diverticulitis,Gastrointestinal
"I feel unwell, with knee pain, shoulder pain, hip pain and foot or toe pain. It got worse overnight.",tendinitis,Musculoskeletal/Other
"Since yesterday I've noticed skin dryness, peeling, scaliness, or roughness, itching of skin, abnormal appearing skin, skin lesion, acne or pimples and skin irritation.",skin disorder,Dermatological
"I have lip swelling, cough, skin moles, skin swelling, abnormal appearing skin, bumps on penis and acne or pimples.",viral warts,Dermatological
"Chief complaint: headache, sharp abdominal pain, nausea, chills, burning abdominal pain, flu-like syndrome and decreased appetite. It comes and goes.",infectious gastroenteritis,Febrile/Systemic
"I've been experiencing fever, fluid retention, sharp abdominal pain, flu-like syndrome, chills, nausea, decreased appetite and diarrhea and I'm worried. It started two days ago.",infectious gastroenteritis,Febrile/Systemic
"Patient reports dizziness, skin lesion, skin rash, skin dryness, peeling, scaliness, or roughness, skin irritation, abnormal appearing skin, acne or pimples, itching of skin and skin growth.",fungal infection of the hair,Dermatological
"I've been experiencing mass or swelling around the anus, heartburn, pain of the anus, lower body pain, melena and blood in stool and I'm worried. It started two days ago.",hemorrhoids,Gastrointestinal
"Chief complaint: itchiness of eye, diminished vision, lacrimation, eyelid swelling, symptoms of eye and eye redness.",corneal abrasion,Musculoskeletal/Other
"For the past few days I've had vomiting, fever, fluid retention and headache.",infectious gastroenteritis,Febrile/Systemic
"My main problems are shoulder stiffness or tightness, elbow pain, arm swelling, arm pain, shoulder pain, hip pain and elbow swelling. It comes and goes.",bursitis,Musculoskeletal/Other
"Lately I keep having cough, redness in ear, symptoms of infants, nasal congestion, decreased appetite, diarrhea and temper problems. It began this morning.",teething syndrome,Musculoskeletal/Other
"Chief complaint: nausea, burning abdominal pain, lower body pain, sharp chest pain and hemoptysis.",acute pancreatitis,Gastrointestinal
"For the past few days I've had itchy scalp, skin swelling, irregular appearing scalp, abnormal appearing skin and skin growth. It got worse overnight.",fungal infection of the hair,Dermatological
"Patient reports skin irritation, acne or pimples, skin swelling, lip swelling, slurring words and skin moles.",atrophic skin condition,Dermatological
"I've been experiencing difficulty breathing, nasal congestion, headache, facial pain and apnea and I'm worried.",deviated nasal septum,Respiratory
"Complaining of allergic reaction, painful sinuses, difficulty breathing and headache.",deviated nasal septum,Respiratory
"Chief complaint: fears and phobias, melena, diarrhea, fainting and vomiting blood. It got worse overnight.",gastrointestinal hemorrhage,Gastrointestinal
"Patient reports cough, allergic reaction, coryza, coughing up sputum, difficulty breathing, nasal congestion and sharp chest pain. This has lasted about a week.",asthma,Respiratory
"I've been experiencing vomiting, changes in stool appearance, upper abdominal pain and burning abdominal pain and I'm worried. This has lasted about a week.",gastroduodenal ulcer,Gastrointestinal
"My main problems are foot or toe pain, dizziness, disturbance of memory and abnormal involuntary movements. It started two days ago.",peripheral nerve disorder,Musculoskeletal/Other
"I have apnea, shortness of breath, difficulty breathing, palpitations, feeling ill, fatigue and sharp chest pain. It started two days ago.",pulmonary hypertension,Respiratory
"Complaining of skin swelling, itchy scalp, itching of skin and skin rash. It got worse overnight.",fungal infection of the hair,Dermatological
"For the past few days I've had insomnia, weight gain, mouth dryness, apnea, abnormal breathing sounds, difficulty breathing, sweating and fatigue. This has lasted about a week.",obstructive sleep apnea (osa),Respiratory
"I came in because of vomiting, shortness of breath, wheezing, fever, sharp chest pain, difficulty breathing and nasal congestion. It started two days ago.",acute bronchospasm,Respiratory
"I came in because of excessive anger, headache, insomnia, smoking problems and hostile behavior. It comes and goes.",neurosis,Musculoskeletal/Other
"Patient reports coryza, skin growth, skin swelling and feeling ill.",alopecia,Dermatological
"I feel unwell, with allergic reaction, fluid retention, arm swelling, hand or finger swelling and itching of skin. It got worse overnight.",envenomation from spider or animal bite,Musculoskeletal/Other
"My main problems are dry or flaky scalp, too little hair, symptoms of the face, skin growth and skin lesion. It started two days ago.",seborrheic dermatitis,Dermatological
"Lately I keep having decreased appetite, fluid retention, nausea and fever.",infectious gastroenteritis,Febrile/Systemic
"Since yesterday I've noticed regurgitation.1, pain of the anus, regurgitation and diarrhea.",crohn disease,Gastrointestinal
"Patient reports weakness, sharp chest pain, nasal congestion, vomiting, cough, shortness of breath, coryza and wheezing.",pneumonia,Respiratory
"My main problems are swollen abdomen, swelling of scrotum, symptoms of the scrotum and testes, pain in testicles, groin mass and ache all over. This has lasted about a week.",inguinal hernia,Gastrointestinal
"Since yesterday I've noticed cough, decreased appetite, vomiting and weakness. This has lasted about a week.",sepsis,Febrile/Systemic
"Lately I keep having burning abdominal pain, pain of the anus, diarrhea, heartburn, sharp abdominal pain and melena. It started two days ago.",rectal disorder,Gastrointestinal
"For the past few days I've had fever, chills, nausea, lower abdominal pain and burning abdominal pain.",diverticulitis,Gastrointestinal
"I came in because of difficulty breathing, sharp abdominal pain, shortness of breath, fever, suprapubic pain and vomiting. It got worse overnight.",sepsis,Febrile/Systemic
"Patient reports chills, shortness of breath, sharp chest pain, cough and difficulty breathing. It started two days ago.",pneumonia,Respiratory
"Lately I keep having side pain, fever, burning abdominal pain and chills. It got worse overnight.",diverticulitis,Gastrointestinal
"Lately I keep having nausea, fever, burning abdominal pain, sharp abdominal pain, chills, vomiting and headache.",infectious gastroenteritis,Febrile/Systemic
"Lately I keep having decreased heart rate, increased heart rate, fainting, palpitations and irregular heartbeat. It started two days ago.",sick sinus syndrome,Musculoskeletal/Other
"Since yesterday I've noticed coryza, fever, nasal congestion and wheezing. It comes and goes.",acute bronchiolitis,Respiratory
"Chief complaint: flatulence, sharp abdominal pain, upper abdominal pain, insomnia, lower abdominal pain and burning abdominal pain. It got worse overnight.",irritable bowel syndrome,Gastrointestinal
"My main problems are diarrhea, stomach bloating, upper abdominal pain and nausea.",appendicitis,Gastrointestinal
"I feel unwell, with fever, shortness of breath, coughing up sputum, sharp chest pain, allergic reaction, gum pain and coryza. It started two days ago.",asthma,Respiratory
"Since yesterday I've noticed vomiting blood, regurgitation.1, back pain, sharp abdominal pain, dizziness, regurgitation, difficulty in swallowing and burning abdominal pain.",hiatal hernia,Gastrointestinal
"Chief complaint: fever, coryza, nasal congestion, chest tightness and coughing up sputum. It comes and goes.",asthma,Respiratory
"Complaining of heartburn, unusual color or odor to urine, shortness of breath, weakness, peripheral edema and jaundice.",liver disease,Gastrointestinal
"The symptoms are hot flashes, fatigue, too little hair, delusions or hallucinations and wrist swelling.",hypothyroidism,Musculoskeletal/Other
"My main problems are arm swelling, nausea and sharp abdominal pain. It began this morning.",pancreatic cancer,Gastrointestinal
"Since yesterday I've noticed skin growth, skin lesion, warts and skin irritation. It began this morning.",skin polyp,Dermatological
"Patient reports blood in stool, coryza, decreased appetite, diarrhea, sharp abdominal pain, headache, fluid retention, nausea and vomiting.",noninfectious gastroenteritis,Febrile/Systemic
"I've been experiencing chest tightness, weakness, leg pain, difficulty breathing, leg swelling, shortness of breath, hemoptysis and sweating and I'm worried.",pulmonary embolism,Respiratory
"I've been experiencing fever, abnormal appearing skin, mouth ulcer, sore in nose and skin lesion and I'm worried. It began this morning.",impetigo,Dermatological
"Complaining of back pain, sharp abdominal pain, cough, side pain, hurts to breath, rib pain, shortness of breath and focal weakness.",pleural effusion,Respiratory
"Complaining of symptoms of prostate, impotence, involuntary urination, blood in urine, swelling of scrotum and symptoms of bladder. It began this morning.",benign prostatic hyperplasia (bph),Musculoskeletal/Other
"I feel unwell, with joint pain, skin growth, abnormal appearing skin, itching of skin, irregular appearing scalp and skin swelling.",psoriasis,Dermatological
"Chief complaint: heartburn, nausea, cough and upper abdominal pain. It got worse overnight.",esophagitis,Gastrointestinal
"For the past few days I've had diarrhea, melena, vomiting blood, rectal bleeding, changes in stool appearance and fainting. It got worse overnight.",gastrointestinal hemorrhage,Gastrointestinal
"For the past few days I've had sharp abdominal pain, upper abdominal pain, side pain and nausea. It got worse overnight.",acute pancreatitis,Gastrointestinal
"Chief complaint: sharp abdominal pain, back pain and rib pain. It comes and goes.",pleural effusion,Respiratory
"My main problems are headache, sharp chest pain, throat swelling and sore throat. This has lasted about a week.",abscess of the pharynx,Dermatological
"My main problems are acne or pimples, skin moles, irregular appearing scalp, skin lesion, skin rash, abnormal appearing skin, skin swelling and skin growth. It began this morning.",seborrheic keratosis,Dermatological
"My main problems are fainting, lack of growth, excessive anger, temper problems, depressive or psychotic symptoms, seizures and hysterical behavior. It began this morning.",conduct disorder,Musculoskeletal/Other
"I feel unwell, with decreased appetite, burning abdominal pain, chills, fluid retention, headache and blood in stool.",infectious gastroenteritis,Febrile/Systemic
"The symptoms are itching of skin, skin dryness, peeling, scaliness, or roughness, symptoms of the face, abnormal appearing skin, skin rash and dry or flaky scalp.",seborrheic dermatitis,Dermatological
"Since yesterday I've noticed problems during pregnancy, vomiting blood, vomiting, headache, burning abdominal pain, weakness and pain during pregnancy.",hyperemesis gravidarum,Musculoskeletal/Other
"I have vomiting, burning abdominal pain, nausea, sharp abdominal pain and shortness of breath. It got worse overnight.",esophagitis,Gastrointestinal
"Patient reports peripheral edema, congestion in chest, coryza, nasal congestion and wheezing. This has lasted about a week.",acute bronchitis,Respiratory
"Since yesterday I've noticed heartburn, shortness of breath, jaundice, weakness, sharp abdominal pain, unusual color or odor to urine, peripheral edema and upper abdominal pain. It began this morning.",liver disease,Gastrointestinal
"I feel unwell, with diarrhea, depression, vomiting, chills, fluid retention and fever. It began this morning.",infectious gastroenteritis,Febrile/Systemic
"The symptoms are frequent urination, chills, impotence, back pain, blood in urine, retention of urine and sharp abdominal pain. It comes and goes.",prostatitis,Musculoskeletal/Other
"Patient reports frontal headache, cough, ear pain, itchiness of eye, allergic reaction, nasal congestion, sore throat and coryza. It got worse overnight.",seasonal allergies (hay fever),Febrile/Systemic
"I came in because of abnormal appearing skin, skin swelling, skin lesion, skin growth, irregular appearing scalp and skin dryness, peeling, scaliness, or roughness. It began this morning.",fungal infection of the hair,Dermatological
"Chief complaint: difficulty breathing, nasal congestion, sore throat, weakness, coryza and fever. It got worse overnight.",pneumonia,Respiratory
"Chief complaint: foot or toe swelling, abnormal appearing skin, peripheral edema, skin lesion, foot or toe pain, leg pain and skin rash. It started two days ago.",pyogenic skin infection,Dermatological
"Lately I keep having nausea, vomiting, burning abdominal pain, stomach bloating, sharp chest pain and symptoms of the kidneys. This has lasted about a week.",cholecystitis,Gastrointestinal
"I have skin dryness, peeling, scaliness, or roughness, warts, irregular appearing scalp, skin lesion, abnormal appearing skin and lip swelling.",skin cancer,Dermatological
"The symptoms are burning abdominal pain, sharp abdominal pain, fluid retention, nausea, rectal bleeding, decreased appetite and blood in stool. It began this morning.",noninfectious gastroenteritis,Febrile/Systemic
"The symptoms are nausea, ache all over and headache. It comes and goes.",meningitis,Febrile/Systemic
"Since yesterday I've noticed involuntary urination, impotence, excessive urination at night, hesitancy, symptoms of bladder, blood in urine and symptoms of prostate.",benign prostatic hyperplasia (bph),Musculoskeletal/Other
"Patient reports pelvic pain, lower abdominal pain, vaginal discharge, vaginal pain, vaginal redness, sharp abdominal pain and pain during intercourse.",vaginitis,Musculoskeletal/Other
"Lately I keep having sharp chest pain, vomiting and cough. This has lasted about a week.",acute bronchospasm,Respiratory
"Since yesterday I've noticed loss of sensation, fluid retention, flu-like syndrome, fever, headache, burning abdominal pain and diarrhea.",infectious gastroenteritis,Febrile/Systemic
"For the past few days I've had shortness of breath, vomiting, weakness, chills and cough. It comes and goes.",sepsis,Febrile/Systemic
"Patient reports abnormal breathing sounds, insomnia, abnormal involuntary movements, apnea and sleepiness. It got worse overnight.",obstructive sleep apnea (osa),Respiratory
"The symptoms are suprapubic pain, fever, vomiting and sharp abdominal pain. It started two days ago.",sepsis,Febrile/Systemic
"I've been experiencing vomiting, nausea, fluid retention, flu-like syndrome and chills and I'm worried. It began this morning.",infectious gastroenteritis,Febrile/Systemic
"Since yesterday I've noticed allergic reaction, ear pain, itchiness of eye, cough, sneezing and nasal congestion. It began this morning.",seasonal allergies (hay fever),Febrile/Systemic
"Complaining of sore throat, wheezing, sharp chest pain and coryza.",chronic obstructive pulmonary disease (copd),Respiratory
Patient reports itching of skin and too little hair. It comes and goes.,fungal infection of the skin,Dermatological
"I came in because of arm weakness, leg weakness and leg pain. This has lasted about a week.",herniated disk,Gastrointestinal
"Lately I keep having wrist swelling, arm swelling, hand or finger swelling, arm pain, elbow swelling and arm stiffness or tightness. This has lasted about a week.",injury to the arm,Musculoskeletal/Other
"Lately I keep having headache, feeling ill, skin rash, cough, nasal congestion and swollen lymph nodes. It got worse overnight.",mononucleosis,Febrile/Systemic
"Lately I keep having rectal bleeding, sharp abdominal pain, blood in stool, diarrhea and changes in stool appearance.",gastrointestinal hemorrhage,Gastrointestinal
"I came in because of vomiting, seizures, blindness, diminished vision, dizziness and nausea. It got worse overnight.",intracerebral hemorrhage,Musculoskeletal/Other
"My main problems are sharp abdominal pain, upper abdominal pain, burning abdominal pain, symptoms of the kidneys, side pain, nausea and sharp chest pain.",cholecystitis,Gastrointestinal
"Chief complaint: difficulty speaking, hoarse voice, cough, ear pain, fever and throat feels tight. It comes and goes.",laryngitis,Respiratory
"I have diarrhea, side pain, blood in stool, heartburn, jaundice, sharp abdominal pain, shortness of breath and weakness.",liver disease,Gastrointestinal
"I have fever, sharp abdominal pain, chills, fluid retention, headache, blood in stool and nausea.",infectious gastroenteritis,Febrile/Systemic
"Lately I keep having ache all over, nausea, neck stiffness or tightness, cough and headache. It began this morning.",meningitis,Febrile/Systemic
"I've been experiencing abnormal appearing skin, sore in nose, mouth ulcer, skin swelling, skin rash, nasal congestion, skin lesion and cough and I'm worried. It began this morning.",impetigo,Dermatological
"Since yesterday I've noticed nasal congestion, mouth ulcer, fever, sore in nose and abnormal appearing skin.",impetigo,Dermatological
"The symptoms are side pain, fever, diarrhea, sharp abdominal pain, vomiting, chills, burning abdominal pain, heartburn and lower abdominal pain. It began this morning.",diverticulitis,Gastrointestinal
"I have vomiting, chills, sharp abdominal pain, suprapubic pain, cough and decreased appetite.",sepsis,Febrile/Systemic
"My main problems are peripheral edema, pain in eye, swollen eye and eye redness. It got worse overnight.",orbital cellulitis,Dermatological
"Lately I keep having vomiting, decreased appetite, dizziness, nausea, sharp abdominal pain, diarrhea, fainting and fever.",hypovolemia,Musculoskeletal/Other
"My main problems are back mass or lump, bones are painful, shortness of breath, sharp chest pain, ache all over, shoulder pain, rib pain and hurts to breath. It began this morning.",fracture of the rib,Musculoskeletal/Other
"Chief complaint: changes in stool appearance, heartburn, blood in stool, constipation, lower body pain, melena, rectal bleeding and itching of the anus. It comes and goes.",hemorrhoids,Gastrointestinal
"Chief complaint: joint pain, skin dryness, peeling, scaliness, or roughness, skin moles, skin lesion, irregular appearing scalp, skin rash and itching of skin.",psoriasis,Dermatological
"Since yesterday I've noticed shortness of breath, sharp chest pain, chest tightness, heartburn, nausea, cough, difficulty in swallowing and sharp abdominal pain. It comes and goes.",esophagitis,Gastrointestinal
"Chief complaint: difficulty in swallowing, nausea, headache, fever, cough and throat swelling.",abscess of the pharynx,Dermatological
"I've been experiencing vomiting, fever, difficulty breathing, sore throat, nasal congestion, coryza, cough and chest tightness and I'm worried.",acute bronchospasm,Respiratory
"The symptoms are skin dryness, peeling, scaliness, or roughness, knee swelling, skin rash, acne or pimples and pelvic pain. It got worse overnight.",fungal infection of the hair,Dermatological
"Lately I keep having symptoms of the scrotum and testes, shoulder pain, headache and sharp chest pain. This has lasted about a week.",injury to the trunk,Musculoskeletal/Other
"Patient reports foot or toe swelling, dizziness, headache, skin rash, leg pain, leg stiffness or tightness and lymphedema.",vasculitis,Musculoskeletal/Other
"I feel unwell, with sharp abdominal pain, stomach bloating, burning abdominal pain, vaginal itching, nausea, retention of urine and vomiting.",intestinal obstruction,Gastrointestinal
"Chief complaint: cough, fever, abnormal appearing skin, mouth ulcer and skin rash.",impetigo,Dermatological
"Patient reports skin lesion, skin swelling, irregular appearing nails, skin rash and acne or pimples.",callus,Dermatological
"I have lacrimation, itchiness of eye, sneezing, sharp chest pain, ear pain, cough, coryza and headache.",seasonal allergies (hay fever),Febrile/Systemic
"Chief complaint: skin irritation, itchy scalp, sharp chest pain, skin lesion, skin rash, pelvic pain, itching of skin, irregular appearing scalp and skin dryness, peeling, scaliness, or roughness. It started two days ago.",fungal infection of the hair,Dermatological
"Complaining of neck swelling, skin on leg or foot looks infected, foot or toe swelling, skin growth, skin dryness, peeling, scaliness, or roughness, irregular appearing nails and abnormal appearing skin.",ingrown toe nail,Musculoskeletal/Other
"Since yesterday I've noticed burning abdominal pain, blood in stool, nausea, rectal bleeding and changes in stool appearance. This has lasted about a week.",chronic constipation,Gastrointestinal
"I feel unwell, with burning abdominal pain, chills, fluid retention, diarrhea and flu-like syndrome. This has lasted about a week.",infectious gastroenteritis,Febrile/Systemic
"Complaining of fever, sharp abdominal pain, burning abdominal pain, blood in stool, headache, vomiting, flu-like syndrome and chills. It got worse overnight.",infectious gastroenteritis,Febrile/Systemic
"I came in because of skin irritation, acne or pimples, pelvic pain and itching of skin. This has lasted about a week.",fungal infection of the hair,Dermatological
"I've been experiencing sneezing, nasal congestion, frontal headache and lacrimation and I'm worried.",seasonal allergies (hay fever),Febrile/Systemic
"I feel unwell, with fluid retention, nausea, flu-like syndrome, burning abdominal pain, sharp abdominal pain, blood in stool and decreased appetite. It comes and goes.",infectious gastroenteritis,Febrile/Systemic
"I feel unwell, with fever, difficulty breathing, wheezing, allergic reaction, coughing up sputum and coryza.",asthma,Respiratory
"I've been experiencing sore throat, coryza, fever, wheezing, flu-like syndrome, chills and ear pain and I'm worried.",common cold,Respiratory
"Chief complaint: burning chest pain, irregular heartbeat, chest tightness and increased heart rate.",heart attack,Musculoskeletal/Other
"The symptoms are nausea, lower abdominal pain, sharp abdominal pain, intermenstrual bleeding and pelvic pain. It got worse overnight.",ectopic pregnancy,Musculoskeletal/Other
"Lately I keep having sore throat, sinus congestion, facial pain, frontal headache, painful sinuses, fever, ear pain and coryza.",acute sinusitis,Respiratory
"The symptoms are chills, vomiting, suprapubic pain, sharp abdominal pain and difficulty breathing.",sepsis,Febrile/Systemic
"Patient reports peripheral edema, nausea, upper abdominal pain, diarrhea, heartburn, jaundice and blood in stool. It got worse overnight.",liver disease,Gastrointestinal
"Lately I keep having fatigue, sweating, abnormal breathing sounds and apnea.",obstructive sleep apnea (osa),Respiratory
"My main problems are skin rash, skin irritation, pelvic pain, skin dryness, peeling, scaliness, or roughness, irregular appearing scalp, skin swelling, itching of skin and skin lesion. It started two days ago.",fungal infection of the hair,Dermatological
"I have lacrimation, symptoms of eye, cough, pain in eye and diminished vision.",conjunctivitis due to allergy,Musculoskeletal/Other
"Chief complaint: headache, ache all over, hip pain and arm pain.",fibromyalgia,Musculoskeletal/Other
"My main problems are headache, abnormal appearing skin, hip pain, fever and depressive or psychotic symptoms.",lyme disease,Febrile/Systemic
"Patient reports white discharge from eye, eye redness, foreign body sensation in eye, lacrimation, pain in eye and eye burns or stings. It began this morning.",foreign body in the eye,Musculoskeletal/Other
"The symptoms are swollen eye, skin swelling, acne or pimples, skin irritation, allergic reaction and abnormal appearing skin.",contact dermatitis,Dermatological
"For the past few days I've had nausea, sore throat, ache all over, cough, vomiting, coryza, chills and diarrhea. This has lasted about a week.",flu,Respiratory
"Since yesterday I've noticed mouth ulcer, itching of skin, sore in nose, skin swelling, fever and cough.",impetigo,Dermatological
"The symptoms are skin rash, itching of skin, acne or pimples, skin swelling and irregular appearing scalp. It got worse overnight.",alopecia,Dermatological
"For the past few days I've had lacrimation, allergic reaction and frontal headache. It began this morning.",seasonal allergies (hay fever),Febrile/Systemic
"Patient reports wheezing, shortness of breath, chills, chest tightness and depressive or psychotic symptoms.",acute respiratory distress syndrome (ards),Respiratory
"For the past few days I've had leg stiffness or tightness, knee lump or mass, leg weakness and knee swelling. It started two days ago.",knee ligament or meniscus tear,Musculoskeletal/Other
"Patient reports leg weakness, temper problems, pulling at ears, diarrhea and cough.",diaper rash,Dermatological
"Chief complaint: shortness of breath, decreased appetite, weakness, vomiting, difficulty breathing and feeling ill.",sepsis,Febrile/Systemic
"My main problems are increased heart rate, shortness of breath, palpitations, decreased heart rate, dizziness and fainting. It began this morning.",sick sinus syndrome,Musculoskeletal/Other
"I came in because of obsessions and compulsions, feeling ill and hostile behavior.",obsessive compulsive disorder (ocd),Musculoskeletal/Other
"Lately I keep having mouth ulcer, decreased appetite, difficulty in swallowing, sore throat and vomiting. It got worse overnight.",mucositis,Musculoskeletal/Other
"Chief complaint: chest tightness, sweating, difficulty breathing, hemoptysis, leg pain and cough. It comes and goes.",pulmonary embolism,Respiratory
"For the past few days I've had irregular appearing scalp, skin swelling, long menstrual periods, acne or pimples, skin moles, skin rash, skin dryness, peeling, scaliness, or roughness and abnormal appearing skin. It began this morning.",acne,Dermatological
"I have upper abdominal pain, abdominal distention, shortness of breath and peripheral edema.",cirrhosis,Gastrointestinal
"Since yesterday I've noticed fever, nausea, headache, decreased appetite, blood in stool and rectal bleeding.",noninfectious gastroenteritis,Febrile/Systemic
"I've been experiencing feeling ill, chills, shortness of breath, cough, vomiting, sharp abdominal pain, difficulty breathing and suprapubic pain and I'm worried. This has lasted about a week.",sepsis,Febrile/Systemic
"Patient reports vomiting, difficulty breathing, sore throat, shortness of breath, wheezing, fever and sharp chest pain. It started two days ago.",acute bronchospasm,Respiratory
"My main problems are sharp abdominal pain, pain of the anus, diarrhea, burning abdominal pain, nausea and blood in stool. It started two days ago.",crohn disease,Gastrointestinal
"My main problems are nausea, diarrhea, vomiting blood and regurgitation.1.",gastritis,Gastrointestinal
"I have sore throat, cough, headache, itchiness of eye, sneezing, frontal headache and ear pain. It began this morning.",seasonal allergies (hay fever),Febrile/Systemic
"My main problems are ankle pain, foot or toe swelling, foot or toe pain and wrist swelling.",injury of the ankle,Musculoskeletal/Other
"I have decreased appetite, nausea, headache, blood in stool and rectal bleeding.",noninfectious gastroenteritis,Febrile/Systemic
"Lately I keep having facial pain, nosebleed, nasal congestion and headache. It began this morning.",nose disorder,Musculoskeletal/Other
"For the past few days I've had sharp abdominal pain, vomiting blood, recent weight loss, lump in throat and difficulty in swallowing. It started two days ago.",foreign body in the gastrointestinal tract,Gastrointestinal
"Since yesterday I've noticed impotence, suprapubic pain, symptoms of bladder and retention of urine. It got worse overnight.",overflow incontinence,Musculoskeletal/Other
"For the past few days I've had frontal headache, headache, itchiness of eye, cough, nasal congestion and coryza.",seasonal allergies (hay fever),Febrile/Systemic
"I have chills, fluid retention, vomiting and decreased appetite. It got worse overnight.",noninfectious gastroenteritis,Febrile/Systemic
"I came in because of nasal congestion, headache, itchiness of eye, cough, lacrimation, frontal headache and sneezing.",seasonal allergies (hay fever),Febrile/Systemic
"Since yesterday I've noticed wheezing, nasal congestion, headache, difficulty breathing, coughing up sputum, congestion in chest, coryza and sharp chest pain.",acute bronchitis,Respiratory
"Complaining of chills, diarrhea, nausea, fever and fluid retention. It got worse overnight.",infectious gastroenteritis,Febrile/Systemic
"My main problems are increased heart rate, sweating, irregular heartbeat, lower body pain, dizziness and shortness of breath.",angina,Musculoskeletal/Other
"I've been experiencing arm pain, shortness of breath and irregular heartbeat and I'm worried. It started two days ago.",angina,Musculoskeletal/Other
"Chief complaint: lip swelling, skin moles, skin lesion, acne or pimples and skin irritation.",atrophic skin condition,Dermatological
"The symptoms are vomiting, diarrhea, regurgitation.1, blood in stool, nausea, regurgitation and burning abdominal pain. It started two days ago.",crohn disease,Gastrointestinal
"I've been experiencing coryza, sneezing, nasal congestion and frontal headache and I'm worried.",seasonal allergies (hay fever),Febrile/Systemic
"Complaining of headache, nasal congestion, difficulty breathing, apnea and allergic reaction. This has lasted about a week.",deviated nasal septum,Respiratory
"Complaining of diarrhea, blood in stool, headache, burning abdominal pain, rectal bleeding and chills.",noninfectious gastroenteritis,Febrile/Systemic
"Patient reports irritable infant, pulling at ears, diaper rash, fever and nasal congestion.",diaper rash,Dermatological
"I came in because of sore throat, upper abdominal pain, burning abdominal pain, sharp abdominal pain, heartburn, difficulty in swallowing and vomiting. It began this morning.",esophagitis,Gastrointestinal
"For the past few days I've had swollen eye, headache, skin dryness, peeling, scaliness, or roughness, skin irritation, skin swelling and acne or pimples. It got worse overnight.",contact dermatitis,Dermatological
"The symptoms are nasal congestion, facial pain, nosebleed, difficulty breathing and abnormal breathing sounds. It started two days ago.",deviated nasal septum,Respiratory
"I came in because of side pain, constipation, lower abdominal pain, blood in stool and cough. It started two days ago.",diverticulitis,Gastrointestinal
"I've been experiencing skin swelling, symptoms of eye, skin dryness, peeling, scaliness, or roughness, acne or pimples, skin lesion and itching of skin and I'm worried.",rosacea,Dermatological
"For the past few days I've had vomiting, lower abdominal pain, rectal bleeding, blood in stool, headache, fluid retention and burning abdominal pain. It got worse overnight.",noninfectious gastroenteritis,Febrile/Systemic
"I have heartburn, blood in stool, vomiting blood, upper abdominal pain, sharp abdominal pain and sharp chest pain.",gastroduodenal ulcer,Gastrointestinal
"Patient reports burning abdominal pain, vomiting, nausea, flu-like syndrome, headache, decreased appetite and sharp abdominal pain. It began this morning.",infectious gastroenteritis,Febrile/Systemic
"Since yesterday I've noticed sinus congestion, facial pain, sore throat, coughing up sputum, painful sinuses and coryza. It got worse overnight.",acute sinusitis,Respiratory
"I've been experiencing eye redness, foreign body sensation in eye, spots or clouds in vision and pain in eye and I'm worried.",glaucoma,Musculoskeletal/Other
"Complaining of headache, burning abdominal pain, rectal bleeding, decreased appetite, fever, fluid retention, chills and sharp abdominal pain. This has lasted about a week.",noninfectious gastroenteritis,Febrile/Systemic
"The symptoms are chills, depressive or psychotic symptoms, shortness of breath, chest tightness, fever and wheezing. It started two days ago.",acute respiratory distress syndrome (ards),Respiratory
"I feel unwell, with regurgitation.1, nasal congestion, burning abdominal pain, upper abdominal pain and nausea.",gallstone,Gastrointestinal
"Since yesterday I've noticed feeling ill, weakness, chills, difficulty breathing, shortness of breath, sharp abdominal pain, vomiting and suprapubic pain.",sepsis,Febrile/Systemic
"Lately I keep having sharp chest pain, back pain, lower body pain, side pain, vomiting, burning abdominal pain and regurgitation.1.",gallstone,Gastrointestinal
"My main problems are cough, headache, sneezing, nasal congestion, frontal headache and itchiness of eye. It comes and goes.",seasonal allergies (hay fever),Febrile/Systemic
"I've been experiencing skin rash, skin growth, too little hair, acne or pimples and itching of skin and I'm worried. It started two days ago.",alopecia,Dermatological
"I've been experiencing fever, cough, shortness of breath, anxiety and nervousness, sharp chest pain and allergic reaction and I'm worried.",asthma,Respiratory
"I feel unwell, with neck swelling, skin swelling, toothache, lip swelling, mouth pain and gum pain. It started two days ago.",tooth abscess,Dermatological
"Complaining of symptoms of the face, too little hair, skin growth, skin rash, itching of skin, dry or flaky scalp, irregular appearing scalp and abnormal appearing skin. It comes and goes.",seborrheic dermatitis,Dermatological
"Since yesterday I've noticed vomiting, rectal bleeding, chills, nausea, diarrhea, fever, burning abdominal pain and blood in stool. It comes and goes.",noninfectious gastroenteritis,Febrile/Systemic
"I've been experiencing itching of skin, skin growth, skin swelling, skin irritation, skin moles and warts and I'm worried.",seborrheic keratosis,Dermatological
"I have skin growth, skin moles, lymphedema, low back pain and itching of skin.",rosacea,Dermatological
"I have hoarse voice, burning abdominal pain, regurgitation.1, difficulty in swallowing, regurgitation, cough, chest tightness and sharp abdominal pain. It comes and goes.",gastroesophageal reflux disease (gerd),Gastrointestinal
"For the past few days I've had skin growth, irregular appearing scalp, itching of skin, skin irritation, skin rash and skin moles. It got worse overnight.",actinic keratosis,Dermatological
"My main problems are abusing alcohol, sharp abdominal pain, nausea, melena, changes in stool appearance and vomiting. It comes and goes.",gastrointestinal hemorrhage,Gastrointestinal
"My main problems are headache, chills, blood in stool, decreased appetite, burning abdominal pain, nausea and fever. This has lasted about a week.",infectious gastroenteritis,Febrile/Systemic
"I've been experiencing hip pain, ankle pain, hand or finger swelling, arm pain, shoulder pain, knee pain and wrist pain and I'm worried. It comes and goes.",tendinitis,Musculoskeletal/Other
"I came in because of depression, excessive anger and problems during pregnancy. This has lasted about a week.",postpartum depression,Musculoskeletal/Other
"Lately I keep having weight gain, difficulty breathing, insomnia, abnormal involuntary movements, abnormal breathing sounds, sweating, sleepiness and shortness of breath. It started two days ago.",obstructive sleep apnea (osa),Respiratory
"My main problems are loss of sensation, dizziness, spots or clouds in vision and ear pain. It got worse overnight.",labyrinthitis,Musculoskeletal/Other
"I've been experiencing cough, nasal congestion, coryza, congestion in chest, sharp chest pain, fever and arm stiffness or tightness and I'm worried. It started two days ago.",chronic obstructive pulmonary disease (copd),Respiratory
"I came in because of vaginal redness, pain during intercourse, vaginal pain, pelvic pain, vaginal discharge, painful urination and vaginal itching.",vaginitis,Musculoskeletal/Other
"I've been experiencing skin rash, abnormal appearing skin, skin moles, acne or pimples, skin dryness, peeling, scaliness, or roughness, skin swelling and irregular appearing scalp and I'm worried. It got worse overnight.",dermatitis due to sun exposure,Dermatological
"Chief complaint: weakness, feeling ill, sharp abdominal pain, cough, fever and chills. It comes and goes.",sepsis,Febrile/Systemic
"I have irritable infant, hurts to breath, decreased appetite, difficulty breathing and involuntary urination. It comes and goes.",acute bronchiolitis,Respiratory
"I feel unwell, with wrist pain, peripheral edema, knee pain, joint pain, hand or finger pain and hand or finger swelling.",rheumatoid arthritis,Musculoskeletal/Other
"Patient reports shortness of breath, decreased appetite and weakness. This has lasted about a week.",sepsis,Febrile/Systemic
"The symptoms are allergic reaction, frontal headache, headache, coryza and sore throat. It started two days ago.",seasonal allergies (hay fever),Febrile/Systemic
"I feel unwell, with sharp chest pain, symptoms of the kidneys, burning abdominal pain, vomiting, nausea and sharp abdominal pain.",cholecystitis,Gastrointestinal
"My main problems are sinus congestion, fever, coryza, sore throat, cough, painful sinuses, ear pain and coughing up sputum. This has lasted about a week.",acute sinusitis,Respiratory
"Complaining of decreased appetite, irritable infant, shortness of breath, pulling at ears and difficulty breathing. It comes and goes.",acute bronchiolitis,Respiratory
"My main problems are sharp abdominal pain, chills, cough, shortness of breath, feeling ill, difficulty breathing and suprapubic pain.",sepsis,Febrile/Systemic
"I have vomiting, cough, nasal congestion, sharp chest pain, fever, chest tightness, regurgitation.1, wheezing and shortness of breath. It got worse overnight.",acute bronchospasm,Respiratory
"The symptoms are congestion in chest, coryza, fever, wheezing, chest tightness, shoulder pain, shortness of breath and coughing up sputum.",chronic obstructive pulmonary disease (copd),Respiratory
"I feel unwell, with lower abdominal pain, diarrhea, sharp abdominal pain, upper abdominal pain, blood in stool, heartburn and vomiting.",diverticulosis,Gastrointestinal
"Complaining of leg swelling, sharp chest pain, difficulty breathing, palpitations and fatigue. This has lasted about a week.",hypertensive heart disease,Musculoskeletal/Other
"I have vomiting, lower body pain, burning abdominal pain, back pain, diarrhea and abusing alcohol.",acute pancreatitis,Gastrointestinal
Complaining of fever and hip pain. This has lasted about a week.,lyme disease,Febrile/Systemic
"Lately I keep having cough, nasal congestion, lacrimation and ear pain. It got worse overnight.",seasonal allergies (hay fever),Febrile/Systemic
"For the past few days I've had abusing alcohol, back pain and diarrhea.",chronic pancreatitis,Gastrointestinal
"My main problems are eyelid swelling, lacrimation, white discharge from eye and diminished vision. It comes and goes.",corneal abrasion,Musculoskeletal/Other
"I came in because of suprapubic pain, decreased appetite, cough, shortness of breath, weakness, sharp abdominal pain, fever and feeling ill. It began this morning.",sepsis,Febrile/Systemic
"My main problems are cough, ear pain, chills, flu-like syndrome, headache, nasal congestion, vomiting and sore throat. It got worse overnight.",common cold,Respiratory
"I've been experiencing flu-like syndrome, diarrhea, decreased appetite and sharp abdominal pain and I'm worried. It began this morning.",infectious gastroenteritis,Febrile/Systemic
"Patient reports vomiting, sharp chest pain, lower body pain, back pain, sharp abdominal pain, side pain and regurgitation.1.",gallstone,Gastrointestinal
"I feel unwell, with hostile behavior, depressive or psychotic symptoms, disturbance of memory and focal weakness. This has lasted about a week.",dementia,Musculoskeletal/Other
"Lately I keep having headache, sleepiness, leg pain, depression and insomnia.",restless leg syndrome,Musculoskeletal/Other
"My main problems are peripheral edema, sharp abdominal pain, diarrhea, blood in stool, nausea, weakness, upper abdominal pain and shortness of breath. It began this morning.",liver disease,Gastrointestinal
"Since yesterday I've noticed skin dryness, peeling, scaliness, or roughness, dry or flaky scalp, itching of skin, abnormal appearing skin, symptoms of the face, too little hair and acne or pimples. It comes and goes.",seborrheic dermatitis,Dermatological
"I've been experiencing abnormal breathing sounds, vomiting, wheezing, sore throat and nasal congestion and I'm worried. It got worse overnight.",croup,Respiratory
"The symptoms are leg swelling, blood in stool, diarrhea, melena and rectal bleeding.",diverticulosis,Gastrointestinal
"For the past few days I've had vaginal discharge, vomiting, nausea, back pain, burning abdominal pain, painful urination, pelvic pain and lower abdominal pain.",pelvic inflammatory disease,Musculoskeletal/Other
"Lately I keep having facial pain, bleeding gums, toothache, mouth ulcer, gum pain, jaw swelling and headache.",tooth disorder,Musculoskeletal/Other
"For the past few days I've had skin lesion, itching of skin, acne or pimples, skin growth, dry or flaky scalp, skin rash and irregular appearing scalp.",seborrheic dermatitis,Dermatological
"My main problems are hesitancy, bedwetting, impotence, involuntary urination and retention of urine. It comes and goes.",bladder obstruction,Musculoskeletal/Other
"Chief complaint: low back pain, leg pain, ache all over, loss of sensation, headache, arm pain and neck pain.",neuralgia,Musculoskeletal/Other
"Chief complaint: cough, lacrimation and coryza. It comes and goes.",seasonal allergies (hay fever),Febrile/Systemic
"Complaining of irregular appearing scalp, acne or pimples, skin moles, ache all over, abnormal appearing skin and itching of skin. It comes and goes.",skin polyp,Dermatological
"Patient reports depression, sharp chest pain, abnormal involuntary movements, insomnia, palpitations, irregular heartbeat and anxiety and nervousness. It comes and goes.",anxiety,Musculoskeletal/Other
"The symptoms are weakness, jaundice, peripheral edema, side pain, unusual color or odor to urine and diarrhea. It got worse overnight.",liver disease,Gastrointestinal
"I have allergic reaction, apnea, facial pain, difficulty breathing, painful sinuses and sore throat. This has lasted about a week.",deviated nasal septum,Respiratory
"I feel unwell, with difficulty breathing, vomiting, shortness of breath and nasal congestion.",acute bronchospasm,Respiratory
"Since yesterday I've noticed nausea, sharp abdominal pain, sore throat and sharp chest pain. It started two days ago.",esophagitis,Gastrointestinal
"Patient reports side pain, nausea, sharp abdominal pain, sharp chest pain, regurgitation.1, back pain and heartburn.",gallstone,Gastrointestinal
"Complaining of ear pain, dizziness, nasal congestion, swollen or red tonsils, ringing in ear and abnormal breathing sounds. It comes and goes.",eustachian tube dysfunction (ear disorder),Musculoskeletal/Other
"I feel unwell, with fever, nasal congestion, pulling at ears, decreased appetite, cough and skin rash.",viral exanthem,Musculoskeletal/Other
"Lately I keep having upper abdominal pain, wrist pain, sharp abdominal pain, burning abdominal pain, sharp chest pain and side pain.",gallstone,Gastrointestinal
"Complaining of hip pain, headache and fatigue. It comes and goes.",lyme disease,Febrile/Systemic
"I feel unwell, with pulling at ears, hoarse voice, coryza, abnormal breathing sounds, nasal congestion, cough, sore throat and shortness of breath. It got worse overnight.",croup,Respiratory
"I feel unwell, with ear pain, sore throat, difficulty speaking, nasal congestion, fever and difficulty in swallowing. It started two days ago.",laryngitis,Respiratory
"I've been experiencing difficulty breathing, decreased appetite, wheezing, fever, irritable infant and coryza and I'm worried.",acute bronchiolitis,Respiratory
"Patient reports upper abdominal pain, regurgitation.1, stomach bloating and back pain.",cholecystitis,Gastrointestinal
"I've been experiencing facial pain, itching of skin, back pain and sharp chest pain and I'm worried.",shingles (herpes zoster),Dermatological
"My main problems are vomiting, chills, sore throat and coryza.",pneumonia,Respiratory
"Since yesterday I've noticed cough, nasal congestion, sore throat, coryza, vomiting, chills, fever and weakness. It got worse overnight.",pneumonia,Respiratory
"For the past few days I've had decreased appetite, fever, weakness, suprapubic pain, chills, sharp abdominal pain, cough and shortness of breath. It comes and goes.",sepsis,Febrile/Systemic
"The symptoms are fever, nausea, fluid retention, facial pain, diarrhea, vomiting and headache.",infectious gastroenteritis,Febrile/Systemic
"The symptoms are coryza, cough, sneezing, itchiness of eye, sore throat and allergic reaction. It started two days ago.",seasonal allergies (hay fever),Febrile/Systemic
"Since yesterday I've noticed difficulty breathing, shortness of breath, leg swelling, side pain, sweating and leg pain. It began this morning.",pulmonary embolism,Respiratory
"The symptoms are coryza, headache, diarrhea, coughing up sputum, fever, cough, wheezing and nasal congestion. It started two days ago.",acute bronchitis,Respiratory
"Chief complaint: ear pain, sneezing, frontal headache, headache and nasal congestion. It began this morning.",seasonal allergies (hay fever),Febrile/Systemic
"I feel unwell, with sharp abdominal pain, sharp chest pain, vomiting, side pain, upper abdominal pain, nausea, hemoptysis and back pain. It got worse overnight.",acute pancreatitis,Gastrointestinal
"My main problems are regurgitation, difficulty in swallowing, regurgitation.1, dizziness and burning abdominal pain.",hiatal hernia,Gastrointestinal
"Chief complaint: allergic reaction, abnormal appearing skin, acne or pimples, warts, itching of skin, skin lesion, irregular appearing scalp and skin dryness, peeling, scaliness, or roughness.",eczema,Dermatological
"I've been experiencing facial pain, groin pain, ache all over, lower abdominal pain, groin mass, pain in testicles and sharp abdominal pain and I'm worried. It comes and goes.",inguinal hernia,Gastrointestinal
"I've been experiencing sharp abdominal pain, fluid retention, blood in stool, vomiting, decreased appetite and nausea and I'm worried.",infectious gastroenteritis,Febrile/Systemic
"Since yesterday I've noticed back pain, loss of sensation, shoulder pain, low back pain, hip pain, ache all over and paresthesia. This has lasted about a week.",spondylosis,Musculoskeletal/Other
"Chief complaint: fever, nausea, sharp abdominal pain, flu-like syndrome and burning abdominal pain.",infectious gastroenteritis,Febrile/Systemic
"I came in because of abnormal appearing skin, acne or pimples, skin moles, irregular appearing scalp, warts and itching of skin. It started two days ago.",skin polyp,Dermatological
"Complaining of sharp chest pain, sharp abdominal pain, diarrhea, headache, nausea and vomiting blood.",gastritis,Gastrointestinal
"Patient reports sore in nose, itching of skin, cough, skin swelling, fever and nasal congestion.",impetigo,Dermatological
"Complaining of joint pain, skin lesion, skin dryness, peeling, scaliness, or roughness and irregular appearing scalp. It started two days ago.",psoriasis,Dermatological
"For the past few days I've had upper abdominal pain, diarrhea, constipation, chills and burning abdominal pain. It began this morning.",diverticulitis,Gastrointestinal
"I came in because of diarrhea, blood in stool, sharp abdominal pain, fainting, vomiting, dizziness, weakness, rectal bleeding and leg swelling. It got worse overnight.",gastrointestinal hemorrhage,Gastrointestinal
"I feel unwell, with skin rash, fever, nasal congestion, sore throat, cough, feeling ill and swollen lymph nodes.",mononucleosis,Febrile/Systemic
"Patient reports sharp chest pain, fever, vomiting, cough, nasal congestion, shortness of breath, chills and difficulty breathing. It began this morning.",pneumonia,Respiratory
"For the past few days I've had vomiting blood, back pain, nausea, difficulty in swallowing, dizziness and heartburn. It started two days ago.",hiatal hernia,Gastrointestinal
"Lately I keep having flu-like syndrome, sharp abdominal pain, fever, fluid retention, chills, vomiting, decreased appetite and diarrhea.",infectious gastroenteritis,Febrile/Systemic
"I came in because of irregular appearing scalp, skin irritation, warts, skin dryness, peeling, scaliness, or roughness, abnormal appearing skin, skin rash and acne or pimples. It started two days ago.",eczema,Dermatological
"For the past few days I've had headache, coryza, diarrhea, ache all over and sore throat.",flu,Respiratory
"Lately I keep having swollen lymph nodes, blood in stool, vomiting, burning abdominal pain, lower abdominal pain, nausea and diarrhea. It got worse overnight.",ulcerative colitis,Gastrointestinal
"Chief complaint: skin rash, acne or pimples, foot or toe pain, irregular appearing nails, skin lesion and skin swelling.",callus,Dermatological
"Lately I keep having itching of skin, allergic reaction, lip swelling and hand or finger swelling. It started two days ago.",food allergy,Musculoskeletal/Other
"I came in because of foot or toe swelling, abnormal appearing skin, foot or toe pain, skin growth, neck swelling, skin dryness, peeling, scaliness, or roughness and skin on leg or foot looks infected. It started two days ago.",ingrown toe nail,Musculoskeletal/Other
"For the past few days I've had itching of skin, irregular appearing scalp, warts, skin rash, acne or pimples, abnormal appearing skin and skin swelling. This has lasted about a week.",skin pigmentation disorder,Dermatological
"Complaining of shortness of breath, palpitations, feeling ill, difficulty breathing, sharp chest pain and hemoptysis. It got worse overnight.",pulmonary hypertension,Respiratory
"My main problems are problems during pregnancy, pain during pregnancy, frequent urination, painful urination, vaginal redness, suprapubic pain, vaginal discharge and skin growth. This has lasted about a week.",benign vaginal discharge (leukorrhea),Musculoskeletal/Other
"The symptoms are wrinkles on skin, facial pain, pain in gums, toothache, skin swelling, lip swelling and neck swelling. It comes and goes.",tooth abscess,Dermatological
"The symptoms are facial pain, dizziness and irritable infant. It comes and goes.",subdural hemorrhage,Musculoskeletal/Other
"I feel unwell, with skin irritation, abnormal appearing skin, skin dryness, peeling, scaliness, or roughness, skin swelling, skin growth, skin lesion, lip swelling and irregular appearing scalp.",skin cancer,Dermatological
"I came in because of chest tightness, nausea, cough, burning abdominal pain, difficulty in swallowing, heartburn, sore throat and vomiting. It began this morning.",esophagitis,Gastrointestinal
"I feel unwell, with frontal headache, fever, facial pain, ear pain and nasal congestion. It began this morning.",acute sinusitis,Respiratory
"For the past few days I've had sharp abdominal pain, flu-like syndrome, headache, burning abdominal pain, decreased appetite, fluid retention, nausea and blood in stool. It comes and goes.",infectious gastroenteritis,Febrile/Systemic
"Chief complaint: decreased appetite, suprapubic pain, shortness of breath, vomiting, sharp abdominal pain, paresthesia and chills.",sepsis,Febrile/Systemic
"The symptoms are nausea, vomiting, vaginal discharge and vaginal itching. It got worse overnight.",trichomonas infection,Musculoskeletal/Other
"I came in because of blood in stool, nausea, lower abdominal pain, swollen lymph nodes, diarrhea, burning abdominal pain and rectal bleeding. This has lasted about a week.",ulcerative colitis,Gastrointestinal
"Lately I keep having cough, coryza, headache, nasal congestion, lacrimation and sneezing. This has lasted about a week.",seasonal allergies (hay fever),Febrile/Systemic
"I've been experiencing skin rash, acne or pimples, itchy scalp, irregular appearing scalp and skin dryness, peeling, scaliness, or roughness and I'm worried.",fungal infection of the skin,Dermatological
"I feel unwell, with rectal bleeding, swollen lymph nodes, headache, nasal congestion, cough and sore throat.",mononucleosis,Febrile/Systemic
"My main problems are acne or pimples, skin lesion, pelvic pain, irregular appearing scalp, itching of skin and abnormal appearing skin. It comes and goes.",fungal infection of the hair,Dermatological
"Patient reports melena, heartburn, cramps and spasms, blood in stool, itching of the anus, pain of the anus and sharp abdominal pain. This has lasted about a week.",rectal disorder,Gastrointestinal
"My main problems are blood in stool, fluid retention, decreased appetite, chills, headache and rectal bleeding. It got worse overnight.",noninfectious gastroenteritis,Febrile/Systemic
"I feel unwell, with headache, cough, skin rash, sore throat, swollen lymph nodes and fever. It began this morning.",mononucleosis,Febrile/Systemic
"Complaining of sleepiness, insomnia, weight gain, fatigue, back pain, sweating, difficulty in swallowing and abnormal involuntary movements.",obstructive sleep apnea (osa),Respiratory
"Chief complaint: skin lesion, allergic reaction, skin irritation, cough, warts, skin swelling and irregular appearing scalp. It began this morning.",eczema,Dermatological
"Chief complaint: jaundice, rectal bleeding and nausea.",hepatitis due to a toxin,Gastrointestinal
"Since yesterday I've noticed skin moles, vomiting, itchy eyelid, skin growth, skin lesion, abnormal appearing skin, skin swelling and irregular appearing scalp. It comes and goes.",melanoma,Dermatological
"Chief complaint: fever, irritable infant, nasal congestion, hurts to breath, decreased appetite, wheezing, pulling at ears and difficulty breathing. It started two days ago.",acute bronchiolitis,Respiratory
"For the past few days I've had blood in stool, diarrhea, lower abdominal pain, swollen lymph nodes, burning abdominal pain and nausea. It began this morning.",ulcerative colitis,Gastrointestinal
"Since yesterday I've noticed fluid retention, decreased appetite, sharp abdominal pain, rectal bleeding, blood in stool, diarrhea and headache. It began this morning.",noninfectious gastroenteritis,Febrile/Systemic
"The symptoms are vomiting, symptoms of the kidneys, side pain, lower body pain, sharp abdominal pain, sharp chest pain and back pain. It got worse overnight.",cholecystitis,Gastrointestinal
"My main problems are hip pain, leg cramps or spasms, problems with movement, paresthesia and neck pain. It started two days ago.",spondylolisthesis,Musculoskeletal/Other
"Lately I keep having dizziness, blood in stool, changes in stool appearance, melena, rectal bleeding, fainting, diarrhea and nausea. It comes and goes.",gastrointestinal hemorrhage,Gastrointestinal
"Complaining of lip swelling, abnormal appearing skin, acne or pimples and skin growth.",atrophic skin condition,Dermatological
"My main problems are redness in ear, allergic reaction, dizziness, ear pain, abnormal breathing sounds and swollen or red tonsils.",eustachian tube dysfunction (ear disorder),Musculoskeletal/Other
"Complaining of groin mass and skin dryness, peeling, scaliness, or roughness. It began this morning.",soft tissue sarcoma,Musculoskeletal/Other
"I came in because of skin swelling, itching of skin, knee lump or mass, warts and skin dryness, peeling, scaliness, or roughness.",molluscum contagiosum,Musculoskeletal/Other
"Chief complaint: difficulty breathing, chills, sharp chest pain and ache all over. It comes and goes.",acute respiratory distress syndrome (ards),Respiratory
"For the past few days I've had low urine output, frequent urination, hesitancy and burning chest pain. It got worse overnight.",benign prostatic hyperplasia (bph),Musculoskeletal/Other
"The symptoms are skin dryness, peeling, scaliness, or roughness, skin growth, itchy scalp, abnormal appearing skin, itching of skin, skin swelling and skin lesion. It began this morning.",fungal infection of the hair,Dermatological
"The symptoms are sharp chest pain, throat feels tight, chest tightness and dizziness.",chronic rheumatic fever,Febrile/Systemic
"Complaining of shoulder pain, wrist pain, arm swelling, elbow swelling, shoulder stiffness or tightness and arm stiffness or tightness.",fracture of the arm,Musculoskeletal/Other
"For the past few days I've had apnea, difficulty breathing, weight gain, sleepiness, sweating and insomnia. It started two days ago.",obstructive sleep apnea (osa),Respiratory
"Patient reports nausea, neck stiffness or tightness, cough, vomiting and neck pain.",meningitis,Febrile/Systemic
"My main problems are decreased appetite, side pain, fever, upper abdominal pain and vomiting.",appendicitis,Gastrointestinal
"Since yesterday I've noticed heartburn, nausea, sharp abdominal pain, blood in stool and vomiting. It began this morning.",gastroduodenal ulcer,Gastrointestinal
"Since yesterday I've noticed vomiting blood, sharp abdominal pain, melena, weakness, dizziness, fainting, diarrhea and changes in stool appearance.",gastrointestinal hemorrhage,Gastrointestinal
"Lately I keep having skin dryness, peeling, scaliness, or roughness, skin lesion, acne or pimples, skin swelling, skin rash, abnormal appearing skin and skin moles. It comes and goes.",dermatitis due to sun exposure,Dermatological
"Since yesterday I've noticed irregular appearing scalp, skin dryness, peeling, scaliness, or roughness, abnormal appearing skin, skin swelling, skin rash, skin growth, itching of skin and skin lesion. This has lasted about a week.",skin pigmentation disorder,Dermatological
"Lately I keep having lower abdominal pain, pelvic pain, frequent menstruation, sharp abdominal pain and infertility. It got worse overnight.",idiopathic irregular menstrual cycle,Musculoskeletal/Other
"Chief complaint: sharp chest pain, sore throat, shortness of breath, vomiting, chest tightness, burning abdominal pain, insomnia, difficulty in swallowing and cough. It got worse overnight.",esophagitis,Gastrointestinal
"I came in because of abnormal breathing sounds, sharp chest pain, apnea, facial pain, nasal congestion and allergic reaction. It began this morning.",deviated nasal septum,Respiratory
"Complaining of difficulty speaking, restlessness, fears and phobias, depressive or psychotic symptoms and delusions or hallucinations. It comes and goes.",developmental disability,Musculoskeletal/Other
"Chief complaint: fever, vomiting, cough, hurts to breath, pulling at ears and nasal congestion.",acute bronchiolitis,Respiratory
"I came in because of vomiting blood, sharp abdominal pain, vomiting, sharp chest pain, heartburn, changes in stool appearance and blood in stool. It began this morning.",gastroduodenal ulcer,Gastrointestinal
"Patient reports nasal congestion, shortness of breath, sharp chest pain, headache, difficulty breathing, wheezing and coryza.",acute bronchitis,Respiratory
I have fever and vomiting.,noninfectious gastroenteritis,Febrile/Systemic
"I feel unwell, with upper abdominal pain, shortness of breath, heartburn and blood in stool. This has lasted about a week.",liver disease,Gastrointestinal
"I've been experiencing diarrhea, constipation, lower abdominal pain, side pain, upper abdominal pain, burning abdominal pain, nausea and chills and I'm worried.",diverticulitis,Gastrointestinal
"Since yesterday I've noticed allergic reaction, symptoms of the scrotum and testes, facial pain, hoarse voice, headache, frontal headache and nasal congestion.",nasal polyp,Respiratory
"I came in because of sore throat, lip swelling, toothache and abnormal appearing skin. This has lasted about a week.",cellulitis or abscess of mouth,Dermatological
"Chief complaint: blood in stool, melena, dizziness, nausea, sharp abdominal pain, vomiting and diarrhea. It started two days ago.",gastrointestinal hemorrhage,Gastrointestinal
"The symptoms are gum pain, jaw swelling, pain in gums and neck swelling.",tooth abscess,Dermatological
"Complaining of nausea, difficulty in swallowing, burning abdominal pain, cough and vomiting. It got worse overnight.",esophagitis,Gastrointestinal
"I've been experiencing diminished hearing, plugged feeling in ear, itchy ear(s), facial pain, redness in ear and fever and I'm worried.",otitis externa (swimmer's ear),Musculoskeletal/Other
"I have chills, diarrhea, fever, decreased appetite, blood in stool and fluid retention.",infectious gastroenteritis,Febrile/Systemic
"The symptoms are diarrhea, chills, vomiting, burning abdominal pain, lower abdominal pain, blood in stool, side pain and fever. It started two days ago.",diverticulitis,Gastrointestinal
"I came in because of burning abdominal pain, chills, rectal bleeding, blood in stool, decreased appetite, sharp abdominal pain, diarrhea and fluid retention. It comes and goes.",noninfectious gastroenteritis,Febrile/Systemic
"Complaining of changes in stool appearance, blood in stool, dizziness, nausea and sharp abdominal pain. It began this morning.",gastrointestinal hemorrhage,Gastrointestinal
Complaining of knee lump or mass and itchiness of eye.,rheumatic fever,Febrile/Systemic
"Lately I keep having swollen lymph nodes, burning abdominal pain, diarrhea, blood in stool, vomiting, lower abdominal pain and sharp abdominal pain.",ulcerative colitis,Gastrointestinal
"For the past few days I've had rectal bleeding, blood in stool, fluid retention, headache, vomiting, decreased appetite and chills. It comes and goes.",noninfectious gastroenteritis,Febrile/Systemic
"I've been experiencing difficulty breathing, sharp chest pain, arm pain, nasal congestion, shortness of breath, coryza, sore throat and vomiting and I'm worried. It started two days ago.",pneumonia,Respiratory
"Patient reports vomiting, weakness, vomiting blood and melena. It started two days ago.",gastrointestinal hemorrhage,Gastrointestinal
"I have hostile behavior, fears and phobias, lack of growth, difficulty speaking, seizures, antisocial behavior and obsessions and compulsions.",developmental disability,Musculoskeletal/Other
"The symptoms are shortness of breath, leg swelling, sharp chest pain, cough and hemoptysis.",pulmonary embolism,Respiratory
"I have abnormal breathing sounds, ringing in ear, nasal congestion, redness in ear, diminished hearing and allergic reaction. It got worse overnight.",eustachian tube dysfunction (ear disorder),Musculoskeletal/Other
"For the past few days I've had hoarse voice, ringing in ear, fluid in ear, low self-esteem and diminished hearing. It got worse overnight.",conductive hearing loss,Musculoskeletal/Other
"I've been experiencing blood in stool, cough, diaper rash, vomiting, skin rash, fever and nasal congestion and I'm worried. This has lasted about a week.",diaper rash,Dermatological
"I came in because of nausea, sharp chest pain, side pain, lower body pain, depression, sharp abdominal pain and vomiting.",acute pancreatitis,Gastrointestinal
"Complaining of fever, sore throat, cough, nasal congestion, redness in ear and apnea. It began this morning.",tonsillar hypertrophy,Respiratory
"Since yesterday I've noticed nasal congestion, coughing up sputum, fever, wheezing and allergic reaction. It got worse overnight.",asthma,Respiratory
"Patient reports cough, nasal congestion, congestion in chest, swollen eye, coryza and sharp chest pain.",chronic obstructive pulmonary disease (copd),Respiratory
"Since yesterday I've noticed abnormal appearing skin, skin irritation, skin rash, pelvic pain, skin lesion, skin growth and acne or pimples. It started two days ago.",fungal infection of the hair,Dermatological
"Chief complaint: joint pain, skin moles, skin rash, itchy scalp and skin swelling. It got worse overnight.",psoriasis,Dermatological
"I feel unwell, with frontal headache, sore throat, nasal congestion, sharp abdominal pain, sinus congestion, cough and coryza. It started two days ago.",acute sinusitis,Respiratory
"My main problems are ear pain, lacrimation, sneezing, cough and sore throat. It started two days ago.",seasonal allergies (hay fever),Febrile/Systemic
"Complaining of fatigue, shortness of breath, irregular heartbeat, sweating and dizziness.",mitral valve disease,Musculoskeletal/Other
"Since yesterday I've noticed sharp abdominal pain, blood in stool, nausea and headache.",infectious gastroenteritis,Febrile/Systemic
"I've been experiencing difficulty breathing, wheezing, vomiting, nasal congestion, coryza and sharp chest pain and I'm worried. It started two days ago.",acute bronchospasm,Respiratory
"I feel unwell, with throat swelling, sharp chest pain, headache and cough. It comes and goes.",abscess of the pharynx,Dermatological
"Since yesterday I've noticed white discharge from eye, eye redness, eye burns or stings, swollen eye and spots or clouds in vision. It started two days ago.",blepharitis,Musculoskeletal/Other
"Patient reports blood in stool, heartburn, vomiting, changes in stool appearance, burning abdominal pain, nausea and vomiting blood. It started two days ago.",gastroduodenal ulcer,Gastrointestinal
"I feel unwell, with fever, headache, nausea, rectal bleeding, vomiting, chills, decreased appetite and diarrhea.",noninfectious gastroenteritis,Febrile/Systemic
"I have fever, fluid retention, headache, blood in stool and vomiting.",noninfectious gastroenteritis,Febrile/Systemic
"Patient reports frontal headache, coughing up sputum, nasal congestion, painful sinuses and fever. It comes and goes.",acute sinusitis,Respiratory
"Patient reports sore throat, headache, flu-like syndrome, vomiting, coryza, wheezing and nasal congestion. It began this morning.",common cold,Respiratory
"I have sore throat, sleepiness, cough and wheezing.",interstitial lung disease,Respiratory
"Since yesterday I've noticed allergic reaction, cough, skin irritation, warts, itching of skin, abnormal appearing skin, skin lesion and skin swelling. It got worse overnight.",eczema,Dermatological
"I have retention of urine, symptoms of bladder, excessive urination at night and pain in testicles. It started two days ago.",benign prostatic hyperplasia (bph),Musculoskeletal/Other
"Since yesterday I've noticed nasal congestion, cough, weakness, sharp chest pain and chest tightness. It started two days ago.",pulmonary congestion,Respiratory
"The symptoms are shortness of breath, weakness, hurts to breath, difficulty breathing, cough, sharp abdominal pain and rib pain.",pleural effusion,Respiratory
"I've been experiencing swollen eye, skin dryness, peeling, scaliness, or roughness, skin swelling, itching of skin and abnormal appearing skin and I'm worried. It began this morning.",contact dermatitis,Dermatological
"My main problems are vomiting, blood in stool, vomiting blood, nausea, fainting, weakness, diarrhea and sharp abdominal pain.",gastrointestinal hemorrhage,Gastrointestinal
"I came in because of difficulty breathing, abnormal breathing sounds, shortness of breath, difficulty in swallowing, sweating, weight gain and sleepiness.",obstructive sleep apnea (osa),Respiratory
"Lately I keep having stomach bloating, back pain, regurgitation.1, upper abdominal pain, sharp abdominal pain, side pain, nausea and hurts to breath. It got worse overnight.",cholecystitis,Gastrointestinal
"I feel unwell, with rectal bleeding, nausea, decreased appetite, chills and headache.",noninfectious gastroenteritis,Febrile/Systemic
"Chief complaint: cough, vomiting, fever and chills. It started two days ago.",common cold,Respiratory
"Since yesterday I've noticed symptoms of the scrotum and testes, fever, upper abdominal pain, nausea, vomiting and diarrhea.",appendicitis,Gastrointestinal
"Patient reports diarrhea, nausea, fever, blood in stool and decreased appetite. It got worse overnight.",infectious gastroenteritis,Febrile/Systemic
"Lately I keep having diarrhea, flu-like syndrome, vomiting, decreased appetite and headache. It comes and goes.",infectious gastroenteritis,Febrile/Systemic
"I have headache, cough, nasal congestion, throat swelling and sore throat.",abscess of the pharynx,Dermatological
"Lately I keep having skin growth, skin lesion, abnormal appearing skin and skin dryness, peeling, scaliness, or roughness. This has lasted about a week.",actinic keratosis,Dermatological
"For the past few days I've had difficulty breathing, feeling ill, weakness, shortness of breath and fever. It started two days ago.",sepsis,Febrile/Systemic
"Patient reports leg pain, side pain, difficulty breathing, chest tightness, weakness, sharp chest pain, hemoptysis and leg swelling. This has lasted about a week.",pulmonary embolism,Respiratory
"Complaining of diarrhea, sharp abdominal pain, fever, rectal bleeding and vomiting. It got worse overnight.",noninfectious gastroenteritis,Febrile/Systemic
"Lately I keep having itching of skin, irregular appearing scalp, acne or pimples, allergic reaction, skin irritation, cough, skin rash and skin dryness, peeling, scaliness, or roughness. It started two days ago.",eczema,Dermatological
"Patient reports shoulder pain, lower body pain, hip pain, paresthesia, loss of sensation and leg pain. It got worse overnight.",degenerative disc disease,Musculoskeletal/Other
"Since yesterday I've noticed foot or toe pain, hand or finger weakness, wrist pain and arm pain. This has lasted about a week.",mononeuritis,Musculoskeletal/Other
"Lately I keep having bleeding gums, peripheral edema and toothache.",tooth disorder,Musculoskeletal/Other
"The symptoms are nausea, back pain, regurgitation.1, upper abdominal pain, lower body pain and burning abdominal pain.",gallstone,Gastrointestinal
"For the past few days I've had difficulty breathing, sharp abdominal pain, decreased appetite, cough and shortness of breath. It got worse overnight.",sepsis,Febrile/Systemic
"Since yesterday I've noticed shortness of breath, fever, difficulty breathing, vomiting, chills, decreased appetite and weakness. It started two days ago.",sepsis,Febrile/Systemic
"My main problems are peripheral edema, abnormal appearing skin, shortness of breath, itching of skin, nausea, skin rash and allergic reaction.",drug reaction,Musculoskeletal/Other
"Patient reports nasal congestion, fever, hurts to breath, irritable infant, decreased appetite, vomiting and shortness of breath. It started two days ago.",acute bronchiolitis,Respiratory
"For the past few days I've had wheezing, chills, fever and headache.",common cold,Respiratory
"Since yesterday I've noticed sharp chest pain, difficulty breathing, depressive or psychotic symptoms, shortness of breath, chest tightness, chills and wheezing. It got worse overnight.",acute respiratory distress syndrome (ards),Respiratory
"Since yesterday I've noticed burning abdominal pain, vomiting, fluid retention, headache, nausea, blood in stool, chills and decreased appetite.",infectious gastroenteritis,Febrile/Systemic
"I came in because of blood in stool, changes in stool appearance, rectal bleeding, mass or swelling around the anus, melena and sharp abdominal pain.",hemorrhoids,Gastrointestinal
"Complaining of regurgitation, cough, nausea, hoarse voice, difficulty in swallowing, regurgitation.1 and sharp abdominal pain.",gastroesophageal reflux disease (gerd),Gastrointestinal
"I came in because of sore throat, chills, flu-like syndrome, elbow pain, nasal congestion and fever. It comes and goes.",common cold,Respiratory
"I feel unwell, with regurgitation, chest tightness, regurgitation.1, burning abdominal pain, difficulty in swallowing and cough. It got worse overnight.",gastroesophageal reflux disease (gerd),Gastrointestinal
"I came in because of constipation, retention of urine, blood in stool, rectal bleeding, nausea, lower abdominal pain and pain of the anus. It got worse overnight.",chronic constipation,Gastrointestinal
"I feel unwell, with joint pain, leg pain, back cramps or spasms, lower body pain, hip pain, low back pain, neck pain and loss of sensation. It started two days ago.",degenerative disc disease,Musculoskeletal/Other
"Patient reports cough, sore throat, wheezing and coryza. It comes and goes.",acute bronchospasm,Respiratory
"Since yesterday I've noticed burning abdominal pain, upper abdominal pain, diarrhea, sharp abdominal pain and vomiting.",diverticulitis,Gastrointestinal
"Patient reports headache, coryza, frontal headache, sore throat, lacrimation, ear pain, itchiness of eye and allergic reaction. It started two days ago.",seasonal allergies (hay fever),Febrile/Systemic
"Patient reports warts, acne or pimples, skin lesion, skin moles, abnormal appearing skin and itching of skin.",skin polyp,Dermatological
Patient reports hurts to breath and cough. It got worse overnight.,smoking or tobacco addiction,Musculoskeletal/Other
"Since yesterday I've noticed heartburn, headache, abnormal involuntary movements, seizures, slurring words, dizziness, problems with movement and difficulty speaking. It began this morning.",stroke,Musculoskeletal/Other
"Lately I keep having fever, chest tightness, chills, difficulty breathing, cough and wheezing.",acute respiratory distress syndrome (ards),Respiratory
"The symptoms are depression, obsessions and compulsions, delusions or hallucinations, depressive or psychotic symptoms, fears and phobias and insomnia.",bipolar disorder,Musculoskeletal/Other
"Lately I keep having changes in stool appearance, melena, fainting, vomiting, upper abdominal pain and vomiting blood. It got worse overnight.",gastrointestinal hemorrhage,Gastrointestinal
"Chief complaint: foot or toe pain, foot or toe swelling, abnormal appearing skin, peripheral edema, skin swelling, hand or finger swelling, leg pain and skin lesion.",pyogenic skin infection,Dermatological
"I've been experiencing diarrhea, fever, irritable infant, skin rash, temper problems and nasal congestion and I'm worried.",diaper rash,Dermatological
"The symptoms are sharp abdominal pain, rib pain, shortness of breath, difficulty breathing, hurts to breath, sharp chest pain, side pain and weakness.",pleural effusion,Respiratory
"I feel unwell, with regurgitation.1, lower body pain, symptoms of the kidneys, sharp chest pain and stomach bloating. It began this morning.",cholecystitis,Gastrointestinal
"Patient reports dizziness, difficulty speaking, focal weakness, weakness, problems with movement and leg stiffness or tightness. It comes and goes.",parkinson disease,Musculoskeletal/Other
"I have skin dryness, peeling, scaliness, or roughness, knee weakness, skin irritation, cough, warts and skin rash. It started two days ago.",eczema,Dermatological
"Complaining of vomiting, sharp abdominal pain, vomiting blood, nausea, fainting and rectal bleeding. This has lasted about a week.",gastrointestinal hemorrhage,Gastrointestinal
"Lately I keep having fever, chills, feeling ill, shortness of breath and sharp abdominal pain. It started two days ago.",sepsis,Febrile/Systemic
"Lately I keep having sharp chest pain, fatigue, cough, difficulty breathing and feeling ill.",pulmonary hypertension,Respiratory
"Since yesterday I've noticed sinus congestion, fever, frontal headache, headache, cough and painful sinuses. It began this morning.",chronic sinusitis,Respiratory
"I came in because of arm lump or mass, bones are painful, skin swelling, skin growth and back mass or lump. It started two days ago.",lipoma,Musculoskeletal/Other
"Lately I keep having blood in stool, fever, diarrhea, nasal congestion, vomiting, diaper rash and skin rash.",diaper rash,Dermatological
"I've been experiencing weakness, cough, vomiting, shortness of breath, difficulty breathing and sharp abdominal pain and I'm worried. It started two days ago.",sepsis,Febrile/Systemic
"My main problems are itching of skin, too little hair, abnormal appearing skin, skin rash, irregular appearing scalp and itchy scalp. It comes and goes.",fungal infection of the skin,Dermatological
"Lately I keep having difficulty breathing, back pain, rib pain, weakness, hurts to breath and cough. It comes and goes.",pleural effusion,Respiratory
"For the past few days I've had lip swelling, skin moles, wrinkles on skin, skin swelling and skin lesion. It began this morning.",atrophic skin condition,Dermatological
"My main problems are skin swelling, skin moles, skin lesion, itching of skin and warts.",skin pigmentation disorder,Dermatological
"Since yesterday I've noticed hip pain, headache, fatigue and abnormal appearing skin. It comes and goes.",lyme disease,Febrile/Systemic
"Since yesterday I've noticed leg pain, neck pain, hand or finger pain, paresthesia, low back pain and loss of sensation. It comes and goes.",complex regional pain syndrome,Musculoskeletal/Other
"I've been experiencing nausea, blood in stool, diarrhea and fever and I'm worried. It comes and goes.",noninfectious gastroenteritis,Febrile/Systemic
"Since yesterday I've noticed shortness of breath, vomiting, difficulty breathing, cough and suprapubic pain.",sepsis,Febrile/Systemic
"I feel unwell, with burning abdominal pain, vomiting, headache, blood in stool, fluid retention and flu-like syndrome. It got worse overnight.",infectious gastroenteritis,Febrile/Systemic
"The symptoms are diminished hearing, symptoms of eye and pain in eye.",orbital cellulitis,Dermatological
"Chief complaint: acne or pimples, symptoms of the face, abnormal appearing skin, skin dryness, peeling, scaliness, or roughness, skin rash and skin lesion.",seborrheic dermatitis,Dermatological
"Patient reports blood in stool, heartburn, upper abdominal pain, vomiting, changes in stool appearance, nausea and vomiting blood.",gastroduodenal ulcer,Gastrointestinal
"Since yesterday I've noticed skin swelling, itchy eyelid, swollen lymph nodes and abnormal appearing skin. It comes and goes.",melanoma,Dermatological
"I have rectal bleeding, vomiting, sharp abdominal pain, regurgitation, nausea and regurgitation.1. It comes and goes.",crohn disease,Gastrointestinal
"I have neck mass, skin lesion, shoulder lump or mass and skin swelling.",lipoma,Musculoskeletal/Other
"Lately I keep having skin moles, symptoms of eye, skin lesion, skin swelling, lymphedema, abnormal appearing skin and acne or pimples. It started two days ago.",rosacea,Dermatological
"I have cough, nasal congestion, abnormal breathing sounds, vomiting, fever and sore throat. It got worse overnight.",croup,Respiratory
"Complaining of skin irritation, skin swelling, abnormal appearing skin, skin lesion, itching of skin and skin dryness, peeling, scaliness, or roughness.",skin disorder,Dermatological
"Since yesterday I've noticed vomiting, sharp abdominal pain, dizziness, abnormal involuntary movements, weakness and nausea.",gastrointestinal hemorrhage,Gastrointestinal
"I have nausea, vomiting blood, diarrhea, weakness and sharp abdominal pain. This has lasted about a week.",gastrointestinal hemorrhage,Gastrointestinal
"I feel unwell, with nasal congestion, ear pain, fever and coryza. It began this morning.",acute sinusitis,Respiratory
"My main problems are dizziness, disturbance of memory, problems with movement, leg pain and foot or toe pain.",peripheral nerve disorder,Musculoskeletal/Other
"Patient reports decreased appetite, shortness of breath, cough, pain in gums, feeling ill, chills, difficulty breathing, sharp abdominal pain and suprapubic pain. This has lasted about a week.",sepsis,Febrile/Systemic
"I came in because of cough, allergic reaction, acne or pimples, skin swelling, skin lesion and abnormal appearing skin.",eczema,Dermatological
"For the past few days I've had chills, wheezing, fever, sharp chest pain, chest tightness and depressive or psychotic symptoms. It started two days ago.",acute respiratory distress syndrome (ards),Respiratory
"Patient reports nausea, fluid retention, burning abdominal pain, fever, cough, vomiting, chills and headache.",infectious gastroenteritis,Febrile/Systemic
"Chief complaint: pain in eye, anxiety and nervousness, fears and phobias, insomnia, headache, increased heart rate, irregular heartbeat, abnormal involuntary movements and sharp chest pain.",anxiety,Musculoskeletal/Other
"I have skin rash, long menstrual periods, irregular appearing scalp, skin dryness, peeling, scaliness, or roughness and acne or pimples.",acne,Dermatological
"I came in because of fatigue, weight gain, mouth dryness, sweating and shortness of breath. It started two days ago.",obstructive sleep apnea (osa),Respiratory
"Lately I keep having fever, cough, feeling ill, decreased appetite, shortness of breath, chills, sharp abdominal pain and difficulty breathing.",sepsis,Febrile/Systemic
"I have lower abdominal pain, changes in stool appearance, retention of urine, sharp abdominal pain, blood in stool, vomiting, burning abdominal pain and nausea. It began this morning.",chronic constipation,Gastrointestinal
"Complaining of arm weakness, back pain, arm pain, abnormal involuntary movements and problems with movement. It began this morning.",peripheral nerve disorder,Musculoskeletal/Other
"Patient reports wrist swelling, hand or finger pain, knee pain, ankle swelling, hand or finger swelling, joint pain and knee swelling. It began this morning.",gout,Musculoskeletal/Other
"I came in because of fever, flu-like syndrome, fluid retention, headache, burning abdominal pain and decreased appetite. It got worse overnight.",infectious gastroenteritis,Febrile/Systemic
"I feel unwell, with upper abdominal pain, difficulty in swallowing, nausea, back pain, burning abdominal pain and sharp chest pain. This has lasted about a week.",hiatal hernia,Gastrointestinal
"For the past few days I've had wheezing, coryza, shortness of breath, sharp chest pain, sore throat and coughing up sputum. It got worse overnight.",chronic obstructive pulmonary disease (copd),Respiratory
"Complaining of back pain, diarrhea and skin growth. It comes and goes.",chronic pancreatitis,Gastrointestinal
"I came in because of headache, nasal congestion, sharp chest pain, sore throat and cough.",abscess of the pharynx,Dermatological
"Since yesterday I've noticed weakness, shortness of breath, heartburn, jaundice, sharp abdominal pain and nausea.",liver disease,Gastrointestinal
"I've been experiencing allergic reaction, sneezing, frontal headache, coryza, itchiness of eye, lacrimation and nasal congestion and I'm worried. It comes and goes.",seasonal allergies (hay fever),Febrile/Systemic
"Patient reports chest tightness, shortness of breath, difficulty breathing, leg pain and hemoptysis.",pulmonary embolism,Respiratory
"For the past few days I've had diarrhea, sore throat, chills, vomiting and ache all over. It began this morning.",flu,Respiratory
I've been experiencing sharp chest pain and wheezing and I'm worried.,chronic obstructive pulmonary disease (copd),Respiratory
"For the past few days I've had diminished hearing, throat redness, sore throat, swollen or red tonsils and throat feels tight. It began this morning.",tonsillitis,Respiratory
"I came in because of fever, headache, coryza, congestion in chest, coughing up sputum and wheezing.",acute bronchitis,Respiratory
"Lately I keep having upper abdominal pain, side pain, lower body pain and regurgitation.1. It started two days ago.",gallstone,Gastrointestinal
"I came in because of burning abdominal pain, chills, rectal bleeding, decreased appetite, fluid retention, vomiting and fever. It started two days ago.",noninfectious gastroenteritis,Febrile/Systemic
"Patient reports eye moves abnormally, irregular appearing scalp, diminished vision, lack of growth, cross-eyed and symptoms of eye. It started two days ago.",eye alignment disorder,Musculoskeletal/Other
"My main problems are fever, abnormal appearing skin, bleeding or discharge from nipple and skin growth. It began this morning.",breast infection (mastitis),Musculoskeletal/Other
"The symptoms are lacrimation, spots or clouds in vision, eye redness, diminished vision, eye burns or stings, pain in eye, swollen eye and white discharge from eye. This has lasted about a week.",blepharitis,Musculoskeletal/Other
"I've been experiencing sharp abdominal pain, chills, shortness of breath, decreased appetite, suprapubic pain, fever, feeling ill and weakness and I'm worried. It comes and goes.",sepsis,Febrile/Systemic
"Lately I keep having foot or toe swelling, leg stiffness or tightness, skin lesion, lymphedema, skin rash and headache.",vasculitis,Musculoskeletal/Other
"I came in because of pain during pregnancy, nausea, cough and ache all over. It comes and goes.",meningitis,Febrile/Systemic
"The symptoms are headache, frontal headache, facial pain, sinus congestion and sore throat.",chronic sinusitis,Respiratory
"I feel unwell, with ear pain, hoarse voice, cough, nasal congestion and difficulty speaking.",laryngitis,Respiratory
"My main problems are focal weakness, headache and seizures. It started two days ago.",intracerebral hemorrhage,Musculoskeletal/Other
"For the past few days I've had difficulty in swallowing, abnormal breathing sounds, sweating, fatigue, weight gain and shortness of breath. This has lasted about a week.",obstructive sleep apnea (osa),Respiratory
"I came in because of chest tightness, difficulty in swallowing, cough, sharp abdominal pain, vomiting, sharp chest pain, upper abdominal pain and sore throat.",esophagitis,Gastrointestinal
"Complaining of skin rash, skin moles, itching of skin, warts, skin lesion, irregular appearing scalp, skin growth and skin dryness, peeling, scaliness, or roughness. It comes and goes.",skin pigmentation disorder,Dermatological
"The symptoms are chills, fever, burning abdominal pain, diarrhea, nausea, rectal bleeding and fluid retention. It started two days ago.",noninfectious gastroenteritis,Febrile/Systemic
"The symptoms are upper abdominal pain, nausea, difficulty in swallowing, sharp abdominal pain, heartburn, sharp chest pain, burning abdominal pain and dizziness.",hiatal hernia,Gastrointestinal
"I came in because of retention of urine, symptoms of bladder, back pain, involuntary urination and sharp abdominal pain. It got worse overnight.",cystitis,Musculoskeletal/Other
"I have skin irritation, skin lesion, skin dryness, peeling, scaliness, or roughness and skin swelling. This has lasted about a week.",actinic keratosis,Dermatological
"I have irritable infant, vomiting, hurts to breath, shortness of breath, wheezing, nasal congestion, pulling at ears and fever. It began this morning.",acute bronchiolitis,Respiratory
"Complaining of chills, pain in eye, flu-like syndrome, nausea, fluid retention and fever. It comes and goes.",infectious gastroenteritis,Febrile/Systemic
"I feel unwell, with pain in testicles, groin mass, groin pain, swelling of scrotum, symptoms of the scrotum and testes, swollen abdomen and delusions or hallucinations. It began this morning.",inguinal hernia,Gastrointestinal
"I came in because of ear pain, coughing up sputum, sinus congestion, frontal headache, cough, fever and coryza.",acute sinusitis,Respiratory
"Since yesterday I've noticed lower abdominal pain, eye redness, sore throat, fever, nasal congestion, pain in eye and lacrimation.",conjunctivitis,Musculoskeletal/Other
"Complaining of nasal congestion, abnormal breathing sounds, apnea, difficulty breathing, facial pain and palpitations. This has lasted about a week.",deviated nasal septum,Respiratory
Lately I keep having shortness of breath and suprapubic pain.,sepsis,Febrile/Systemic
"Since yesterday I've noticed skin rash, skin swelling, abnormal appearing skin, fluid retention, itching of skin and peripheral edema.",allergy,Musculoskeletal/Other
"I came in because of headache, chills, nausea, rectal bleeding, sharp abdominal pain and decreased appetite. It started two days ago.",noninfectious gastroenteritis,Febrile/Systemic
"For the past few days I've had ache all over, cough and neck pain. It began this morning.",meningitis,Febrile/Systemic
"Complaining of difficulty breathing, decreased appetite, vomiting, shortness of breath, feeling ill and fever. This has lasted about a week.",sepsis,Febrile/Systemic
"My main problems are blood in stool, rectal bleeding, vomiting, decreased appetite, nausea, sharp abdominal pain and chills. It got worse overnight.",noninfectious gastroenteritis,Febrile/Systemic
"My main problems are coryza, sharp chest pain, wheezing, fever and nasal congestion. It comes and goes.",acute bronchitis,Respiratory
"Complaining of fluid retention, nausea, decreased appetite, headache and vomiting.",noninfectious gastroenteritis,Febrile/Systemic
"I came in because of depressive or psychotic symptoms, anxiety and nervousness, abusing alcohol, problems with movement, chills and depression.",alcohol intoxication,Musculoskeletal/Other
"The symptoms are symptoms of the kidneys, burning abdominal pain, nausea, vomiting, lower body pain, sharp chest pain and back pain. It got worse overnight.",cholecystitis,Gastrointestinal
"Patient reports cough, sore throat, feeling ill and skin rash.",mononucleosis,Febrile/Systemic
"Since yesterday I've noticed blood in stool, flu-like syndrome, nausea, chills and fluid retention. It started two days ago.",infectious gastroenteritis,Febrile/Systemic
"I've been experiencing ear pain, allergic reaction, sore throat and nasal congestion and I'm worried. It comes and goes.",seasonal allergies (hay fever),Febrile/Systemic
"I have hand or finger pain, sweating, arm pain, back pain and loss of sensation. It started two days ago.",complex regional pain syndrome,Musculoskeletal/Other
"I have abnormal appearing skin, skin moles, skin swelling, itching of skin, skin lesion, skin growth and skin dryness, peeling, scaliness, or roughness. It comes and goes.",skin disorder,Dermatological
"Patient reports pain during pregnancy, spotting or bleeding during pregnancy, cramps and spasms and problems during pregnancy. This has lasted about a week.",vaginal cyst,Musculoskeletal/Other
"Patient reports acne or pimples, abnormal appearing skin, skin lesion, skin dryness, peeling, scaliness, or roughness, allergic reaction, itching of skin and skin swelling. It got worse overnight.",contact dermatitis,Dermatological
"My main problems are palpitations, increased heart rate, chest tightness, sharp chest pain, throat feels tight and shortness of breath.",chronic rheumatic fever,Febrile/Systemic
"I've been experiencing nasal congestion, fever, sore throat, coryza, wheezing, chills, flu-like syndrome and ear pain and I'm worried. It comes and goes.",common cold,Respiratory
"I feel unwell, with joint pain, skin dryness, peeling, scaliness, or roughness, itchy scalp, skin rash and skin growth.",psoriasis,Dermatological
"My main problems are ear pain, lacrimation, cough and sneezing.",seasonal allergies (hay fever),Febrile/Systemic
"I came in because of coryza, difficulty breathing, pulling at ears, nasal congestion, hurts to breath, decreased appetite and cough. It comes and goes.",acute bronchiolitis,Respiratory
"For the past few days I've had bones are painful, leg pain, difficulty speaking and muscle stiffness or tightness. It started two days ago.",bone disorder,Musculoskeletal/Other
"I have sleepiness, difficulty breathing, sweating, weight gain and insomnia. It started two days ago.",obstructive sleep apnea (osa),Respiratory
"The symptoms are diarrhea, side pain, sharp chest pain, upper abdominal pain, lower body pain, burning abdominal pain and hemoptysis. It started two days ago.",acute pancreatitis,Gastrointestinal
"Lately I keep having headache, fever, cough and flu-like syndrome.",common cold,Respiratory
"The symptoms are lower body pain, changes in stool appearance, rectal bleeding and blood in stool.",hemorrhoids,Gastrointestinal
"My main problems are fever, sharp chest pain and sore throat. It began this morning.",acute bronchospasm,Respiratory
"I came in because of pain during pregnancy, lower abdominal pain, palpitations, pain during intercourse, sharp abdominal pain, suprapubic pain, vaginal redness and vaginal pain.",vaginitis,Musculoskeletal/Other
"Complaining of flu-like syndrome, headache, vomiting, nausea, foot or toe pain, fever and chills. It began this morning.",infectious gastroenteritis,Febrile/Systemic
"I've been experiencing headache, blood in stool, chills, burning abdominal pain, flu-like syndrome, fever, sharp abdominal pain and lymphedema and I'm worried. It got worse overnight.",infectious gastroenteritis,Febrile/Systemic
"Since yesterday I've noticed sharp abdominal pain, diarrhea, melena, rectal bleeding and vomiting blood. It started two days ago.",gastrointestinal hemorrhage,Gastrointestinal
"I feel unwell, with coryza, difficulty breathing, shortness of breath, cough, fever and headache.",acute bronchitis,Respiratory
"Complaining of skin growth, irregular appearing scalp, skin lesion, warts, skin dryness, peeling, scaliness, or roughness, skin swelling and acne or pimples. It started two days ago.",skin pigmentation disorder,Dermatological
"For the past few days I've had fever, decreased appetite, vomiting, chills and diarrhea. It got worse overnight.",noninfectious gastroenteritis,Febrile/Systemic
"Complaining of symptoms of eye, pain in eye, peripheral edema and swollen eye. It comes and goes.",orbital cellulitis,Dermatological
"The symptoms are hurts to breath, weakness, rib pain, cough, shortness of breath and sharp chest pain.",pleural effusion,Respiratory
"I have shortness of breath, cough, pulling at ears, hoarse voice, vomiting, abnormal breathing sounds and coryza.",croup,Respiratory
"Lately I keep having suprapubic pain, involuntary urination, bedwetting, hesitancy and retention of urine. It got worse overnight.",bladder obstruction,Musculoskeletal/Other
"Patient reports intermenstrual bleeding, pain during pregnancy, sharp abdominal pain, back cramps or spasms, spotting or bleeding during pregnancy, uterine contractions and lower abdominal pain. It began this morning.",uterine atony,Musculoskeletal/Other
"Chief complaint: cramps and spasms, sharp chest pain, sore throat, weakness, shortness of breath and nasal congestion. It comes and goes.",pneumonia,Respiratory
"I have skin rash, cough, itching of skin, irregular appearing scalp, skin lesion and warts.",eczema,Dermatological
"Chief complaint: cough, sore throat, itchiness of eye, nasal congestion, lacrimation, ear pain, coryza and sneezing. It got worse overnight.",seasonal allergies (hay fever),Febrile/Systemic
"Patient reports sneezing, lacrimation, ear pain, nasal congestion, sore throat, headache, loss of sensation, itchiness of eye and cough. It got worse overnight.",seasonal allergies (hay fever),Febrile/Systemic
"I've been experiencing fever, diarrhea, headache and chills and I'm worried.",infectious gastroenteritis,Febrile/Systemic
"Since yesterday I've noticed warts, skin lesion, itching of skin, skin moles, skin rash and irregular appearing scalp.",seborrheic keratosis,Dermatological
"Since yesterday I've noticed headache, sneezing, ear pain, nasal congestion, lacrimation, cough, itchiness of eye and coryza.",seasonal allergies (hay fever),Febrile/Systemic
"I have headache, coryza, sharp chest pain, wheezing, cough, coughing up sputum, fever and nasal congestion.",acute bronchitis,Respiratory
"Patient reports skin lesion, lip swelling, skin moles, skin swelling and skin irritation. This has lasted about a week.",atrophic skin condition,Dermatological
